0,1,-1305.2,3.165,-0.17208,-0.0018784,-7.7501e-05,-0.01493,-0.0068437,-9.7383e-05,-0.018465,-0.0089097,0.0079039,0.01082,0.0079254,0.018955,0.016916,0.00038296
1,1,4248.8,-1.6325,-1.8547,-0.012288,-5.0866e-05,-0.016159,-0.0087501,-0.0013729,-0.031111,-0.02062,0.0070147,-0.010059,0.0061833,0.0082018,0.03379,0.0024675
2,1,-5975,-3.1417,2.9024,0.0076108,2.6728e-05,-0.010868,-0.0045717,0.00037252,-0.012907,-0.010515,0.0035537,0.0043735,0.0044097,0.010615,0.0065052,-0.0012137
3,1,-853.07,0.55022,1.0184,0.0066946,7.4603e-05,0.0014747,-0.00438,0.00079106,0.0025253,-0.021291,0.0091482,-0.018295,-0.0093028,-0.0095721,-0.014591,0.0058047
4,1,-2452.6,-1.5948,1.3131,0.0028645,1.7794e-05,-0.00096718,-9.8897e-05,0.00052827,-0.0058218,-0.021593,0.0065324,-0.051403,-0.018897,-0.014406,-0.0084042,0.00021125
5,1,689.42,1.9181,-1.085,-0.004542,1.1353e-05,-0.0038944,-0.0061744,0.00017842,-0.011758,-0.016684,0.0074135,-0.050886,-0.015646,-0.010925,-0.00069296,-0.0021846
6,1,170.97,-2.6986,-0.30324,-0.0039358,4.2841e-06,-0.0060853,-0.0059698,3.2288e-05,-0.012555,-0.021459,0.0078484,-0.051948,-0.014489,-0.0090284,0.0035344,-0.0079041
7,1,3129.9,-4.4525,-0.79321,-0.00053392,0.00011141,0.0031125,-0.0047411,-0.00046993,0.0013855,-0.020255,0.0079489,-0.029056,-0.0079383,-0.0083464,-0.0069954,-0.0040559
8,1,478.11,-0.85135,-0.60385,-0.0010569,4.3433e-05,0.014046,-1.0987e-06,0.00025748,0.0068898,-0.01251,0.0098411,-0.0038822,-0.0099557,-0.0016767,0.0016031,-0.013736
9,1,-3685.2,-0.45584,0.76168,-0.004254,-0.00010409,0.0017317,-0.0039005,0.00093634,-0.0056205,-0.014616,0.0058951,-0.023363,-0.0062062,0.0018067,0.0032298,-0.0062429
10,1,3704.4,-1.6371,-1.3358,-0.0023518,0.00013427,0.0031827,-0.0052499,-0.00091057,-0.0081244,0.0034693,-0.0093698,-0.013746,-0.0025072,-0.00064893,0.0035616,-0.00069953
11,1,1111.7,-1.2406,-0.29958,0.0029095,5.2005e-05,-0.00063481,-0.0042716,-0.00053743,-0.0072861,-0.011482,0.0026947,-0.00362,-0.0030075,-0.003549,0.006594,-0.0091953
12,1,1843.1,-1.5952,-0.54508,-0.0028186,8.754e-06,-0.00073159,-0.0052918,9.1433e-05,-0.010718,-0.015071,0.0054946,-0.01148,-0.0030749,0.0010015,0.006377,-0.00058585
13,1,-1798.7,2.0121,0.90293,0.0059967,-8.6142e-06,-0.0012076,-0.0038176,0.00080464,-0.0053511,0.0078004,-0.0029598,0.004499,-0.012218,-0.0024282,-0.0086224,0.00087654
14,1,-4142.4,-1.9383,1.4742,0.0034324,3.5835e-05,0.0030075,0.0046945,0.0001387,0.0032869,0.02279,0.012749,0.0083884,-0.0043335,-0.00093801,5.3287e-05,0.0011458
15,1,9547.1,0.069016,-3.4308,-0.0090233,-2.5135e-05,-0.0097858,-0.0069729,-0.0013584,0.0052332,0.0010796,-0.011018,-0.019516,-0.0091038,-0.0074128,-0.0088904,-0.031767
16,1,2304.4,-2.1165,-0.6181,0.0049492,8.0552e-05,-0.015055,-0.0062254,-0.00054294,0.027017,-0.0017433,-0.01091,0.0042955,0.00060439,0.0084378,0.0099767,-0.0072946
17,1,1070.8,-3.0179,0.24384,0.0024367,-1.5568e-06,-0.013238,-0.006272,-0.00086024,0.0059938,-0.0058901,-0.010472,-0.0267,-0.0099192,-0.014749,-0.0080152,-0.044379
18,1,-4781.8,2.185,1.4753,0.0051532,-7.9094e-05,-0.0075864,-0.0045827,0.00094954,0.011585,-0.0043742,-0.0024561,-0.027378,-0.011986,-0.01639,-0.0065404,-0.043035
19,1,2762.4,1.0111,-0.58157,-0.0046536,-8.7436e-05,-0.0055063,-0.003513,0.00022533,0.028033,0.0035472,-0.010762,-0.00408,-0.0048631,-0.0062037,0.0080878,0.0035439
20,1,-3025.7,0.56458,0.77613,0.0032323,-4.738e-06,0.011597,-3.2263e-05,0.0009232,0.0081068,0.00023006,-0.011121,-0.009234,0.0033913,0.0068863,0.0029106,-0.0042348
21,1,15332,1.8032,-5.294,-0.013766,-4.9733e-05,0.0096193,-0.0023183,-0.0010797,-0.0054562,-0.0067222,-0.0063066,-0.0046508,0.001838,-0.00088455,0.0045286,-0.016429
22,1,2160.1,-3.3078,0.51578,0.008174,7.1853e-05,-0.016343,-0.0055475,-0.00052057,0.025557,-0.0074079,-0.015097,0.0071142,0.018005,-0.012072,-0.018858,0.0072718
23,1,39.207,-1.3322,0.29147,0.0043126,7.7766e-05,-0.015945,-0.0043309,-0.00065967,0.043707,-0.0055312,-0.017118,0.005782,0.0068437,0.0029087,0.031298,0.0061929
24,1,-2405.7,-1.3612,0.66254,0.0061385,4.233e-05,-0.019205,-0.0048402,-0.00011515,0.040754,-0.0016382,-0.012471,-0.0021713,0.007217,-0.0024069,0.032272,0.0014841
25,1,7890.6,0.51504,-2.7439,0.00097702,9.4997e-05,0.0044196,-0.0066658,-0.0006144,-0.010165,-0.0026092,-0.0050772,-0.015108,-0.0021835,0.0055577,-0.0020558,0.011302
26,1,-5807.4,0.22784,1.9724,0.0047128,1.8265e-05,0.0038741,-0.0025767,0.00060367,-0.010129,0.0054397,-0.011739,-2.1028e-07,0.0031037,-0.00049438,0.0024765,0.0014576
27,1,-1049.9,-5.8098,0.29015,0.0012509,7.8623e-05,0.0047671,-0.0043686,-0.00052279,-0.0066861,0.00078101,-0.0043277,-0.0051951,-0.0052534,0.001819,-0.010369,0.0053419
28,1,-7208.1,1.6327,2.6155,0.0029863,-9.6011e-05,-0.010455,-0.0051884,0.00087898,-0.012727,-0.012445,0.0057202,-0.0097687,0.0022005,-0.0032613,0.01036,-0.0077932
29,1,-2344.3,2.0577,0.91358,0.0036774,-6.8927e-05,-0.015636,-0.0068384,0.00068195,-0.029234,-0.018473,0.0075066,-0.002751,0.013316,0.011422,0.035496,-0.0086361
30,1,-3969.2,-1.7624,1.5136,0.0032193,3.4877e-05,-0.0036535,-0.0068791,0.00062798,-0.012699,-0.004772,-0.003233,-0.032816,-0.0090686,-0.0083075,-0.0035469,0.01552
31,1,-5879.6,1.5198,1.7824,-0.00031692,-0.00012548,-0.015529,-0.0059519,0.0011179,-0.023364,-0.017741,0.0077797,-0.039006,-0.0049366,-0.0029626,0.022636,-0.0029553
32,1,-7564.4,3.2738,1.0939,0.00086289,-8.6822e-05,-0.013383,-0.0060971,0.00072374,-0.022621,-0.012643,0.005025,-0.00049072,0.0059098,0.0097597,0.028101,-0.015749
33,1,2388.6,0.47309,-1.3246,-0.0043772,4.2288e-05,0.009157,-0.0036002,-0.00025729,-0.0030539,0.014441,-0.013573,-0.010526,0.0081238,0.0012654,-0.0039529,0.005164
34,1,-2498.6,0.80859,0.52181,0.0017492,1.0968e-06,-0.01225,-0.0038061,-9.2693e-05,0.026035,0.0053675,-0.013899,-0.010269,-0.001531,-0.0055378,0.0085389,0.00024983
35,1,-131.73,-2.0451,-0.49107,-0.0004008,0.00011818,-0.0039882,-0.0057787,-0.0006941,-0.0086894,-0.0042934,-0.0030881,-0.0064744,0.0043608,-0.012309,-0.013287,-0.0067501
36,1,704.87,4.4719,-0.54925,0.00070958,-1.3084e-05,-0.0047847,-0.004373,0.00046949,-0.0091984,-0.01202,0.00034117,-0.026218,-0.0068747,-0.014727,-0.0065416,-0.014224
37,1,7399.4,1.5174,-2.7094,-0.0064059,8.7721e-06,-0.00013028,0.0031607,-0.00074082,-0.0089187,0.0052245,-0.0029278,-0.0072832,-0.010607,0.0050799,-0.0046911,0.011196
38,1,-1003.8,0.40827,0.56069,0.0017174,-9.6119e-05,0.0055193,-0.0055388,0.0017507,-0.0095964,-0.013122,-0.0030011,-0.0092165,0.0012613,0.010342,0.0073889,-0.0019431
39,1,1008.7,0.083811,-0.31411,0.0012627,8.3532e-05,0.019905,-0.0031803,0.00087766,-0.00050017,0.0033522,-0.018751,-0.0057863,0.016604,0.0098818,0.00044794,-0.017517
40,1,-5890.9,-0.34763,1.9326,0.0059409,2.6704e-05,0.0054232,-0.0037017,0.0010343,-0.0065428,0.0017627,-0.0081065,-0.0076413,0.0083031,0.009223,0.0074789,-0.0045988
41,1,4699,-2.5814,-1.2299,0.0017645,0.00010937,-0.0020981,-0.0029456,-0.0011573,0.010424,0.0047391,-0.0095452,-0.013481,0.0014842,-0.0061556,-0.0046129,-0.0055248
42,1,2401.1,2.3478,-1.4702,-0.005994,-8.5647e-05,-0.014572,-0.0062488,-0.00042279,0.035244,-0.0020346,-0.016026,0.0051117,-0.0011122,-0.0011328,0.0098564,0.0045924
43,1,5475.5,-0.31153,-0.88676,-0.0016155,-7.4731e-05,-0.012635,-0.0065308,-4.5533e-05,-0.025638,-0.01988,0.0047011,-0.0025619,0.0078713,0.0073138,0.023952,-0.0045173
44,1,-1764.3,-1.1094,0.94908,0.0015413,-6.622e-05,-0.014573,-0.0064798,0.00025362,-0.024286,-0.023072,0.0060489,0.005401,0.011105,0.0080774,0.02379,0.0026477
45,1,7399.8,3.1582,-3.0366,-0.0077605,-3.8207e-05,0.0042781,-0.0030541,0.00012723,0.00080674,-0.017409,0.011217,-0.038876,-0.013089,-0.006681,-0.010763,0.0041611
46,1,-2974.7,-1.6585,1.25,-0.0050497,-8.8174e-05,-0.0032324,-0.0045075,0.00045945,-0.0011207,-0.022251,0.0072068,-0.024962,-0.0050157,-0.0051556,-0.018293,0.0061674
47,1,13982,-0.78908,-4.4019,-0.0017213,7.0647e-05,-0.0061653,-0.0083735,-0.001225,0.002297,-0.015961,0.0057369,-0.0093705,-0.0011049,-0.013715,-0.025605,0.0016015
48,1,-9225.2,-1.8149,3.5693,0.0049537,-4.4599e-05,0.003347,-0.0026316,0.0010352,-0.006302,-0.0053073,-0.0024681,-0.00047741,0.00084477,0.0015483,-0.010667,-0.00067432
49,1,-293.72,-2.4655,0.65731,0.0053747,3.4453e-05,-0.014732,-0.0062221,-0.00065116,-0.017369,-0.012168,0.0022191,0.013642,0.0091278,0.0013826,0.00010464,0.0018989
50,1,-4025.8,-0.056514,1.4797,0.0046212,-3.511e-05,-0.01333,-0.0062246,0.00061158,-0.0073862,-0.01759,0.0044297,0.0069782,0.006505,-0.0060555,-0.0087288,0.00061577
51,1,8464.3,-1.2337,-2.544,-0.002376,5.8601e-06,-0.0099581,-0.0073836,-0.00052856,-0.01878,-0.017698,0.0070282,-0.043848,-0.012386,-0.011531,0.0083268,-0.0039591
52,1,44.545,1.0303,0.27413,0.00085042,-9.942e-05,-0.012118,-0.0084775,0.00048185,-0.024122,-0.019876,0.0075829,-0.021785,0.00069521,0.0018789,0.028684,-0.0089791
53,1,4957.1,-0.73053,-1.6496,-0.0054453,-2.9688e-05,-0.0079704,-0.0086364,-0.00087142,-0.023304,-0.0067742,-0.00044472,0.0024357,0.00092185,0.0050891,0.018891,0.01092
54,1,-1874.3,1.5441,0.77536,0.0060421,-3.6483e-06,-0.004577,-0.0051665,0.0011423,-0.012982,-0.0094212,0.0066481,-0.044023,-0.015679,-0.017417,-0.00513,0.010296
55,1,2801.7,0.92238,-1.0808,-5.9331e-06,-3.6068e-05,-0.014577,-0.0054138,-0.00022312,-0.017308,-0.020601,0.0050883,0.0098204,0.013221,-0.0033286,0.0049848,-0.0017494
56,1,1241.8,-0.93798,-0.13097,-0.0035945,-4.3838e-05,-0.019349,-0.0053194,-0.0005512,-0.023577,-0.025499,0.0060822,0.011757,0.021615,-0.0017772,0.0042606,-0.0042204
57,1,-3241.3,-1.1581,1.1911,-0.0020955,-3.4183e-05,-0.016006,-0.0030964,-0.00059357,0.028857,-0.0043402,-0.013319,-4.0092e-06,0.00098569,-0.00014986,0.020088,-0.0023202
58,1,-4023.4,2.1402,0.67167,-0.0014949,-6.5461e-05,-0.0084137,-0.0036292,0.00030537,0.021504,-0.0040762,-0.0077422,-0.011897,-0.009826,-0.0082238,-0.0028232,-0.029074
59,1,2458.3,3.2106,-1.2495,-0.0067797,-9.8079e-05,0.0059425,-0.0036167,0.0003966,-0.0066729,-0.0026177,-0.0008859,-0.0064281,-0.00097097,0.0049023,-0.0015339,0.0015315
60,1,-1483.3,-1.7094,1.0742,0.0042493,-4.2371e-05,-0.0095644,-0.0053949,8.1709e-05,0.01209,-0.0040012,-0.0068744,-0.0059141,-0.007442,0.0035173,0.010925,-0.025317
61,1,-156.81,0.908,-0.18543,0.0024378,4.918e-05,-0.017061,-0.0017513,-0.00054375,0.031681,-0.0052184,-0.012,-0.0014107,0.0035307,-0.001268,0.020601,-0.0060558
62,1,-1134,-2.379,-0.29692,0.0010406,7.49e-05,-0.01707,-0.0038,-0.0012167,0.023592,0.0015635,0.0044169,0.014154,0.00059207,0.020881,0.00074219,0.0043228
63,1,446.6,0.54294,0.24308,-0.0024441,-6.5412e-05,-0.018945,-0.0042067,-0.00035839,0.029491,-0.0045926,-0.0058501,0.015701,0.001698,0.018343,0.024728,0.002591
64,1,5851,1.5587,-2.1638,-0.0061326,-5.51e-05,0.0034546,-0.0038331,-7.0041e-05,0.0014289,0.010351,-0.0054228,-0.022196,0.0018512,-0.008866,-0.0055721,-0.021146
65,1,-4339,-0.54925,1.6657,0.009389,8.6623e-05,-0.020084,0.027287,-0.0011782,-0.012643,-0.0073375,-0.019181,0.00027636,0.0049071,0.00065247,0.0072637,-0.0074641
66,1,-1068.4,3.9921,-0.33009,-0.0035699,-3.327e-05,-0.025496,0.02082,-0.0016222,-0.0026225,-0.012822,-0.023799,0.0044519,0.011424,-0.0086641,-0.0060161,-0.0047731
67,1,8951.5,-0.96079,-2.0589,-0.0038157,-9.4814e-05,-0.0068992,-0.00051847,-0.00073074,0.0088487,0.0097246,-0.013857,-0.026387,-0.0033875,-0.015169,-0.014903,-0.0387
68,1,-7159.5,-0.62662,2.2011,0.0041015,-2.7776e-05,-0.0046522,-0.0041922,0.0011024,0.0059315,-0.020375,0.0069959,-0.018674,-0.003997,-0.013208,-0.014188,0.0016326
69,1,-6876.2,2.3334,2.2319,0.0062189,-3.9642e-05,-0.0048695,-0.0031982,0.0015407,-0.0025709,-0.014316,0.007867,-0.027241,-0.0126,-0.0072633,-0.011118,-0.00032561
70,2,764.06,-0.4661,1.1244,0.0050891,-4.1246e-06,0.0046424,0.017328,0.00017918,0.0046881,-0.01251,0.0053403,-0.0013789,-0.011354,-0.0026163,0.0014687,0.006623
71,2,2224.3,-1.9012,-0.4602,0.00072407,0.00012682,-0.0019879,0.020653,-0.0018129,-0.00071995,-0.010456,-0.0048086,0.0033636,-0.01533,0.013611,-0.005839,0.001376
72,2,-277.92,0.95815,-0.10248,-0.0037124,-5.2795e-05,0.0054891,0.015779,-8.2231e-05,0.004323,-0.009818,0.0035925,0.0037088,-0.0075448,-0.0031459,0.0039242,0.0070641
73,2,-298.24,-1.7085,0.32879,0.001261,2.1717e-06,0.0029107,0.018909,-0.00041174,0.0039243,-0.0059407,0.012563,-0.001838,0.0025315,-0.0095469,0.00015424,0.0033278
74,2,-1195.8,-1.6736,1.5249,0.0022473,2.4292e-05,-0.00044018,0.019765,-0.00063443,0.00063639,-0.012529,-0.00068424,-0.0091287,-0.0096284,-0.0073754,0.0024613,0.0028813
75,2,946.8,-2.4005,0.066219,0.00089602,1.0396e-05,-0.012822,-0.0077443,-0.00053675,-0.035142,-0.021338,0.0095939,0.0054445,0.016816,0.019915,0.044669,-0.0033933
76,2,1012.1,1.2193,-0.52643,-0.00070391,-1.7024e-05,-0.0050152,-0.0070964,0.00013909,-0.010845,-0.0069336,-0.0018778,-0.02056,-0.0072372,-0.0059307,-0.0011527,0.012999
77,2,-459.07,0.84455,0.029816,0.00052933,-6.732e-05,-0.018007,-0.00768,-0.00016626,-0.027166,-0.020808,0.0070472,0.0069229,0.015839,0.011742,0.029633,-0.0028004
78,2,980.18,0.79775,-0.21928,0.0018971,1.3123e-06,-0.0097754,-0.007614,2.246e-05,-0.02094,-0.0041974,0.0017794,-0.004917,-0.0020771,0.0014625,0.020508,0.0067083
79,2,-797.68,0.24252,0.24489,-0.0052798,-0.00013369,-0.012333,-0.006132,0.00015156,-0.022542,-0.010573,0.0062166,-0.00019047,0.0070172,0.0075622,0.02681,-0.00095882
80,2,3587.8,0.5124,-0.8875,0.0044669,3.1733e-05,-0.0022167,-3.9958e-05,-0.00027031,0.019151,-0.018051,0.00086793,-0.0078677,-0.0026226,-0.011647,0.0076465,-0.007212
81,2,-2689.5,0.80335,0.7771,0.0032305,-5.6686e-05,-0.012244,-0.0064295,0.00062961,-0.017572,-0.0053284,-0.00010914,-0.01725,-0.0031095,-0.0024311,0.0045803,0.010113
82,2,3755.6,2.0123,-1.099,0.0026704,2.9003e-05,-0.013898,-0.0078684,-0.00072462,-0.0041764,-0.018764,0.001456,0.024179,0.018854,-0.0086311,-0.053646,0.012547
83,2,-4427.5,2.2074,1.1542,0.0026841,6.3294e-05,-0.012536,-0.0071276,-0.00032354,-0.0048634,-0.0070352,0.0011651,0.015617,0.011602,-0.004662,-0.044026,0.014595
84,2,-4773.8,-0.27338,1.3117,0.0081635,9.1444e-05,-0.018196,-0.0039839,-0.0011034,-0.012708,-0.022937,-0.0017798,0.032451,0.025054,-0.019328,-0.049337,0.013364
85,2,2181.8,-0.93423,-1.044,-0.0059254,-2.8347e-06,-0.015522,-0.0078667,-0.001166,-0.0079224,-0.018134,0.0014532,0.021708,0.019675,-0.013519,-0.034946,0.0076844
86,2,-3496.3,-2.8547,1.8659,-0.0025743,-9.0058e-05,-0.01499,-0.0060064,-0.00034338,-0.0054036,-0.020832,-0.0029813,0.020066,0.021332,-0.01264,-0.048553,0.018197
87,2,3254.4,-1.7766,-1.4463,-0.0047078,8.5375e-05,-0.0094945,-0.0073213,-0.0018204,-0.0094243,-0.014145,0.0042885,0.021798,0.013915,-0.010672,-0.050299,0.013968
88,2,-1153.3,-1.2407,0.85955,0.0011719,3.6515e-05,-0.012671,-0.0054469,-0.00041776,-0.0075789,-0.013127,0.005132,0.024021,0.01448,-0.0088012,-0.047399,0.0071421
89,2,2614.3,0.50881,-0.81188,0.0018093,-1.5195e-05,-0.016325,-0.0081853,-0.00022852,-0.021363,-0.012067,0.012626,0.010331,0.014264,0.017606,0.027793,-0.0044665
90,2,350,0.024119,-0.083547,0.00093429,-6.1632e-05,-0.018759,-0.0070184,-0.00025751,-0.026783,-0.020887,0.0068015,0.015365,0.019861,0.012444,0.018739,-0.0027162
91,2,1208.4,-0.61939,-0.82608,0.0013091,8.0546e-05,-0.020832,-0.004888,-0.0009917,0.047946,-0.01067,-0.021382,0.0063617,0.010777,-0.0054302,0.039261,0.0060206
92,2,715.44,0.91347,-0.17761,0.0011959,5.0532e-05,0.0064141,-0.0031268,-2.0147e-05,-0.0070742,0.017398,-0.0063697,0.0097657,-0.0048683,-0.0099372,-0.00047417,-0.0018218
93,2,-149.56,-0.091172,0.37577,-0.0013356,-1.4587e-05,0.012598,-0.0011394,0.00039399,-0.0027144,0.01532,-0.011442,0.012241,0.0098077,-0.0032755,0.0061714,-0.026518
94,2,2244.8,0.86886,-0.66983,-0.003576,-3.153e-05,0.010463,-0.0015522,0.0002122,-0.0087617,0.013224,-0.009764,0.013408,0.0048705,-0.0020594,0.0099462,-0.031507
95,2,-341.96,2.0191,-0.39949,0.0012306,4.8476e-05,0.0035757,-0.0032744,-0.00010927,-0.010689,0.012689,-0.0016795,0.011097,0.00072751,-0.0012793,-0.0057965,-0.023179
96,2,-1303.3,0.96559,-0.51491,-0.0038557,-3.2846e-05,0.0079245,9.8065e-05,-2.3689e-05,-0.004337,0.015145,-0.01227,0.0043571,-0.001185,0.00038545,0.0051272,-0.011772
97,2,-3336.7,3.1488,0.454,0.0023061,-1.1014e-05,0.01088,-0.0014189,0.0010524,-0.0042012,0.021388,-0.013105,0.011214,0.0026643,-0.014686,0.0009717,-0.014025
98,2,-6008.8,-2.603,1.5248,0.0054603,0.00010494,0.0062371,-0.0018225,-0.00012198,-0.0047098,0.015717,0.0031912,0.0099369,0.0028507,-0.0027152,-0.001494,-0.018302
99,2,-2463.1,-0.49842,1.0397,0.0041556,4.3755e-05,0.0072517,-0.0030481,0.00011476,-0.0065007,0.022407,-0.010089,0.0071984,0.0075824,-0.0092156,0.00031823,-0.016881
100,2,3390.4,-1.1101,-0.76149,0.0027843,3.4265e-05,-0.0013913,0.0080972,-0.0006203,-0.0050726,0.009415,-0.0094488,0.011839,-0.0090879,0.0026186,0.00035252,-0.013442
101,2,-3886.3,-0.34267,0.22439,-0.0029078,2.6447e-05,0.00039365,-0.00075412,-0.00024652,-0.001847,0.023481,0.0085067,0.012408,-0.00043924,-0.013824,0.0084084,-0.0036498
102,2,-982.17,-0.46307,-0.4524,-0.0050257,-4.1293e-05,0.023219,-0.00021946,0.00052678,-0.0014397,-0.027678,0.015698,0.036249,-0.020588,-0.041456,0.0065232,-0.017533
103,2,-1153.7,0.018267,0.079076,0.0002658,4.4459e-05,0.0043233,-0.0035237,-8.2929e-05,-0.0084834,0.013972,-0.0052641,0.014483,-0.0041033,-0.0025596,0.0057776,-0.021206
104,2,-7324.9,-1.6633,2.846,0.011418,8.0322e-05,0.00055289,-0.00089174,0.00080024,-0.0055844,0.013683,0.0023715,0.017804,-0.0030697,0.010961,0.0072329,-0.02061
105,2,-469.22,-2.1086,0.56145,0.0050542,0.00013192,0.0045819,0.0012831,-0.00061119,-0.0010637,0.018553,0.0059237,0.0016784,0.0054735,-0.0078894,0.0016971,-0.0095148
106,2,-463.78,-0.024655,-0.17408,-0.0032994,2.5453e-05,0.010155,-0.0027841,-0.0002742,-0.0051215,0.0094943,-0.0054624,0.017426,-0.0057331,-0.012425,0.0027463,-0.027527
107,2,4159.7,0.84104,-1.589,-0.0030714,-4.2964e-06,0.0064002,-0.005354,-0.00042138,-0.009265,0.018126,-0.0068403,0.019929,-0.0052124,-0.0055215,0.0095344,-0.012944
108,2,1921.3,-1.3372,-0.57888,0.0024271,7.8943e-05,0.0087781,-0.0023105,-0.00039797,-0.0046244,0.018339,-0.0087121,0.011684,0.0031203,-0.011837,0.0052739,-0.017661
109,2,4345.1,1.4472,-1.5217,-0.0024743,-0.00011096,0.0036375,-0.00028206,0.00050954,-0.00053073,0.020711,0.0045307,0.0047271,0.012656,-0.0022032,0.0092159,-0.014438
110,2,6699.3,2.3155,-1.9508,-0.0056096,-0.00010942,0.0015324,-0.0051005,6.1478e-05,-0.0087584,0.01285,-0.0046524,0.017441,-0.003452,0.0030095,0.0076573,-0.013995
111,2,5717.8,-2.7603,-0.91768,0.00034258,1.3667e-07,0.021551,-0.0012553,0.00064609,0.0010449,0.0046885,-0.012694,0.010524,0.015759,-0.00076664,0.0061793,-0.021804
112,2,-2887.4,-1.0535,1.1919,0.00097504,-2.8192e-05,0.0056053,-0.002629,0.00024466,-0.0065288,0.016991,-0.0082796,0.019346,-0.0078841,-0.022072,-0.0031852,0.0024149
113,2,3523.1,-0.058639,-0.67161,-0.00040622,-5.7792e-05,0.020649,-0.0017831,0.00076283,0.0043442,-0.019839,0.01706,0.032811,-0.03093,-0.017646,-0.010452,-0.01825
114,2,5211.6,1.7988,-1.6629,0.0034435,7.3819e-05,0.026823,-0.0012226,0.0007131,0.0066046,-0.028302,0.015325,0.033768,-0.01906,-0.037653,0.0052388,-0.016486
115,2,-1790.1,1.6077,0.49711,-0.0062921,-7.5007e-05,0.024404,0.0017641,0.00084374,0.0055691,-0.025011,0.019964,0.029304,-0.018041,-0.039896,0.0043463,-0.0085378
116,2,5641.3,1.1242,-2.2644,-0.0072102,-3.2662e-05,0.019784,0.0015703,-0.00017932,0.0068047,-0.016558,0.0092767,0.014928,-0.013615,-0.020537,-0.0034034,-0.009001
117,2,922.76,-0.83814,-0.53251,0.0016738,6.5811e-05,0.0013024,0.0036149,-0.0011774,0.00066208,0.0018676,-0.0057715,0.005041,-0.0034702,-0.0046102,-0.0096915,-0.0076527
118,2,3172.4,-1.9027,-0.78023,-0.0034249,-5.6633e-05,-0.0059124,-0.0031565,-0.00057822,0.011658,-0.0060179,-0.0075908,-1.0454e-06,-0.0090827,-0.00028604,-0.0045431,-0.0094712
119,2,-2482.5,1.946,1.2628,0.0020076,-8.2766e-05,-0.014881,-0.0030384,0.00066004,0.03352,-0.0019462,-0.0012848,0.0040547,0.011927,-0.0048525,-0.00072694,0.0063195
120,2,-864.9,-1.7514,1.3698,0.013216,8.9095e-05,-0.0090125,-0.0043652,5.2688e-05,0.014175,-0.0094006,0.003565,0.018136,0.0074561,-0.011281,-0.033998,0.0042455
121,2,4405,3.6482,-2.1743,-0.0069358,1.541e-06,-0.017254,-0.0062133,-0.00098621,0.016047,-0.015338,-0.0014388,0.019424,0.016159,-0.0031386,-0.037696,0.013074
122,2,3598.3,2.7685,-2.24,0.00025916,5.255e-05,-0.00061035,-0.0049492,-0.00044585,-0.0055688,-0.0061022,0.015096,0.008292,-0.0064638,0.014645,0.014744,-0.0044618
123,2,-3064.3,-3.0779,0.82659,-0.00040472,3.9754e-05,-0.016199,-0.0026197,-0.0010221,0.010962,-0.028451,-0.0036125,0.02073,0.025002,-0.02379,-0.039657,0.013131
124,2,9137.8,0.69869,-3.0687,-0.011349,2.9027e-05,0.0024951,0.0021846,-0.0014476,0.0083454,0.0070352,0.028558,-0.00023181,0.0028917,-0.0017445,-0.0028563,0.0034615
125,2,-3045.8,-2.8088,2.2634,0.0084483,5.3465e-05,0.00029207,0.0074756,0.00042471,0.0072664,0.013352,0.034601,-0.0040814,0.0054076,0.0031592,-0.0055804,-0.0027772
126,2,-6281.4,0.88568,2.0441,0.007759,3.4795e-05,0.020456,-0.0007714,0.0014784,0.003851,-0.024529,0.010812,0.024716,-0.0061748,-0.024303,0.0017869,-0.0087426
127,2,7455.6,-2.1886,-2.4559,-0.003032,7.1048e-05,0.026647,-0.0012321,-0.00059967,0.0046339,-0.02619,0.016885,0.033284,-0.021053,-0.034683,0.0025235,-0.022411
128,2,2642.5,-1.6141,-0.13767,-0.0025869,-2.5618e-05,-0.019102,-0.0051342,-0.00063506,0.042036,-0.0041601,-0.017459,0.0081386,0.0075153,-0.0036819,0.027816,0.0094351
129,2,-2278.1,1.2742,0.76623,0.0029265,-1.4124e-05,-0.015087,-0.0052914,4.0802e-06,0.042041,0.00071088,-0.018624,0.0012233,0.00020452,-0.0048012,0.028169,0.0065814
130,2,2679,0.95401,-0.9567,-0.00061302,-2.6308e-06,-0.019887,-0.0058146,-0.00033716,0.048538,-0.0043516,-0.019845,0.0019647,0.0068856,-0.0059891,0.028836,0.013075
131,2,-1713.7,1.5136,-0.068895,0.0016065,1.0232e-05,0.022269,-0.00083548,0.0012664,0.0015912,-0.032545,0.018246,0.025751,-0.015383,-0.032689,-0.0048011,-0.013505
132,2,-2789.5,0.76355,0.62659,-0.00018559,-3.9842e-05,0.0077219,-0.0023069,0.0012151,-0.0030004,-0.017024,0.0053221,-0.00031644,-4.2736e-05,-0.0047438,0.0032962,-0.014244
133,2,-5019.2,-0.59692,2.2337,0.0044129,-1.1702e-05,0.032417,0.0024271,0.0017876,0.0066437,-0.034171,0.013912,0.030728,-0.020226,-0.029317,0.010306,-0.015519
134,2,-1660,1.202,0.11301,-0.0025095,-7.9244e-05,-0.017083,-0.0054356,4.8527e-05,0.042206,-0.0029758,-0.0078656,0.0031312,0.0059041,-0.0056996,0.023261,0.011808
135,2,1605.7,0.67164,-0.69891,-0.0083253,-3.663e-05,-0.01204,-0.0076038,-0.00076299,-0.0046072,-0.015106,0.0028833,0.0242,0.019726,-0.0092442,-0.042977,0.0034673
136,2,3152.3,-1.1317,-0.8517,-0.001671,2.8716e-05,-0.011478,-0.0069503,-0.0006574,-0.010882,-0.010071,0.0060713,0.019722,0.013384,-0.0063663,-0.029334,0.0024877
137,2,-1993.4,0.40922,0.45798,0.00062368,-5.5254e-05,-0.013013,-0.0043603,0.00021742,0.026526,-0.012773,0.0048964,0.00819,0.015556,-0.02072,-0.016576,0.01432
138,2,-6209.6,-1.36,1.1887,-0.0050091,-1.255e-05,0.00354,0.013646,-0.00064742,0.0083294,-0.011836,0.0040666,-0.0046608,-0.0055467,-0.012279,0.0031938,0.0010706
139,2,4646.8,0.21801,-2.1331,-0.0030371,4.6724e-06,0.014421,0.012465,-1.604e-05,0.0053063,-0.018085,0.0078644,0.003852,-0.0077037,-0.0071209,0.0020956,0.009099
140,3,-4774.2,0.3421,2.5259,0.013333,1.5092e-05,-0.0062055,0.012575,0.00075758,0.0019368,0.0085996,0.0043572,-0.0021258,-0.0022492,-0.0016872,-0.0019987,0.0088492
141,3,3665.9,-1.1363,-0.78087,-0.0014429,3.0285e-05,0.0049576,0.00044159,-0.00025518,0.0058732,0.0074561,0.0037937,-0.0049975,-0.0053775,0.0065816,-0.0045262,0.0063046
142,3,6042.1,-1.0438,-1.6611,-0.0022389,1.4222e-05,-0.014327,0.02622,-0.0021021,-0.0073238,0.0046472,-0.0058162,0.0016364,0.0021837,-0.0016882,-0.0062523,-0.0032741
143,3,-515.65,3.2819,-0.22454,-0.0027455,-8.1858e-06,-0.00079543,0.010275,-0.00057386,0.0035293,-0.00017168,0.0062376,-0.0024313,-0.0054473,0.0020047,-0.0051539,0.0055846
144,3,-5952.5,2.6241,0.90653,-0.0017119,-5.8561e-05,0.024897,0.0055369,0.0018366,0.011379,-0.039941,0.0039742,0.0015631,-0.0048236,0.0080758,0.010068,0.029484
145,3,-394.73,0.61,0.043821,-0.0052626,-4.4254e-05,0.025755,0.00066375,0.0010067,0.0084748,-0.027749,0.0059945,0.017536,-0.0048246,-0.012115,0.00084358,-0.0015424
146,3,4855.9,-1.3451,-0.74581,0.0052322,7.2106e-05,0.032951,-0.00025688,0.0014377,0.0066791,-0.037396,0.0092039,0.0053918,-0.0040629,0.0034577,0.01327,0.023735
147,3,-941.55,-3.4127,1.5919,0.0053581,4.1299e-05,0.013034,0.0066488,0.00082766,0.0076485,-0.014443,0.0031495,-0.003294,-0.001443,0.0084584,0.0038008,0.016828
148,3,438.55,-0.37598,-0.27521,-0.00077497,7.9191e-06,0.0050946,0.0051425,-0.00037801,0.0014245,0.0045642,-0.0051302,-0.01141,-0.001714,0.0072517,-0.010338,0.016991
149,3,6391.5,0.31225,-3.0726,-0.0068342,3.5777e-05,0.0099077,-0.0034227,-0.00094587,-0.0037353,0.01364,-0.01443,-0.029694,0.0068169,0.019332,-0.025388,0.031351
150,3,-5705.3,0.12137,2.4318,0.0070438,6.6348e-05,0.0079199,-0.00033324,0.00049497,-0.0015558,0.015657,-0.017946,-0.030775,0.0048096,0.032794,-0.035601,0.032043
151,3,2716.7,0.51758,-0.79447,-0.00080053,-3.4757e-05,0.0083379,-0.003102,0.00011534,0.0026778,0.012681,-0.014703,-0.022709,0.0018,0.028596,-0.021763,0.028462
152,3,-4268.4,0.83389,0.98051,0.00093599,1.3587e-05,0.0062016,-0.00029868,0.00025116,-7.137e-05,0.014197,-0.012647,-0.024783,6.5156e-05,0.022839,-0.027125,0.025064
153,3,8677.4,-3.3098,-1.7407,0.00034765,0.00010837,-0.0027348,0.021732,-0.0018932,-0.0015964,-0.0099506,-0.0063261,-0.0023115,-0.0099315,0.0013771,0.0062624,0.0058257
154,3,3143.6,3.8411,-1.9391,-0.0075891,-0.0001085,0.0144,0.0011054,0.00051594,0.0072689,-0.011711,0.0075039,-0.0014591,-0.001029,0.0092451,0.0029511,0.0088752
155,3,-786.91,-0.52347,0.033712,-0.0016698,-1.5849e-05,-0.0047329,0.0051917,-0.00068871,0.0099244,0.0038555,-0.0070471,0.00078824,-0.0093437,-0.0018467,-0.0014142,0.010329
156,3,2531.4,-0.54922,-0.62213,6.2907e-05,2.3636e-05,-0.017348,0.03102,-0.0021219,-0.011769,-0.0070522,-0.026194,0.0012799,0.0022585,0.00056294,0.00324,-0.006719
157,3,-735.51,0.44616,0.28595,0.0018526,2.6183e-05,-0.01779,0.031952,-0.0016922,-0.01075,-0.008902,-0.023878,0.0020869,0.0030523,0.0012949,0.00020164,-0.010346
158,3,-409.84,0.69824,0.31203,0.0028095,2.834e-05,-0.0031619,0.007289,-0.00039633,0.0065421,-0.0011112,0.0011974,0.0013539,-0.017937,0.029253,-0.015031,-0.0008529
159,3,177.43,0.026213,-0.029245,-0.00011418,2.7744e-05,-0.013281,0.027375,-0.0017644,-0.0076402,-0.0087836,-0.019107,0.0043589,-0.0056294,0.0094788,-0.0029499,-0.0042564
160,3,-1949.1,0.2745,0.7423,0.00026539,-3.9113e-05,-0.009933,0.0067342,-0.00047041,0.008088,-0.0024964,-0.0035911,0.017446,-0.019871,0.044973,-0.016259,0.0030406
161,3,16.924,0.023717,0.0026988,-0.00046465,1.7288e-05,-0.017952,0.033112,-0.0019159,-0.013086,-0.0078554,-0.024355,0.0036849,0.0027769,-0.00036395,0.00068404,-0.0087687
162,3,-5403,0.00095739,1.3196,0.0047344,2.4112e-05,-0.0049177,-0.0021258,0.00042804,-0.0032226,-0.0038373,-0.0082,-0.0029575,-0.0010968,-0.0088938,-0.0024349,-0.022225
163,3,-236.76,0.11635,-0.066785,-0.0036092,-2.1834e-05,-0.018522,0.031486,-0.0020759,-0.012897,-0.010384,-0.023515,0.0073117,0.0026901,-0.003423,-0.00403,-0.0044378
164,3,1103.4,-0.26557,-0.42512,0.00061174,3.2523e-05,-0.013373,0.029188,-0.0019046,-0.0096789,-0.0075519,-0.020454,0.00092725,-0.0021767,0.0011927,0.0021331,-0.004678
165,3,-6387,0.28489,2.105,0.0071632,0.00013768,0.0010652,0.0081798,-0.00019574,0.0068049,0.013239,0.044069,-0.010637,0.014304,-0.0042815,0.006296,0.0077312
166,3,-414.1,-0.1802,0.67217,0.00097899,8.2327e-06,-0.0019472,0.023147,-0.0004226,0.00050033,-0.0024009,0.011397,-0.012599,0.0055669,-0.0080215,0.0057298,0.0059166
167,3,3042.3,4.324,-2.0323,-0.0091881,-0.00011718,-0.0015173,0.020598,-0.00029426,0.0013168,0.0036992,0.018663,-0.011221,0.010154,-0.0044887,0.0050825,0.0046882
168,3,-1051,-2.4889,1.2183,0.0046821,8.4405e-05,-0.0059192,0.0074935,-0.00037263,0.0069691,0.023026,0.042668,-0.006731,0.01301,-0.0057859,0.0074955,0.0023068
169,3,-5530,-0.50628,1.3423,0.0054434,6.3922e-05,-0.0030057,0.0027635,7.0712e-06,0.0028474,0.031204,0.030192,0.0014064,-0.0046557,0.0093022,0.0013522,0.00025116
170,3,-2804.1,1.1212,0.57488,-0.0033324,-4.5794e-05,0.010097,0.00070605,0.00082258,0.0089169,-0.0039787,0.020916,0.0010484,-0.0041306,0.0030901,-0.0043389,0.005347
171,3,804.45,-1.2056,-0.89114,-0.0046964,-4.4685e-05,0.010811,-0.0021787,0.00065037,0.0034673,-0.016475,0.0086777,-0.02473,-0.013737,-0.0021972,-0.0042237,0.0087623
172,3,324.96,-3.4537,-0.10554,-0.0033238,-1.4918e-06,0.003945,-0.0034903,-0.00040108,-0.0040982,-0.0060886,0.012223,-0.0010491,0.0011098,0.0013837,0.0064372,-0.0081003
173,3,-1550.5,-0.06529,0.41652,-0.00091702,8.7074e-06,0.0041329,-0.00030722,0.00012754,-0.0020754,0.013718,-0.0033411,0.010659,-0.0076777,-0.010912,-0.0022668,-0.0043189
174,3,-5929.1,1.5235,2.0145,-0.0028771,-0.00012374,-0.0032798,0.026239,0.00016272,-0.0057951,-0.014756,-0.0049566,-0.0054594,-0.0030175,0.0026827,0.0084066,0.00438
175,3,1077.6,3.4545,-1.875,-0.010242,-3.7109e-05,0.0046299,0.0066141,-0.0003762,0.0036368,0.0042726,0.0021391,0.003477,0.00039713,0.0008,-0.0054542,-0.0036947
176,3,-2585.5,-1.3321,0.61595,0.0043393,8.8951e-05,0.0050263,0.014401,-0.00073719,0.0017479,-0.0061816,-0.002907,-0.0020173,-0.0082173,-0.0017166,0.0004997,0.00075554
177,3,-6606.7,0.78326,3.1049,0.00096928,-4.1294e-05,0.00021932,0.0095667,0.00079634,0.0055402,0.020626,0.031891,-0.0083367,0.014638,-0.0091265,0.0099608,0.0023514
178,3,-6592.3,0.40388,1.6949,-0.0011592,-6.1012e-05,-0.014668,0.034065,-0.0009674,-0.010952,-0.010434,-0.019059,0.0020914,0.0031259,0.0077338,0.0032873,-0.0083975
179,3,-4107.2,-3.7285,2.7825,0.0070344,3.1441e-05,-0.011771,0.026482,-0.0011584,-0.0095324,-0.0092784,-0.016414,0.0010545,0.0020038,-0.0043348,0.00081862,-0.00021376
180,3,4538.7,1.0078,-1.5596,-0.00073865,1.8344e-05,-0.010862,0.023307,-0.0014744,-0.0081235,-0.010831,-0.011786,0.00041643,0.0022841,-0.00088419,-1.7089e-05,-0.00018368
181,3,-5672.2,-0.43612,1.3734,0.0032317,9.7143e-06,-0.014453,0.031361,-0.0013515,-0.01373,-0.01057,-0.020677,0.0055981,0.00024968,0.0017368,-0.0021794,-0.0069595
182,3,-3651.3,2.5885,0.97009,0.0024901,-5.4587e-05,0.019261,0.008414,0.0017518,0.0076316,-0.036428,0.0068944,-0.0010123,-0.0010418,0.012506,0.0049788,0.038087
183,3,6127.8,0.90899,-2.458,-0.0053151,7.1625e-05,-0.017434,0.033756,-0.0028359,-0.010441,-0.0077597,-0.021314,0.0022004,0.0013372,0.0021244,0.00354,-0.010265
184,3,863.38,0.83208,-0.88507,0.00021461,5.671e-06,0.0013205,-0.0023089,-0.0001125,-0.0048313,0.010876,-0.0045128,0.0086397,-0.007516,-0.006001,-0.0048174,-0.012992
185,3,5723.8,-0.22923,-0.78692,-0.0017938,-4.7865e-05,0.0038078,-0.00094438,0.0001347,-0.0047378,0.0090167,-0.0012686,0.005477,-0.0037276,-0.0034539,-0.0046247,-0.020907
186,3,-357.61,-5.3015,0.16357,-0.0044667,6.2484e-05,0.025052,0.0016125,0.00035552,0.0061376,-0.02571,0.0065444,-3.3766e-05,0.0068371,0.017004,0.0083027,0.030252
187,3,2737.1,0.073644,-0.639,0.00073544,3.5029e-05,0.027046,0.0013881,0.0011955,0.011292,-0.028412,0.0084717,0.0013648,0.0012929,0.014565,0.012733,0.018655
188,3,-1275,-0.76442,0.42717,0.0043223,4.4244e-05,0.028813,0.0027237,0.0015351,0.0076916,-0.033726,0.0026972,-6.6038e-05,0.0066327,0.019294,0.0090644,0.041681
189,3,-2133.9,-0.17636,0.65772,-0.0004707,-1.2134e-06,0.0027651,0.00031075,0.0007262,0.0058072,-0.0029502,0.010443,-0.017941,-0.0089035,0.0051527,-0.013228,0.0044524
190,3,-534.47,-0.057251,0.23868,0.0005781,-2.409e-06,0.026692,0.0022337,0.0013362,0.0094771,-0.032055,0.0089987,0.0031195,-0.00044031,0.01298,0.010078,0.032058
191,3,1840.4,0.58867,-0.64147,0.00058253,-4.6834e-05,0.030732,0.0022531,0.0018702,0.0087683,-0.028358,0.0023958,0.0015485,0.0039537,0.017292,0.011429,0.026866
192,3,-4151.6,-0.88406,1.7843,0.0050232,8.0141e-05,0.031161,0.0027558,0.0014187,0.0072289,-0.027951,0.0002773,-0.0017394,-0.00021929,0.0097959,0.0093823,0.028827
193,3,3015.5,0.15002,-1.3295,-0.0039033,2.451e-05,0.030834,0.0022905,0.0011027,0.011055,-0.043949,0.009024,0.0086313,0.0020038,0.015364,0.015039,0.042958
194,3,8855.7,0.42849,-3.4754,-0.0093914,-6.4307e-06,-0.0018079,-0.0039746,-0.00093259,0.0068062,0.0063347,0.0043348,0.014151,-0.022285,0.02653,-0.020679,0.00093358
195,3,5833.6,-1.778,-1.3525,-0.0047938,-5.8759e-07,-0.0030455,-0.0015367,-0.00062967,0.0045639,0.016223,0.015807,0.014988,-0.017759,0.020344,-0.012245,-0.0012607
196,3,-271.91,0.88815,-0.41717,-0.00192,-5.8282e-05,-0.0024422,-0.0022812,-5.5165e-05,-0.00052812,0.017048,0.011919,0.0032953,-0.015839,0.038149,-0.017241,0.004358
197,3,-5203.2,-0.44318,1.9184,0.00011519,-1.3913e-05,-0.0017421,0.0060258,0.00030084,0.0099426,0.017999,0.040082,-0.013545,0.010309,-0.0040136,-0.00058276,0.0089153
198,3,-1613.1,-0.91861,-0.31823,0.00047207,0.00011186,0.0033155,0.003357,-0.0002764,0.010467,0.015222,0.035141,-0.010144,6.8799e-05,-0.0018553,-0.0089836,0.0091132
199,3,-4235.6,-0.99132,1.6241,0.0066926,0.00010258,-0.0046857,0.01467,-0.00040131,0.0036003,0.020011,0.032216,-0.014354,0.022273,-0.0070253,0.007395,0.003593
200,3,4383.2,-0.15877,-1.6163,-0.0031595,-3.2534e-05,-0.0025356,0.0079632,-0.00049862,0.0097337,0.011444,0.020488,-0.010078,0.0014407,-0.0015389,-0.0031608,0.0039161
201,3,3270.5,-1.3334,-1.5655,-0.010901,1.4766e-05,0.0031629,0.0052744,-0.0013014,0.0051543,0.0062168,0.017569,3.7123e-05,0.00017603,0.0022421,-0.0051496,-0.0017671
202,3,-3347.8,-1.6132,1.4332,0.0029315,2.5389e-05,0.0030911,0.0038014,8.7507e-05,0.0090696,0.0074618,0.028182,-0.0029575,-0.0020868,0.0021781,-0.006746,9.021e-05
203,3,9010.3,2.4952,-2.9657,0.00021189,0.000127,0.0030202,0.0055455,-0.00074408,0.012775,0.012269,0.035883,-0.010741,0.00025331,-0.0052713,-0.0024227,0.0064276
204,3,275.98,-0.29221,-0.17713,-0.00134,-1.6218e-05,0.0025542,-0.00046228,-0.00011609,-0.0041405,0.012329,-0.0050256,0.0073799,-0.0080161,-0.0063764,-0.0037591,-0.0082327
205,3,100.99,0.010769,-0.044828,0.00019309,1.7766e-05,-0.0034334,0.013588,-0.0005006,0.00554,0.021518,0.044587,-0.017996,0.027228,-0.01066,0.015122,0.0077674
206,3,-253.85,-0.02675,0.11253,0.00035654,1.2842e-05,-0.0034578,0.013635,-0.00044544,0.0055542,0.021509,0.044581,-0.017983,0.027278,-0.010667,0.015099,0.0077829
207,3,337.59,0.035964,-0.15023,0.00013669,1.9218e-05,-0.0033965,0.011869,-0.00046436,0.0065092,0.023726,0.047674,-0.018117,0.027774,-0.01015,0.014351,0.0081562
208,3,-3442.8,3.3423,1.9247,0.0059375,-8.6867e-05,0.00038229,-0.0010664,0.0018427,0.0041454,-0.01559,0.0040403,-0.037338,-0.014656,-0.0080624,-0.011839,0.00031379
209,3,8796.5,-1.3869,-2.7935,-0.0039025,2.4474e-05,-0.00039895,-0.0022345,-0.00090518,0.0066754,-0.0081078,0.011543,-0.022816,-0.012625,-0.0062177,-0.016703,0.00073214
210,4,4948.8,-2.1392,-1.0609,0.00028706,0.00011697,-0.0012946,-0.0020231,-0.0014218,-0.0070769,0.0070833,-0.0023646,0.0031007,-0.0080114,-0.0056575,-0.00024832,-0.014628
211,4,-962.14,-2.3573,0.36644,-0.0038727,-6.0275e-05,-0.0086151,-0.0066725,-0.00039055,-0.013962,0.004569,0.0013404,0.016133,-0.0039861,0.0053089,0.013412,-0.01309
212,4,3527.1,-3.3914,-1.166,-6.5817e-05,5.5328e-05,-0.0092875,-0.0058964,-0.0010856,-0.01408,0.0032805,0.0031899,0.011703,-0.0080808,0.015819,0.021957,-0.013196
213,4,-7087.8,0.41081,2.5252,0.013225,8.3087e-05,0.00018502,-0.00030796,0.00097593,0.013262,0.0064095,0.0050838,-0.015798,-0.012549,-0.0073003,-0.014991,-0.0047932
214,4,-3849.6,0.3005,2.4358,0.011133,-2.6773e-05,-5.0357e-05,-0.0024798,0.0014113,0.0040661,0.0044931,-0.0041868,-0.0016096,-0.0050973,-0.00041109,-0.0059558,-0.018586
215,4,-4907.2,2.7481,1.2807,9.8372e-06,-0.0001078,-0.0036724,-0.0021129,0.0010026,0.015958,0.0028213,-0.012022,-0.014707,-0.010857,-0.008565,-0.011253,-0.017376
216,4,4947.7,-0.97728,-2.1999,-0.011595,-0.00011236,-0.010071,-0.0049093,-0.0006982,0.013848,-0.0020585,-0.0056511,0.0027776,-3.6678e-05,-0.0066045,-0.0064235,-0.0087202
217,4,-5815.6,-0.54003,1.6917,-0.00093091,-6.8996e-05,-0.018552,-0.0076773,0.0001243,0.029402,-0.0021828,-0.011028,-0.00026781,0.0082046,-0.0083067,-0.00063179,0.0018455
218,4,1064.2,0.25315,-0.31047,-0.00088799,-3.7645e-05,-0.0059603,-0.00070922,-0.00038614,0.0058691,0.011469,0.0087364,0.021499,-0.023261,0.053049,-0.016903,-0.00083816
219,4,-1071.7,-1.3492,0.25907,-0.00099598,-3.0231e-05,-0.0059087,-0.0010405,-0.00058759,0.0050628,0.003966,0.0036067,0.021327,-0.031068,0.053381,-0.016403,0.0061366
220,4,6192.1,1.019,-1.9607,-0.00025246,6.1178e-05,-0.0041069,-0.0052389,-0.00067556,-0.010354,0.003236,-0.0086726,0.0055537,0.0057762,-0.0056823,-0.013615,0.013363
221,4,-1115.1,-0.0040198,0.36049,0.0026,-3.0313e-05,-0.0031191,-0.0020883,0.0002176,-0.014255,0.020405,-0.012786,0.010443,-0.019274,-0.032108,0.014385,0.043582
222,4,-5944,1.35,2.5724,0.0086925,-2.1528e-05,0.0027599,-0.0012903,0.0015802,0.0013568,0.0095208,-0.0010056,0.0029558,-0.011831,0.019197,-0.00627,-0.0042885
223,4,-4313.7,-0.85264,1.7452,0.0052244,7.5358e-05,-0.0063827,-0.0022039,5.0532e-05,-0.011596,0.0084402,-0.0053944,0.0043106,-0.0084295,0.0022677,0.0031777,0.02345
224,4,-1683.6,-1.9592,0.56416,-0.001082,4.5362e-05,0.0090883,-0.0021426,6.9832e-05,-0.0055046,0.0047392,-0.0074769,0.0052209,0.00043059,-0.0044971,-0.0015603,-0.011685
225,4,2920.4,2.4645,-1.337,-0.0013457,-1.1683e-05,-0.0065356,0.00048863,-0.00029524,0.0062535,0.011726,0.0066424,0.015794,-0.026659,0.052997,-0.023304,-0.0060714
226,4,-3168,0.021503,1.4068,0.0002708,-6.1696e-05,-0.0030566,-0.002705,0.00071395,0.0012652,0.0058634,-0.0029938,0.0014202,-0.0041805,-0.0038286,-0.011116,-0.010657
227,4,640.73,0.2494,0.28494,0.0015888,2.1803e-05,0.0060405,-0.0046569,0.0005055,-0.0075779,0.0069836,-0.010006,-0.016955,0.00187,0.0088088,-0.0086715,0.011751
228,4,-4930.3,1.9681,1.5594,0.0027524,-6.7665e-05,0.0046473,7.8486e-05,0.00082148,-0.00021754,0.014694,-0.01738,-0.023208,0.0024459,0.0097711,-0.018391,0.015109
229,4,6850.8,1.7908,-2.4049,-0.0035914,-4.0495e-06,0.011035,0.0003413,0.00016094,0.00028401,0.0076432,-0.02071,-0.012023,0.0092321,0.010658,-0.0016587,0.0013391
230,4,-3634.7,1.5626,0.30425,0.0064146,3.4994e-05,-0.0052833,-0.00041244,-9.1227e-05,-0.0089041,0.011975,-0.0035809,0.015358,-0.011042,-0.0036491,0.011614,-0.0098478
231,4,5919.3,1.8041,-1.9021,-0.0021461,-9.7548e-05,-0.0011172,-0.0023621,0.00036264,0.0089797,0.013826,-0.01119,-0.0056771,-0.0072633,-0.0067458,-0.0055776,-0.0013274
232,4,-5608.8,0.96475,2.0064,-0.00085576,-8.6954e-05,0.0037295,-0.0012742,0.00097844,0.0089408,0.014402,-0.015844,-0.021651,-0.0029969,0.00021782,-0.011385,0.0062129
233,4,2667.9,-0.7784,-1.4309,0.00073007,0.00012173,0.011128,-0.0055528,-0.0003008,-0.0011106,0.0080513,-0.011615,-0.02056,0.0053526,0.0194,-0.01408,0.010216
234,4,-8513.3,-0.86546,2.866,0.0024287,-1.1182e-05,0.010582,-0.0037018,0.0011787,0.0064442,0.0033589,-0.016038,-0.015261,0.01725,0.0054256,-0.0039947,-0.011043
235,4,6505.3,-3.8526,-2.2353,-0.011508,1.3557e-06,0.0029022,-0.0029534,-0.0014666,-0.0035607,0.010083,-0.0065093,-0.0039943,-0.006013,-0.01182,-0.010836,-0.011946
236,4,4964.6,3.478,-1.5541,-0.0090126,-0.00012765,-0.0020848,-0.0043932,3.9882e-05,-0.0024264,0.0063273,0.0006368,0.013486,-0.011808,-0.00080685,0.002436,-0.013113
237,4,750.56,0.21885,-0.13419,0.0012971,-9.8983e-07,-0.0034823,-0.0034331,-4.8607e-05,-0.0044918,0.011742,-0.0015953,0.0094002,-0.011898,0.00091345,0.0025028,-0.021015
238,4,10227,1.3825,-3.9486,-0.0095708,-4.4166e-05,-0.0038885,0.010648,-0.001103,0.0067676,0.029513,0.052884,-0.027033,0.037423,-0.0073338,0.027946,0.0055007
239,4,7901.5,0.84643,-2.1466,-0.0067529,6.0852e-06,-0.0069884,0.0012682,-0.0013612,0.001218,0.03355,0.037839,-0.0029711,0.013292,-0.011594,-0.0019205,0.0061241
240,4,-5808.4,-0.24274,2.544,0.0069559,3.6692e-05,-0.0070052,0.00069421,0.00018492,-0.0015655,0.026252,0.022293,0.014079,-0.0026237,-0.0030153,0.0070347,-0.010928
241,4,-93.425,0.08677,-0.91555,-0.0025861,5.4615e-05,0.006252,0.00058474,-0.00058582,0.0048296,-0.00040625,0.020119,0.012998,-0.0085481,0.0043295,-0.0061227,-0.0083088
242,4,-7872.8,-1.0642,2.7663,0.0064263,5.8798e-05,0.0022966,0.00035653,0.00074168,0.004036,0.0057731,0.019214,0.013632,-0.010949,0.0032495,-0.0072302,-0.0057132
243,4,2140.5,-0.47577,-1.1342,-0.0080895,5.1254e-06,-0.0051005,0.0015421,-0.00090387,-0.001407,0.017425,0.03199,-0.0023132,0.0073685,0.0064865,0.0036274,-0.0039362
244,4,-2820.2,-1.9428,1.258,0.0053988,6.1492e-05,-0.0084265,-0.00028959,-0.00028919,0.0015302,0.018725,0.029458,0.0090133,0.0031407,0.011778,-0.0027733,-0.0057177
245,4,1802.7,0.33947,0.15157,0.0026915,4.4094e-06,0.0036002,0.0030807,0.00062878,0.004631,0.013596,0.026709,0.0030783,-0.00047145,0.0019323,-0.0014051,-0.0030692
246,4,3536.7,1.5496,-0.58587,-0.00066896,-3.6254e-05,0.0051073,0.0038706,0.00025547,0.0062109,0.004249,0.020712,0.0037915,-0.0030079,0.0026063,0.0012393,-0.0018906
247,4,-4228.8,0.50132,0.54954,0.004468,0.00010061,0.0048439,7.7392e-05,0.00014408,0.0090687,0.0076313,0.017645,0.0097418,-0.01626,0.01808,-0.012017,-0.0090696
248,4,3580.2,2.141,-1.1551,-0.0038725,-9.1949e-05,0.0038217,-0.0030872,0.00067946,0.0021535,-0.010696,0.015507,-0.0012231,-0.010503,0.0095892,-0.0041784,-0.0024386
249,4,-58.737,2.0559,0.48777,0.0060844,-7.7205e-06,-0.012592,-0.0058959,-4.709e-05,-0.0011598,-0.0061754,0.010903,0.022951,0.010545,0.0093168,-0.028188,0.0084304
250,4,250.26,-0.61356,-0.092614,-0.0038859,-4.9591e-05,-0.019355,-0.00051962,-0.00065495,0.036317,-0.0078767,-0.01435,-0.0043981,0.0022584,-0.010834,0.022106,0.012003
251,4,-6854.6,1.8297,2.1264,-0.001273,-0.00011253,0.0035246,-0.00044507,0.001319,-0.0080408,0.0069697,-0.007545,0.0041606,0.00019777,0.0054464,0.0045271,-0.0086794
252,4,-2828.3,-2.3337,0.038578,-0.0024605,4.2671e-05,-0.0094592,0.003034,-0.00083527,0.0020013,-0.0010379,-0.0048848,0.022013,-0.018065,0.053178,-0.012969,-0.0059617
253,4,7107.9,2.2079,-2.8994,-0.0074795,-6.9378e-05,-0.0077163,-0.0046028,-0.00051879,-0.0018399,0.0063534,0.011698,0.017073,-0.0038444,0.028254,0.0080978,-0.00075157
254,4,766.96,2.4907,-0.80619,-0.0027459,-2.1748e-05,-0.0041178,-0.0024906,-0.00041359,0.00041213,0.0096635,0.0038969,0.017004,-0.022394,0.047027,-0.0039679,-0.0050469
255,4,-5852.5,-1.683,1.5531,-0.0047783,-0.00012425,-0.0091455,0.0042064,-0.00014957,0.0015861,0.00022136,-0.008335,0.023672,-0.020402,0.056922,-0.017759,-0.0049161
256,4,-4487,-2.0419,2.6234,0.009087,7.4806e-05,-0.0054447,-0.002844,0.00069392,0.0010414,0.0095435,0.013496,0.019072,-0.0035118,0.035564,0.0061072,0.0016009
257,4,-3731,0.347,0.89106,0.0020789,1.9504e-05,-0.010729,-0.0034045,3.012e-05,-0.010364,0.00076326,0.024524,0.0075803,0.0053031,0.0092972,0.0049513,0.0024865
258,4,3456.8,1.5687,-1.0321,-0.0011947,-2.1047e-05,0.012435,-0.0016874,0.00046863,0.00061586,0.0055341,-0.0036518,0.0042594,-0.0070258,0.011428,-0.0098915,-0.0044481
259,4,-4139.3,-1.3387,1.32,0.006621,8.2258e-05,0.0097231,-0.0051976,0.00035637,-0.0069343,0.0016792,-0.0060844,0.0048373,-0.00060016,0.0011675,0.00018178,-0.010253
260,4,-5416.8,2.7532,1.8182,0.00306,-5.1824e-05,0.0038338,-0.0059972,0.0014906,-0.011173,0.0006643,-0.0040532,-0.0029059,0.0052038,0.0048949,0.0045154,-0.0067075
261,4,5427.9,3.3784,-2.1076,-0.0031966,-6.1817e-05,-0.014564,-0.0027465,-0.00071613,0.01526,-0.0074371,-0.007286,0.010017,0.0091777,-0.014623,-0.032515,0.013251
262,4,-1728.7,-0.066963,1.3573,0.0038477,-4.2473e-05,-0.012852,-0.0013455,0.00027213,0.040381,0.0030749,-0.012798,0.0024553,0.0066064,-0.0098334,0.027969,0.01298
263,4,2663,-1.0797,-1.0368,-0.0020644,-5.5573e-05,-0.0069272,-0.0062643,-0.00034805,0.032663,-6.8534e-05,-0.014307,-0.0032193,0.00093537,-0.0097204,0.021641,0.006709
264,4,713.14,-0.33404,0.65025,0.0031397,-3.3408e-05,-0.010456,-0.0017479,1.1092e-05,-0.0019106,-0.004717,0.007091,0.027341,-0.012061,0.066755,-0.013446,0.010295
265,4,5290.2,-0.50181,-1.9057,-0.0032077,2.214e-05,-0.010495,-0.0047696,-0.001104,0.0041477,0.004515,0.016717,0.017568,-0.0033882,0.033835,0.010846,0.0050493
266,4,-6333.2,0.44643,1.5957,-0.002523,-2.9881e-05,-0.012192,-0.0044434,-0.00011745,-0.0023374,0.0013222,0.017064,0.025702,0.0014711,0.034503,0.014563,0.0056743
267,4,1964.4,-1.8614,-0.21532,-0.0025458,-5.6129e-06,-0.00891,-0.0043206,-0.00021958,0.0022708,0.0075367,0.01339,0.017383,-0.0026979,0.030397,0.0066393,0.0037832
268,4,-845.32,-1.695,0.40855,0.0011328,8.2614e-05,-0.001961,0.0014398,-0.00037115,-0.0018935,0.012131,0.029218,0.00086218,0.011805,-0.0049273,-0.0033014,2.723e-05
269,4,-4593.9,0.21379,1.3131,0.0014862,-5.7536e-05,-0.0045043,0.0030616,0.00062863,0.0043299,0.016572,0.032345,-0.0036242,0.0074319,-0.0046689,0.0011842,0.0013092
270,4,170.63,-0.97308,0.25943,0.00051701,-6.2239e-05,0.0075495,-0.00071683,0.00089663,0.00094387,-0.0021637,0.0064126,0.0060543,-0.0081081,0.0017638,-0.0010324,-0.01123
271,4,1070.9,1.7033,-0.50553,0.0022179,2.671e-05,0.0071337,-0.00042568,0.00044184,-0.00036682,-0.003456,0.010906,0.004901,-0.0051841,0.0061775,-0.0026349,-0.010507
272,4,-3296.5,4.1254,0.3853,0.0008476,-6.9635e-05,0.0020019,0.0018371,0.0011353,0.0048471,0.0090114,0.026627,0.010855,-0.0069518,0.0081688,0.0024879,-0.0050906
273,4,2314.2,-0.92838,0.27743,0.0046862,3.318e-05,0.0054339,0.00014158,0.00043188,0.0036008,-0.00407,0.01698,0.015935,-0.0053757,0.0012108,-0.0031742,-0.0025041
274,4,6009.6,2.1775,-2.7214,-0.0064606,1.1675e-05,-0.0075945,0.0046514,-0.0013963,0.0043574,0.02494,0.044179,-0.0052272,0.023664,-0.0068652,0.0067715,0.0025252
275,4,-5323.1,0.21962,1.7492,0.0022729,-2.0362e-05,-0.00021325,0.00091997,0.00060161,-0.0040385,-0.00071431,-0.0037518,-0.0010839,0.0033439,-0.00038462,-0.018571,-0.00085592
276,4,5570.2,0.81205,-2.2288,-5.0111e-05,5.3628e-05,-0.016116,-0.0093394,-0.0011342,-0.033967,-0.018194,0.0057046,0.0079857,0.013781,0.013099,0.02986,0.0026819
277,4,1630.2,-1.5489,-0.70052,-0.0044389,-5.7681e-05,0.0027357,0.00079155,-0.00041514,-0.0018105,0.010254,-0.007862,0.013402,-0.011674,-0.016161,-0.0040395,0.00077026
278,4,3627.8,-0.25182,-0.94608,0.0049833,9.8364e-05,0.0030054,0.0048471,-0.00098967,-0.0051703,0.0093536,-0.014306,0.0099211,-0.0079178,-0.020631,0.0038955,0.016385
279,4,-2529.2,1.7791,0.44765,0.00045479,-1.0753e-05,-0.015824,0.029568,-0.0016098,-0.013784,0.0021296,-0.026482,0.0038717,-0.0021223,-0.0078424,-0.0012319,0.0018885
280,5,-3645.3,-3.153,1.39,0.005724,0.00014715,-0.0081671,-0.0072975,-0.00061693,-0.014552,0.0054423,-0.00086823,-0.010985,-0.0087368,-0.0062899,0.0054576,0.0049655
281,5,671.08,-0.71945,-1.1586,0.0023915,0.00015335,0.002783,0.0035756,-0.00065486,0.0074412,0.0078394,0.026153,-0.0048057,0.0060344,-0.010483,-0.0033141,4.1684e-05
282,5,-2821.1,-1.3254,0.39869,-0.0018518,1.8629e-05,0.010014,-0.0015708,0.00025576,-0.0014566,0.0029992,-4.5744e-05,0.001317,0.002582,-0.0017631,-0.0050414,-0.001281
283,5,1745.8,-0.13456,-0.55306,0.00055577,3.8307e-05,-0.012771,-0.0054597,-0.00029369,-0.0083127,-0.0095591,0.0023267,-0.025088,-0.010997,-0.010597,-0.0071346,-0.020981
284,5,-8142.5,-0.033167,1.9568,-0.0003829,-1.9757e-05,-0.0093969,-0.0037939,0.00035111,-0.0043175,-0.0034763,0.0027942,-0.023631,-0.011493,-0.0050289,-0.0047534,-0.014833
285,5,-2446.1,0.5383,0.44831,0.001127,-6.469e-05,-0.01392,-0.0059541,-8.0679e-05,-0.00034362,-0.0063047,-0.00093234,-0.0099078,-0.0024066,-0.013544,-0.015605,-0.030444
286,5,-3603.4,-1.2732,1.4472,0.0064055,1.9772e-06,-0.0074167,0.0013302,0.00057647,0.0044689,0.010847,0.024298,-0.02656,0.004866,-0.015808,-0.0093493,-0.0081079
287,5,-6604.9,-0.90886,2.2816,0.0094367,0.0001091,0.00305,0.0031809,0.00060165,0.0095046,0.0012909,0.019894,-0.010474,-0.008074,0.00030397,-0.0089588,0.0073446
288,5,1582.5,-1.1678,-0.42418,-0.00073021,8.3493e-05,0.0048569,-0.0044573,-0.0003385,-0.012641,0.010876,-0.014456,-0.0024008,0.0050261,-0.001464,0.0076557,0.0025435
289,5,-212.85,1.4989,0.11577,0.0028662,4.7598e-05,-0.013087,-0.00481,-5.2132e-05,0.0090708,-0.0053646,-8.4103e-05,-0.027434,-0.011674,-0.014704,-0.010831,-0.018231
290,5,4510.3,-1.8148,-0.75052,-0.0046917,-6.8257e-05,-0.013802,-0.004287,-0.00065707,0.015952,-0.0088032,-0.0074642,-0.020743,-0.010728,-0.0091056,-0.0083494,-0.028195
291,5,-1539.9,0.78227,0.32543,-0.0024141,-7.959e-05,-0.01523,-0.003306,-0.00013129,0.028077,-0.0047385,-0.0095575,0.0010458,-0.0047556,0.008662,0.0034244,-0.00086775
292,5,6929.5,0.59779,-2.2168,-0.0047843,-2.83e-05,-0.0060108,-0.0039515,-0.00022016,0.0081314,-0.0033987,0.0005969,-0.027224,-0.015222,-0.0089807,-0.012624,-0.012422
293,5,-1558.2,-1.612,0.57785,0.00043937,8.1399e-06,-0.011598,-0.0036486,-0.00079473,0.020007,4.2108e-05,-0.0046984,0.013794,-0.010829,0.026444,-0.0081204,-0.001264
294,5,2983,0.57528,-1.1155,0.0020937,2.6913e-05,-0.018051,-0.0056475,-0.00072396,0.037328,-0.0023911,-0.011477,0.0049636,-0.004458,0.0073691,0.018335,-0.0052716
295,5,-1966,-3.5185,0.64268,0.0066216,9.8161e-05,0.0013214,-0.0040494,-0.00033447,-0.013975,0.017986,-0.0095726,0.021593,-0.017293,-0.035707,0.022017,0.052928
296,5,3526.9,-0.60105,-0.63099,0.0012461,5.7952e-05,0.0013737,-0.0050039,-0.0004339,-0.014743,0.012178,-0.0083129,0.0045399,-0.0005194,-0.010814,0.0060371,0.0082711
297,5,-1868.5,-1.2849,0.8703,-0.0016017,-5.0546e-05,-0.007689,-0.007961,-5.5482e-05,-0.02195,0.0054048,-0.0019542,0.0093608,-0.0077236,-0.0089409,0.028273,0.029336
298,5,3459.5,-0.80486,-0.74255,0.0019573,5.0412e-05,-0.001047,-0.0053856,-0.00031814,-0.015017,0.014756,-0.012654,0.010777,-0.017534,-0.025562,0.016623,0.040948
299,5,-1504.7,3.1081,0.11754,0.00027246,3.2788e-07,0.0070444,-0.0043736,0.00061844,-0.0075246,0.0042933,-0.010705,-0.0013433,0.0077226,-0.0055266,-8.6138e-05,-0.012307
300,5,-5992,-0.53563,1.9321,0.010969,6.1197e-05,0.010638,-0.0031309,0.001328,-0.0062986,0.0073501,-0.013998,-0.011038,0.0088371,0.000905,0.00070746,-0.0026263
301,5,6967.6,-1.9748,-0.89183,0.0019974,1.0659e-05,0.0044028,-0.001448,-0.00023141,-0.0036289,0.010416,-0.0095932,-0.0093767,0.0011707,0.0028849,-0.0041642,-0.0010042
302,5,-1430.1,0.82073,0.091555,0.000151,2.7171e-05,-0.0074884,-0.0024591,-0.00026302,-0.012005,0.010492,0.0048847,-0.0014258,-0.014485,0.0010735,-0.0065219,-0.0094519
303,5,3341.1,2.1209,-0.50289,-3.377e-05,-0.00010363,-0.0097956,-0.0059765,0.00039334,-0.0086551,0.009226,0.0085634,0.018488,-0.016451,0.0091326,-0.0023652,-0.010898
304,5,-3366.6,3.4205,0.4829,-0.0038983,-3.918e-05,0.0019722,-0.0033879,0.00025226,-0.014016,0.01646,-0.010246,0.012495,-0.011356,-0.023948,0.010451,0.036816
305,5,8916.2,0.27106,-2.5301,-0.0074365,-0.00010338,0.0051967,-0.0036644,-0.00071922,-0.010401,0.020692,-0.016853,0.016579,-0.0033808,-0.031721,0.011258,0.023228
306,5,1333.1,1.5987,-0.5101,-0.00056624,3.0013e-05,0.021014,-0.0010795,0.00080322,0.0017337,0.0029326,-0.01589,-0.015823,0.017181,0.017706,0.0027039,0.0073482
307,5,3744.2,1.2466,-1.2175,0.00090692,1.3911e-05,0.030624,-0.0015395,0.0014218,0.0047087,-0.011424,-0.015287,5.8267e-05,0.023606,0.013462,0.0081218,-0.010848
308,5,-1946.7,4.3387,-0.81587,0.0011633,0.00013509,0.025876,-0.0011253,0.00092498,0.0059167,-0.0044083,-0.0081806,0.0026744,0.016285,0.0093024,0.0068922,-0.0094305
309,5,-3307.7,-0.11632,1.1234,-0.0049258,-6.1508e-05,0.028686,-0.00097567,0.0018963,0.0051677,-0.0053381,-0.010341,-0.00040997,0.026922,0.012491,0.0083552,-0.0086409
310,5,-3537.2,-0.13485,1.0112,0.0046262,2.34e-06,0.013677,-0.0028879,0.0010703,-0.002032,0.013978,-0.016919,-0.0038619,0.013422,0.0057608,0.0044755,-0.0075892
311,5,-1752.1,-1.2427,0.67035,-0.0061444,2.7447e-05,0.014179,-0.0027504,-0.0002516,-0.0032233,0.010888,-0.014456,-0.0019584,0.014295,0.0028483,0.0013233,-0.014267
312,5,-4916.2,-2.5688,2.0904,0.0022225,-4.1182e-05,0.029101,-0.00055061,0.0021469,0.0037105,-0.0062144,-0.020891,-0.0094871,0.02813,0.021805,0.0018766,-0.0081869
313,5,-5975.1,-1.5609,2.8269,0.0056229,-4.0344e-06,0.013931,-0.0028897,0.0014287,-0.003842,0.009991,-0.019092,-0.01817,0.0099567,0.02244,-0.0091476,0.019634
314,5,-5714.8,0.35459,2.0778,0.0045425,-3.4664e-05,0.0034478,-0.0014609,0.00077072,-0.01101,0.024122,-0.0098464,0.01519,-0.011481,-0.03022,0.0088722,0.020003
315,5,8302.6,1.5315,-1.9208,-0.0029703,-6.7465e-05,0.025795,-0.0029371,0.0016701,0.0042152,3.6658e-05,-0.014601,-0.00095852,0.025414,0.00845,0.0011831,-0.01905
316,5,-1538.3,-1.6815,0.71005,-0.0012736,-8.4514e-06,0.027517,-0.0030075,0.0015059,3.7795e-06,0.0037784,-0.019524,0.0014163,0.026611,0.011151,0.0051462,-0.011841
317,5,166.52,-0.52072,-0.68764,-0.0083837,-8.5711e-05,0.0074576,0.0024915,-0.00019719,-0.0024774,0.011576,-0.014622,-0.011957,0.008347,-0.00297,-0.0036756,0.0021003
318,5,-2244.2,1.2398,0.24265,0.00039421,4.128e-05,0.028545,-0.0034059,0.0016084,0.0031669,-0.0072439,-0.012197,-0.0057519,0.026306,0.016959,0.0049912,-0.0042732
319,5,4530.4,-1.5262,-2.9752,-0.0040388,0.00011695,0.013684,-0.0033748,-0.00081211,-0.0035873,0.016696,-0.019941,-0.0094212,0.012284,0.0024638,0.00079665,-0.0096408
320,5,8.6685,0.38357,-0.01587,0.0016267,-3.3315e-05,0.012838,-0.00084604,0.00092898,-0.0031806,0.018165,-0.019394,-0.0089298,0.017196,0.0030361,0.00085845,-0.0073135
321,5,-510.04,0.016673,-0.040694,-0.0024368,-7.3079e-06,0.0010633,-0.0019217,-0.00036537,-0.012381,0.023164,-0.0098646,0.024333,-0.017239,-0.043202,0.014161,0.043706
322,5,2278.4,-0.7967,-0.54338,0.0010458,5.7797e-05,-0.0089151,-0.0061358,-0.00088557,-0.0086823,-0.0086417,0.00093657,0.017843,0.014711,-0.0081195,-0.043485,0.0018286
323,5,5052.2,1.2944,-1.4052,-0.0019447,-4.6133e-05,0.0037738,-0.0023461,-0.00032105,-0.01275,0.024697,-0.016089,0.022796,-0.0094606,-0.040659,0.017638,0.043251
324,5,-632.16,-0.59484,0.1311,0.00038149,-1.6131e-05,0.00065288,-0.002749,-0.00011407,-0.0087827,0.023757,-0.016477,0.022592,-0.01387,-0.037663,0.014741,0.038683
325,5,-1396.4,-0.25468,0.47763,0.0042899,4.6431e-05,0.0090309,4.2488e-05,0.00017107,-0.0022999,0.014521,-0.019159,-0.013371,0.010298,0.0078078,-0.0071174,0.0010464
326,5,278.44,-0.052375,-0.27372,-0.0013433,-2.9835e-05,0.010015,-0.0019392,0.00016789,-0.00474,0.019881,-0.016663,0.0014102,0.0071914,-0.0092309,0.0038495,0.00072067
327,5,615.7,0.29725,0.13855,0.0020163,1.417e-05,0.0010201,0.00085836,7.9285e-05,-0.0043089,0.01664,-0.0073096,-0.0056873,-0.0057537,0.00036639,-0.005499,0.0039981
328,5,-3134,0.98097,0.77066,-0.00080968,-6.679e-05,-0.0024141,0.00058155,0.00028742,-0.0071233,0.016685,-0.0050777,0.00063491,-0.0098042,-0.011528,0.0037638,0.025898
329,5,-308.54,0.21326,0.36578,-0.0013649,-4.7099e-05,0.00081756,-0.0011896,-0.00031573,-0.012121,0.02808,-0.012488,0.017855,-0.016468,-0.039475,0.012682,0.037358
330,5,-4039.3,0.40668,1.4805,0.0014333,1.5395e-05,-0.0085097,-0.0039819,0.00020424,-0.015901,0.013482,-0.0046327,-0.010682,-0.013227,-0.0041084,-0.0054599,0.03044
331,5,-2463,2.2404,0.43352,-0.0013185,-8.2195e-05,-0.0074276,-0.0062051,0.00042844,-0.015011,0.010008,-0.0030559,-0.013874,-0.014067,-0.0026751,-0.0074361,0.032032
332,5,971.58,0.53044,-0.86047,-0.0030097,1.0072e-05,-0.0067962,-0.0075916,-0.00032154,-0.019156,0.0079797,-0.0052481,-0.003186,-0.012532,-0.0077107,0.01053,0.027591
333,5,-560.76,-0.87965,-0.2808,-0.0061407,-6.7249e-05,0.012712,-0.0050547,0.00037548,-0.0054718,0.015764,-0.020828,-0.0046029,0.010299,0.0050784,5.478e-05,0.0034328
334,5,1666.1,-0.80399,0.0025569,-0.00071513,-1.3076e-06,0.0071051,-0.0025012,-3.5898e-05,-0.0098407,0.012626,-0.014719,-0.0062336,0.0027715,0.00024062,0.0038495,0.0094623
335,5,2313.7,2.6601,-1.1495,-0.0027044,-3.4033e-05,0.0039924,-0.0039126,0.0004322,-0.005162,0.012588,-0.013169,-0.010755,0.0021221,-0.0010315,-0.0087204,0.0088971
336,5,-4523.3,-2.0006,0.83763,-0.0013187,6.9463e-05,0.0089639,-0.0033131,0.00022071,-0.0061152,0.012602,-0.020782,-0.0093945,0.0099095,0.005583,-0.0049611,0.012005
337,5,-698.34,3.0411,0.66562,0.00085031,-0.00017585,0.0055656,-0.0037739,0.0017491,-0.0043692,0.0093925,-0.014711,-0.009377,0.0078299,-7.1916e-05,-0.00086732,0.007267
338,5,-3632.6,-0.17934,1.289,0.0012111,4.2729e-05,0.017181,-0.0011048,0.00073838,0.0063738,0.00016849,-0.0063562,0.0090143,-0.0010635,-0.0084475,0.0027554,-0.013373
339,5,-833.21,-0.28152,0.62802,0.0011001,-5.9398e-05,0.01846,0.00042737,0.0016426,0.004599,-0.0091177,-0.0040514,0.0095853,-0.00059842,-0.004461,-0.0022622,-0.01819
340,5,-3196.3,-1.4092,1.3106,7.1536e-05,-6.1543e-05,0.014999,0.00034309,0.0011759,0.0040421,0.0089551,0.0028826,0.01021,0.011205,0.0042085,0.0069096,-0.014895
341,5,-1395.6,-1.95,0.64467,0.0025387,4.4919e-05,0.019535,0.0018811,0.00046983,0.0040318,-0.0032226,0.0012844,0.0041847,0.012101,0.0046158,0.0039973,-0.0081462
342,5,854.23,3.31,-0.67644,-0.00037992,-6.1916e-05,0.025271,-0.0014878,0.0018463,0.0035208,-0.0040044,-0.0082627,0.0021137,0.017662,-0.00047638,0.0077869,-0.020886
343,5,-4155.6,-1.6553,1.9334,0.0065745,1.5094e-05,0.026775,3.8105e-05,0.0020328,0.0035484,-0.0059527,-0.0078057,0.014642,0.0092466,-0.0095498,0.0092217,-0.018383
344,5,847.69,-1.0015,-0.47898,-0.0036738,2.8161e-05,0.01157,-0.0050102,6.569e-05,-0.0056046,0.0014152,-0.0099137,-0.017825,0.0012168,0.017368,-0.01386,0.016694
345,5,6100.5,0.17297,-2.9942,-0.0076775,7.3412e-05,0.0063227,-0.0040448,-0.00091535,-0.0060488,0.011823,-0.013255,-0.022596,-0.0055957,0.015721,-0.017594,0.025562
346,5,914.58,-1.5603,0.13549,0.00054632,1.715e-06,0.0078784,-0.0006697,0.00012352,-0.0017384,0.017747,-0.022283,-0.019612,0.0040819,0.024947,-0.028084,0.029894
347,5,-7328,-1.7704,3.1993,0.010388,8.8463e-05,0.021704,-0.0015324,0.0016431,6.7904e-05,0.004193,-0.012681,-0.0070845,0.017576,0.011442,0.0021652,-0.010464
348,5,7147,-0.16604,-1.7165,-0.0013983,7.9007e-05,0.020403,-0.0010384,0.00019872,0.0023788,0.0023505,-0.015533,-0.002875,0.017913,0.0081071,0.0084984,-0.010038
349,5,4517.1,-0.26939,-1.3769,-0.0062227,-5.5173e-05,0.0074215,-0.0053354,-0.00038037,-0.0090417,0.01285,-0.010491,0.0078308,0.0003458,-0.001203,0.0071665,-0.0043706
