0,1,-2.3515e-06,-2.3515e-06,-2.3049e-06,-2.4832e-06,-2.2059e-06,-2.6318e-06,-2.6318e-06,-2.1316e-06,-2.1316e-06,-2.3413e-06,-2.54e-06,-2.6086e-06,-2.4709e-06,-2.4709e-06,-2.2654e-06,-2.2654e-06
1,1,6.1179e-07,6.1176e-07,9.0803e-07,8.5659e-07,6.6864e-07,1.0339e-06,1.0339e-06,3.8619e-07,3.8621e-07,7.3777e-07,9.8534e-07,1.0856e-06,7.4376e-07,7.4376e-07,4.5022e-07,4.5021e-07
2,1,5.1167e-06,5.1167e-06,4.6194e-06,5.6054e-06,5.1454e-06,5.7203e-06,5.7203e-06,4.5869e-06,4.5869e-06,4.6067e-06,5.8783e-06,6.0719e-06,5.359e-06,5.359e-06,4.6296e-06,4.6296e-06
3,1,3.8121e-06,3.8121e-06,3.8334e-06,4.1862e-06,3.7116e-06,4.4248e-06,4.4248e-06,3.3541e-06,3.3541e-06,3.8036e-06,4.3883e-06,4.5642e-06,4.0064e-06,4.0064e-06,3.5502e-06,3.5502e-06
4,1,-8.9589e-07,-8.959e-07,2.9525e-07,-7.2679e-07,-1.074e-06,-2.197e-07,-2.1977e-07,-1.1323e-06,-1.1323e-06,-2.0833e-08,-6.5471e-07,-5.4002e-07,-7.2017e-07,-7.2018e-07,-8.088e-07,-8.088e-07
5,1,-1.2625e-06,-1.2625e-06,-2.1701e-06,-1.3031e-06,-8.2273e-07,-1.8843e-06,-1.8842e-06,-1.0178e-06,-1.0178e-06,-2.0274e-06,-1.2355e-06,-1.2852e-06,-1.5499e-06,-1.5499e-06,-1.4029e-06,-1.4029e-06
6,1,-6.7685e-06,-6.7685e-06,-5.6835e-06,-7.3262e-06,-6.906e-06,-7.2397e-06,-7.2397e-06,-6.1881e-06,-6.1881e-06,-5.807e-06,-7.6731e-06,-7.8777e-06,-6.966e-06,-6.966e-06,-6.078e-06,-6.078e-06
7,1,-3.4134e-06,-3.4134e-06,-4.2128e-06,-4.2504e-06,-3.4805e-06,-4.8708e-06,-4.8709e-06,-2.5651e-06,-2.5651e-06,-3.6731e-06,-4.7427e-06,-5.1126e-06,-3.865e-06,-3.865e-06,-2.7955e-06,-2.7955e-06
8,1,5.8001e-06,5.8001e-06,2.8671e-06,6.3657e-06,6.6802e-06,5.2812e-06,5.2812e-06,5.5573e-06,5.5574e-06,3.2207e-06,6.8569e-06,7.0005e-06,5.5819e-06,5.5819e-06,4.7727e-06,4.7727e-06
9,1,-6.6898e-06,-6.6898e-06,-6.0464e-06,-7.5386e-06,-6.9085e-06,-7.6766e-06,-7.6766e-06,-5.8593e-06,-5.8593e-06,-5.8823e-06,-8.0691e-06,-8.4086e-06,-7.0222e-06,-7.0222e-06,-5.8289e-06,-5.8289e-06
10,1,-3.1454e-06,-3.1454e-06,-2.5543e-06,-3.2672e-06,-3.0986e-06,-3.2077e-06,-3.2077e-06,-2.9685e-06,-2.9685e-06,-2.7054e-06,-3.3338e-06,-3.378e-06,-3.2097e-06,-3.2097e-06,-2.9587e-06,-2.9587e-06
11,1,-3.5237e-06,-3.5237e-06,-3.8896e-06,-3.6909e-06,-3.1403e-06,-4.13e-06,-4.1301e-06,-3.1454e-06,-3.1454e-06,-3.8972e-06,-3.7265e-06,-3.8271e-06,-3.7853e-06,-3.7853e-06,-3.4823e-06,-3.4823e-06
12,1,3.759e-06,3.759e-06,2.6732e-06,4.0965e-06,4.0067e-06,3.8206e-06,3.8206e-06,3.4919e-06,3.4919e-06,2.7911e-06,4.3323e-06,4.4437e-06,3.788e-06,3.788e-06,3.2898e-06,3.2898e-06
13,1,8.8138e-07,8.8138e-07,1.1989e-06,9.4227e-07,7.3226e-07,1.1562e-06,1.1561e-06,7.4747e-07,7.4748e-07,1.1691e-06,9.4012e-07,9.778e-07,9.9057e-07,9.9057e-07,9.0565e-07,9.0567e-07
14,1,5.7376e-06,5.7376e-06,5.1684e-06,6.4096e-06,5.9027e-06,6.4702e-06,6.4702e-06,5.0711e-06,5.0711e-06,5.1275e-06,6.8362e-06,7.1132e-06,5.9463e-06,5.9463e-06,5.0738e-06,5.0738e-06
15,1,9.1145e-07,9.1142e-07,1.5533e-07,1.0966e-06,1.2635e-06,7.2159e-07,7.2169e-07,8.6794e-07,8.6794e-07,2.4241e-07,1.2749e-06,1.3267e-06,7.8759e-07,7.8758e-07,6.0125e-07,6.0125e-07
16,1,-5.0994e-06,-5.0994e-06,-4.3577e-06,-5.7083e-06,-5.3052e-06,-5.7118e-06,-5.7118e-06,-4.5215e-06,-4.5215e-06,-4.2714e-06,-6.1028e-06,-6.3391e-06,-5.3153e-06,-5.3153e-06,-4.4291e-06,-4.4291e-06
17,1,5.1022e-06,5.1022e-06,3.9249e-06,5.5445e-06,5.3425e-06,5.2843e-06,5.2844e-06,4.708e-06,4.708e-06,4.0838e-06,5.843e-06,5.9966e-06,5.1758e-06,5.1758e-06,4.5149e-06,4.5149e-06
18,1,-2.7501e-06,-2.7502e-06,-5.4284e-06,-3.1093e-06,-1.7828e-06,-4.6873e-06,-4.6872e-06,-1.9401e-06,-1.94e-06,-4.8794e-06,-3.1291e-06,-3.3844e-06,-3.4836e-06,-3.4836e-06,-2.9911e-06,-2.9911e-06
19,1,5.3901e-06,5.3901e-06,2.7936e-06,5.6566e-06,5.941e-06,4.7277e-06,4.7277e-06,5.3087e-06,5.3087e-06,3.2858e-06,5.9068e-06,5.9406e-06,5.1897e-06,5.1897e-06,4.7078e-06,4.7078e-06
20,1,9.3806e-05,9.3806e-05,8.2631e-05,0.00010885,7.3753e-05,7.3858e-05,7.3858e-05,5.3087e-05,5.3087e-05,7.3554e-05,0.00010013,8.6767e-05,8.9944e-05,7.4685e-05,0.00012664,0.00012664
21,1,-4.7406e-06,-4.7406e-06,-3.72e-06,-5.8015e-06,-5.5258e-06,-5.5847e-06,-5.5848e-06,-3.9586e-06,-3.9586e-06,-3.3738e-06,-6.5496e-06,-6.9327e-06,-4.9435e-06,-4.9435e-06,-3.5196e-06,-3.5196e-06
22,1,-6.797e-06,-6.797e-06,-5.3564e-06,-7.9336e-06,-7.5208e-06,-7.6682e-06,-7.6682e-06,-5.8977e-06,-5.8976e-06,-5.108e-06,-8.7376e-06,-9.1669e-06,-7.0089e-06,-7.0089e-06,-5.508e-06,-5.508e-06
23,1,-3.9409e-07,-3.9411e-07,-1.359e-06,-9.5297e-07,-4.7353e-07,-1.4512e-06,-1.4512e-06,1.3536e-07,1.3537e-07,-8.3399e-07,-1.3034e-06,-1.5691e-06,-6.6425e-07,-6.6424e-07,-6.7756e-08,-6.7744e-08
24,1,-1.702e-06,-1.702e-06,-1.4173e-07,-2.7043e-06,-2.9529e-06,-1.9835e-06,-1.9835e-06,-1.2208e-06,-1.2208e-06,2.322e-07,-3.5134e-06,-3.8506e-06,-1.6097e-06,-1.6097e-06,-4.3823e-07,-4.3823e-07
25,1,-2.2207e-05,-2.2207e-05,-1.7804e-05,-2.3871e-05,-2.266e-05,-2.3349e-05,-2.3349e-05,-2.0504e-05,-2.0504e-05,-1.8323e-05,-2.4889e-05,-2.5472e-05,-2.2835e-05,-2.2835e-05,-2.003e-05,-2.003e-05
26,1,-7.007e-06,-7.007e-06,-5.646e-06,-7.7124e-06,-7.3234e-06,-7.5167e-06,-7.5167e-06,-6.3584e-06,-6.3584e-06,-5.7079e-06,-8.1776e-06,-8.4338e-06,-7.1993e-06,-7.1993e-06,-6.1384e-06,-6.1384e-06
27,1,2.5307e-06,2.5307e-06,2.7158e-06,2.6727e-06,2.3192e-06,2.9318e-06,2.9318e-06,2.2688e-06,2.2688e-06,2.7375e-06,2.7056e-06,2.7757e-06,2.7084e-06,2.7084e-06,2.4592e-06,2.4592e-06
28,1,-4.7262e-06,-4.7262e-06,-3.453e-06,-5.0696e-06,-4.9258e-06,-4.789e-06,-4.789e-06,-4.4194e-06,-4.4194e-06,-3.6152e-06,-5.3067e-06,-5.4196e-06,-4.7849e-06,-4.7849e-06,-4.2188e-06,-4.2188e-06
29,1,3.0438e-06,3.0438e-06,2.7202e-06,3.2841e-06,3.0395e-06,3.3046e-06,3.3047e-06,2.7672e-06,2.7672e-06,2.7917e-06,3.4268e-06,3.5286e-06,3.1279e-06,3.1279e-06,2.8039e-06,2.8039e-06
30,1,1.1494e-05,1.1494e-05,8.7908e-06,1.2278e-05,1.184e-05,1.1728e-05,1.1728e-05,1.0735e-05,1.0735e-05,9.2575e-06,1.2793e-05,1.3059e-05,1.1646e-05,1.1646e-05,1.0387e-05,1.0387e-05
31,1,-2.6767e-06,-2.6767e-06,-1.9192e-06,-2.8259e-06,-2.7557e-06,-2.6764e-06,-2.6764e-06,-2.5298e-06,-2.5298e-06,-2.0146e-06,-2.9364e-06,-2.9793e-06,-2.7196e-06,-2.7196e-06,-2.3929e-06,-2.3929e-06
32,1,-5.7809e-07,-5.7809e-07,1.4074e-07,-5.8845e-07,-7.7164e-07,-2.8353e-07,-2.8354e-07,-6.4254e-07,-6.4253e-07,3.4319e-08,-6.3793e-07,-6.1672e-07,-4.8482e-07,-4.8481e-07,-4.1139e-07,-4.1138e-07
33,1,7.6513e-07,7.6513e-07,1.5212e-06,8.8521e-07,5.3532e-07,1.2866e-06,1.2866e-06,5.337e-07,5.3371e-07,1.3944e-06,9.1324e-07,9.9463e-07,9.32e-07,9.3201e-07,8.2006e-07,8.2006e-07
34,1,4.4964e-06,4.4963e-06,2.9322e-06,4.8916e-06,4.9083e-06,4.4014e-06,4.4014e-06,4.229e-06,4.229e-06,3.138e-06,5.1918e-06,5.3061e-06,4.4628e-06,4.4629e-06,3.8596e-06,3.8596e-06
35,1,-4.6259e-08,-4.6253e-08,-1.9027e-09,-2.2985e-07,-2.2331e-07,-1.9393e-07,-1.9388e-07,6.5748e-08,6.5762e-08,1.1634e-07,-3.7653e-07,-4.4813e-07,-5.1728e-08,-5.1722e-08,1.4607e-07,1.4608e-07
36,1,5.8448e-06,5.8448e-06,3.6841e-06,6.0748e-06,6.1262e-06,5.4172e-06,5.4171e-06,5.6837e-06,5.6837e-06,4.1495e-06,6.2625e-06,6.3121e-06,5.7428e-06,5.7428e-06,5.328e-06,5.328e-06
37,1,7.3088e-06,7.3088e-06,5.2902e-06,7.2854e-06,7.1505e-06,6.8618e-06,6.8618e-06,7.1933e-06,7.1933e-06,5.941e-06,7.2267e-06,7.1767e-06,7.3383e-06,7.3383e-06,7.0578e-06,7.0578e-06
38,1,-4.102e-06,-4.102e-06,-4.0361e-06,-4.7012e-06,-4.1731e-06,-4.9774e-06,-4.9774e-06,-3.4874e-06,-3.4874e-06,-3.8073e-06,-5.0546e-06,-5.3018e-06,-4.4147e-06,-4.4147e-06,-3.5532e-06,-3.5532e-06
39,1,6.2487e-06,6.2487e-06,3.5323e-06,6.8592e-06,7.0409e-06,5.886e-06,5.886e-06,5.9186e-06,5.9186e-06,3.8713e-06,7.3731e-06,7.5582e-06,6.049e-06,6.049e-06,5.2706e-06,5.2706e-06
40,1,-4.0449e-06,-4.0449e-06,-2.4681e-06,-4.2637e-06,-4.3245e-06,-3.7834e-06,-3.7834e-06,-3.9044e-06,-3.9044e-06,-2.7316e-06,-4.4421e-06,-4.4879e-06,-3.9978e-06,-3.9978e-06,-3.5741e-06,-3.5741e-06
41,1,-7.5591e-06,-7.5591e-06,-5.9155e-06,-8.1037e-06,-7.7631e-06,-7.814e-06,-7.814e-06,-7.0176e-06,-7.0176e-06,-6.1605e-06,-8.4645e-06,-8.6573e-06,-7.6898e-06,-7.6898e-06,-6.8139e-06,-6.8139e-06
42,1,-9.5559e-06,-9.5559e-06,-6.4796e-06,-1.0586e-05,-1.0476e-05,-9.701e-06,-9.701e-06,-8.8161e-06,-8.8161e-06,-6.6981e-06,-1.1355e-05,-1.1687e-05,-9.586e-06,-9.586e-06,-8.0696e-06,-8.0696e-06
43,1,-1.4911e-06,-1.4912e-06,-4.917e-07,-1.5931e-06,-1.7661e-06,-1.2036e-06,-1.2037e-06,-1.488e-06,-1.488e-06,-6.3082e-07,-1.7117e-06,-1.7196e-06,-1.3964e-06,-1.3964e-06,-1.1856e-06,-1.1855e-06
44,1,5.763e-06,5.7629e-06,4.9287e-06,6.3988e-06,5.9979e-06,6.3487e-06,6.3487e-06,5.1647e-06,5.1647e-06,4.9261e-06,6.7928e-06,7.0294e-06,5.9712e-06,5.9712e-06,5.0552e-06,5.0552e-06
45,1,9.6333e-06,9.6333e-06,8.4717e-06,1.0562e-05,9.7613e-06,1.064e-05,1.064e-05,8.6538e-06,8.6538e-06,8.5097e-06,1.1128e-05,1.1506e-05,9.9857e-06,9.9857e-06,8.6861e-06,8.6861e-06
46,1,2.5002e-07,2.5002e-07,9.9294e-07,4.4864e-07,1.4001e-07,8.5494e-07,8.5494e-07,1.5765e-09,1.5765e-09,7.3574e-07,5.1796e-07,6.0992e-07,4.7819e-07,4.782e-07,1.8691e-07,1.8691e-07
47,1,2.7203e-06,2.7203e-06,-8.965e-07,2.9008e-06,3.8795e-06,1.2364e-06,1.2364e-06,3.0136e-06,3.0136e-06,-3.1124e-07,3.2237e-06,3.1718e-06,2.1476e-06,2.1476e-06,1.8644e-06,1.8644e-06
48,1,4.0424e-06,4.0424e-06,3.7421e-06,3.9097e-06,3.5616e-06,4.1016e-06,4.1016e-06,3.9262e-06,3.9262e-06,4.0617e-06,3.7265e-06,3.6784e-06,4.214e-06,4.214e-06,4.1801e-06,4.1801e-06
49,1,-1.8931e-05,-1.8931e-05,-1.4624e-05,-2.0474e-05,-1.9678e-05,-1.9644e-05,-1.9644e-05,-1.7498e-05,-1.7498e-05,-1.5151e-05,-2.1508e-05,-2.2042e-05,-1.9265e-05,-1.9265e-05,-1.6834e-05,-1.6834e-05
50,1,5.1865e-06,5.1865e-06,4.449e-06,5.9079e-06,5.508e-06,5.8956e-06,5.8956e-06,4.5472e-06,4.5472e-06,4.3139e-06,6.3643e-06,6.6321e-06,5.4288e-06,5.4288e-06,4.3975e-06,4.3975e-06
51,1,-5.7415e-06,-5.7415e-06,-3.3065e-06,-6.0588e-06,-6.2346e-06,-5.2411e-06,-5.241e-06,-5.5735e-06,-5.5734e-06,-3.7339e-06,-6.3462e-06,-6.4121e-06,-5.5904e-06,-5.5903e-06,-5.0287e-06,-5.0287e-06
52,1,-7.5553e-06,-7.5553e-06,-5.712e-06,-7.8039e-06,-7.5391e-06,-7.4611e-06,-7.4611e-06,-7.2189e-06,-7.2189e-06,-6.1728e-06,-7.9567e-06,-8.0322e-06,-7.6258e-06,-7.6258e-06,-7.0768e-06,-7.0768e-06
53,1,6.2221e-06,6.2221e-06,4.926e-06,6.6861e-06,6.3734e-06,6.4852e-06,6.4852e-06,5.7587e-06,5.7587e-06,5.113e-06,6.9785e-06,7.1455e-06,6.3484e-06,6.3484e-06,5.6313e-06,5.6313e-06
54,1,1.2795e-05,1.2795e-05,1.0601e-05,1.3909e-05,1.3102e-05,1.3723e-05,1.3723e-05,1.1671e-05,1.1671e-05,1.0811e-05,1.4598e-05,1.501e-05,1.3182e-05,1.3182e-05,1.1468e-05,1.1468e-05
55,1,-3.6958e-06,-3.6958e-06,-3.7574e-06,-3.9194e-06,-3.403e-06,-4.2891e-06,-4.2892e-06,-3.3118e-06,-3.3119e-06,-3.7141e-06,-3.9855e-06,-4.0939e-06,-3.9979e-06,-3.9979e-06,-3.5605e-06,-3.5605e-06
56,1,-7.7255e-06,-7.7255e-06,-6.3417e-06,-8.1769e-06,-7.6944e-06,-8.0866e-06,-8.0865e-06,-7.1814e-06,-7.1814e-06,-6.5782e-06,-8.4394e-06,-8.6102e-06,-7.9489e-06,-7.9489e-06,-7.1418e-06,-7.1418e-06
57,1,-3.391e-06,-3.3911e-06,-2.5855e-06,-3.6212e-06,-3.4835e-06,-3.4832e-06,-3.4832e-06,-3.1638e-06,-3.1638e-06,-2.6881e-06,-3.7699e-06,-3.8448e-06,-3.464e-06,-3.464e-06,-3.052e-06,-3.052e-06
58,1,-1.5116e-05,-1.5116e-05,-1.1245e-05,-1.6148e-05,-1.5654e-05,-1.5315e-05,-1.5315e-05,-1.4156e-05,-1.4156e-05,-1.1835e-05,-1.6849e-05,-1.719e-05,-1.5293e-05,-1.5293e-05,-1.3587e-05,-1.3587e-05
59,1,-8.2605e-06,-8.2605e-06,-7.4225e-06,-9.3332e-06,-8.5742e-06,-9.4886e-06,-9.4886e-06,-7.2275e-06,-7.2275e-06,-7.2052e-06,-1.0001e-05,-1.0418e-05,-8.6896e-06,-8.6896e-06,-7.1381e-06,-7.1381e-06
60,1,2.3846e-06,2.3845e-06,3.2559e-06,2.3907e-06,1.8055e-06,3.0167e-06,3.0167e-06,2.1031e-06,2.1031e-06,3.2527e-06,2.2753e-06,2.3202e-06,2.6891e-06,2.6891e-06,2.5961e-06,2.5961e-06
61,1,1.0237e-05,1.0237e-05,8.3439e-06,1.1493e-05,1.0866e-05,1.1218e-05,1.1218e-05,9.1393e-06,9.1393e-06,8.3071e-06,1.2332e-05,1.2802e-05,1.0534e-05,1.0534e-05,8.7984e-06,8.7984e-06
62,1,-2.6167e-06,-2.6167e-06,-2.7374e-06,-2.8841e-06,-2.5046e-06,-3.16e-06,-3.16e-06,-2.2704e-06,-2.2704e-06,-2.6312e-06,-3.0076e-06,-3.1207e-06,-2.8559e-06,-2.8559e-06,-2.3943e-06,-2.3943e-06
63,1,1.5593e-05,1.5593e-05,1.1908e-05,1.6758e-05,1.6172e-05,1.5967e-05,1.5967e-05,1.4508e-05,1.4508e-05,1.2486e-05,1.755e-05,1.7958e-05,1.5761e-05,1.5761e-05,1.3999e-05,1.3999e-05
64,1,-1.6377e-05,-1.6377e-05,-1.2171e-05,-1.7551e-05,-1.7041e-05,-1.661e-05,-1.6611e-05,-1.5311e-05,-1.5311e-05,-1.2797e-05,-1.8358e-05,-1.8743e-05,-1.6558e-05,-1.6558e-05,-1.4642e-05,-1.4642e-05
65,1,-1.0433e-05,-1.0433e-05,-9.9688e-06,-1.1312e-05,-1.0129e-05,-1.1903e-05,-1.1903e-05,-9.312e-06,-9.312e-06,-9.885e-06,-1.1753e-05,-1.2131e-05,-1.1069e-05,-1.1069e-05,-9.6607e-06,-9.6607e-06
66,1,1.5029e-05,1.5029e-05,1.2821e-05,1.4903e-05,1.3981e-05,1.499e-05,1.499e-05,1.4541e-05,1.4541e-05,1.3945e-05,1.4612e-05,1.4545e-05,1.544e-05,1.544e-05,1.4908e-05,1.4908e-05
67,1,-1.3055e-05,-1.3055e-05,-1.1615e-05,-1.4203e-05,-1.309e-05,-1.4411e-05,-1.4411e-05,-1.1775e-05,-1.1775e-05,-1.1681e-05,-1.4876e-05,-1.5338e-05,-1.3594e-05,-1.3594e-05,-1.185e-05,-1.185e-05
68,1,1.0426e-06,1.0426e-06,1.2389e-06,1.1085e-06,9.1521e-07,1.2832e-06,1.2832e-06,9.1077e-07,9.1077e-07,1.2207e-06,1.1163e-06,1.1519e-06,1.1483e-06,1.1483e-06,1.0317e-06,1.0317e-06
69,1,-3.5892e-07,-3.5892e-07,-6.108e-07,-4.1078e-07,-2.5463e-07,-5.9372e-07,-5.9375e-07,-2.6016e-07,-2.6015e-07,-5.1911e-07,-4.1773e-07,-4.4872e-07,-4.6412e-07,-4.6411e-07,-3.6997e-07,-3.6998e-07
70,2,5.9325e-07,5.9324e-07,9.2706e-07,1.1955e-07,-1.3266e-08,3.4504e-07,3.4502e-07,7.9891e-07,7.9891e-07,1.2557e-06,-2.6313e-07,-4.2398e-07,5.9862e-07,5.9862e-07,1.1642e-06,1.1642e-06
71,2,-7.282e-06,-7.282e-06,-5.0728e-06,-8.2539e-06,-8.0825e-06,-7.6218e-06,-7.6218e-06,-6.5803e-06,-6.5803e-06,-5.1116e-06,-8.98e-06,-9.3266e-06,-7.3143e-06,-7.3143e-06,-6.0411e-06,-6.0411e-06
72,2,5.2716e-07,5.2716e-07,1.0795e-06,1.8755e-07,-2.5334e-08,5.2357e-07,5.2357e-07,6.207e-07,6.2069e-07,1.2617e-06,-1.1361e-07,-2.233e-07,6.1816e-07,6.1816e-07,9.7521e-07,9.7521e-07
73,2,-1.5793e-06,-1.5793e-06,-1.2839e-06,-2.2207e-06,-2.0441e-06,-2.2097e-06,-2.2097e-06,-1.1255e-06,-1.1255e-06,-9.0957e-07,-2.6634e-06,-2.9021e-06,-1.753e-06,-1.753e-06,-9.1314e-07,-9.1314e-07
74,2,-2.5697e-06,-2.5697e-06,-1.8486e-06,-3.3745e-06,-3.2311e-06,-3.2135e-06,-3.2136e-06,-2.0217e-06,-2.0217e-06,-1.477e-06,-3.9412e-06,-4.2238e-06,-2.7401e-06,-2.7401e-06,-1.6467e-06,-1.6467e-06
75,2,-2.9761e-06,-2.9761e-06,-5.4352e-07,-3.7712e-06,-4.2279e-06,-2.6699e-06,-2.6699e-06,-2.684e-06,-2.684e-06,-5.5563e-07,-4.4886e-06,-4.7315e-06,-2.6857e-06,-2.6857e-06,-1.7589e-06,-1.7589e-06
76,2,1.2841e-05,1.2841e-05,7.7366e-06,1.4047e-05,1.4291e-05,1.231e-05,1.231e-05,1.2124e-05,1.2124e-05,8.3629e-06,1.5019e-05,1.5369e-05,1.2594e-05,1.2594e-05,1.0875e-05,1.0875e-05
77,2,-4.4606e-06,-4.4606e-06,-2.7217e-06,-4.6704e-06,-4.7272e-06,-4.1447e-06,-4.1447e-06,-4.3199e-06,-4.3199e-06,-3.041e-06,-4.8529e-06,-4.9001e-06,-4.3868e-06,-4.3868e-06,-3.9904e-06,-3.9904e-06
78,2,-6.6034e-06,-6.6034e-06,-4.4965e-06,-6.8918e-06,-6.8389e-06,-6.321e-06,-6.321e-06,-6.3479e-06,-6.3479e-06,-4.9406e-06,-7.1123e-06,-7.1887e-06,-6.5652e-06,-6.5652e-06,-6.0265e-06,-6.0264e-06
79,2,-1.3401e-05,-1.3401e-05,-1.0335e-05,-1.4453e-05,-1.3872e-05,-1.3872e-05,-1.3872e-05,-1.2406e-05,-1.2406e-05,-1.073e-05,-1.5167e-05,-1.5542e-05,-1.3619e-05,-1.3619e-05,-1.1984e-05,-1.1984e-05
80,2,-3.8106e-06,-3.8106e-06,-1.6944e-06,-4.4284e-06,-4.7021e-06,-3.5936e-06,-3.5936e-06,-3.5288e-06,-3.5288e-06,-1.7825e-06,-4.9608e-06,-5.1347e-06,-3.6693e-06,-3.6693e-06,-2.7909e-06,-2.7909e-06
81,2,-9.6375e-06,-9.6375e-06,-7.8165e-06,-1.0247e-05,-9.7123e-06,-1.0036e-05,-1.0036e-05,-8.9539e-06,-8.9539e-06,-8.1396e-06,-1.0621e-05,-1.0845e-05,-9.8585e-06,-9.8585e-06,-8.8348e-06,-8.8348e-06
82,2,-1.0209e-05,-1.0209e-05,-8.7287e-06,-1.1137e-05,-1.0385e-05,-1.1124e-05,-1.1124e-05,-9.2452e-06,-9.2452e-06,-8.8044e-06,-1.1703e-05,-1.2062e-05,-1.0576e-05,-1.0576e-05,-9.1709e-06,-9.1709e-06
83,2,5.4114e-06,5.4114e-06,4.5477e-06,5.7688e-06,5.4248e-06,5.7225e-06,5.7226e-06,5.0006e-06,5.0006e-06,4.7073e-06,5.9709e-06,6.1019e-06,5.5757e-06,5.5757e-06,4.9664e-06,4.9664e-06
84,2,1.8432e-06,1.8432e-06,2.1573e-06,2.122e-06,1.778e-06,2.3992e-06,2.3992e-06,1.5124e-06,1.5124e-06,2.0221e-06,2.2681e-06,2.3939e-06,2.0353e-06,2.0353e-06,1.6421e-06,1.6421e-06
85,2,1.6027e-05,1.6027e-05,1.4504e-05,1.7322e-05,1.5877e-05,1.7719e-05,1.7719e-05,1.4493e-05,1.4493e-05,1.4627e-05,1.8025e-05,1.8551e-05,1.675e-05,1.675e-05,1.4716e-05,1.4716e-05
86,2,3.1847e-06,3.1847e-06,2.2117e-06,3.3838e-06,3.355e-06,3.1135e-06,3.1135e-06,3.0253e-06,3.0252e-06,2.3872e-06,3.5267e-06,3.5812e-06,3.1837e-06,3.1837e-06,2.8352e-06,2.8352e-06
87,2,-6.3075e-09,-6.3084e-09,-1.046e-07,-2.3874e-07,-1.6918e-07,-2.9024e-07,-2.9024e-07,1.5748e-07,1.5748e-07,8.354e-08,-4.0208e-07,-4.941e-07,-7.103e-08,-7.1032e-08,2.0671e-07,2.0671e-07
88,2,6.8504e-06,6.8504e-06,5.1013e-06,7.3186e-06,7.1012e-06,6.9453e-06,6.9452e-06,6.416e-06,6.416e-06,5.369e-06,7.6312e-06,7.7796e-06,6.9432e-06,6.9432e-06,6.1426e-06,6.1426e-06
89,2,8.4618e-06,8.4618e-06,7.1115e-06,9.2884e-06,8.7193e-06,9.182e-06,9.1819e-06,7.6558e-06,7.6558e-06,7.1851e-06,9.8046e-06,1.012e-05,8.7215e-06,8.7215e-06,7.541e-06,7.5411e-06
90,2,-8.2765e-06,-8.2765e-06,-6.253e-06,-8.9667e-06,-8.637e-06,-8.5682e-06,-8.5682e-06,-7.6536e-06,-7.6536e-06,-6.4633e-06,-9.4349e-06,-9.6723e-06,-8.4271e-06,-8.4271e-06,-7.3302e-06,-7.3302e-06
91,2,-1.0515e-05,-1.0515e-05,-7.9192e-06,-1.1566e-05,-1.1168e-05,-1.0995e-05,-1.0995e-05,-9.6319e-06,-9.6319e-06,-8.0927e-06,-1.2294e-05,-1.2658e-05,-1.0695e-05,-1.0695e-05,-9.1342e-06,-9.1342e-06
92,2,-1.3266e-05,-1.3266e-05,-1.0739e-05,-1.4234e-05,-1.3505e-05,-1.3933e-05,-1.3933e-05,-1.2257e-05,-1.2257e-05,-1.1089e-05,-1.4827e-05,-1.5172e-05,-1.3617e-05,-1.3617e-05,-1.2008e-05,-1.2008e-05
93,2,-2.5265e-06,-2.5265e-06,-6.3607e-07,-2.5648e-06,-2.9122e-06,-1.8382e-06,-1.8382e-06,-2.6357e-06,-2.6357e-06,-9.8718e-07,-2.6583e-06,-2.6183e-06,-2.3268e-06,-2.3268e-06,-2.1689e-06,-2.1689e-06
94,2,-8.1985e-06,-8.1985e-06,-6.9453e-06,-8.8851e-06,-8.3286e-06,-8.8485e-06,-8.8486e-06,-7.4748e-06,-7.4748e-06,-7.052e-06,-9.298e-06,-9.5495e-06,-8.5018e-06,-8.5018e-06,-7.3594e-06,-7.3594e-06
95,2,-5.528e-06,-5.528e-06,-5.9039e-06,-6.1547e-06,-5.3234e-06,-6.7249e-06,-6.7249e-06,-4.7472e-06,-4.7472e-06,-5.6895e-06,-6.4799e-06,-6.765e-06,-5.9665e-06,-5.9665e-06,-5.0626e-06,-5.0626e-06
96,2,8.9471e-06,8.9471e-06,6.7115e-06,9.6716e-06,9.3857e-06,9.1379e-06,9.1379e-06,8.3132e-06,8.3132e-06,7.0336e-06,1.0179e-05,1.0428e-05,9.0155e-06,9.0155e-06,7.9451e-06,7.9451e-06
97,2,-5.7111e-06,-5.7111e-06,-4.0458e-06,-5.9847e-06,-5.8688e-06,-5.5902e-06,-5.5901e-06,-5.4483e-06,-5.4483e-06,-4.3674e-06,-6.1747e-06,-6.2521e-06,-5.7386e-06,-5.7386e-06,-5.2122e-06,-5.2122e-06
98,2,2.3177e-06,2.3177e-06,1.9432e-06,2.8071e-06,2.6462e-06,2.7288e-06,2.7288e-06,1.9416e-06,1.9416e-06,1.8077e-06,3.1503e-06,3.3381e-06,2.3909e-06,2.3909e-06,1.8019e-06,1.8019e-06
99,2,-4.0935e-06,-4.0935e-06,-1.8538e-06,-4.3214e-06,-4.6341e-06,-3.4812e-06,-3.4812e-06,-4.0546e-06,-4.0546e-06,-2.2393e-06,-4.5546e-06,-4.578e-06,-3.8994e-06,-3.8994e-06,-3.4782e-06,-3.4782e-06
100,2,-5.0268e-08,-5.027e-08,1.08e-06,-1.7037e-06,-1.8856e-06,-1.0656e-06,-1.0656e-06,8.0716e-07,8.0716e-07,2.0742e-06,-2.9951e-06,-3.5933e-06,-6.4832e-08,-6.4838e-08,1.7818e-06,1.7818e-06
101,2,3.357e-06,3.357e-06,2.2012e-06,3.1598e-06,3.2429e-06,2.8053e-06,2.8053e-06,3.4633e-06,3.4633e-06,2.7114e-06,3.0303e-06,2.9271e-06,3.2459e-06,3.2459e-06,3.3551e-06,3.3551e-06
102,2,-4.3431e-06,-4.3431e-06,-3.0607e-06,-4.6905e-06,-4.5966e-06,-4.4038e-06,-4.4038e-06,-4.061e-06,-4.061e-06,-3.1755e-06,-4.9172e-06,-5.0121e-06,-4.4383e-06,-4.4383e-06,-3.7868e-06,-3.7868e-06
103,2,7.6968e-07,7.6968e-07,4.6845e-07,9.6834e-07,9.6842e-07,8.5976e-07,8.5976e-07,6.5107e-07,6.5108e-07,4.1867e-07,1.1117e-06,1.1798e-06,7.7567e-07,7.7567e-07,5.3842e-07,5.3843e-07
104,2,-1.9931e-05,-1.9931e-05,-1.5527e-05,-2.1507e-05,-2.0604e-05,-2.0705e-05,-2.0705e-05,-1.843e-05,-1.843e-05,-1.61e-05,-2.255e-05,-2.3112e-05,-2.0283e-05,-2.0283e-05,-1.786e-05,-1.786e-05
105,2,7.9475e-06,7.9475e-06,5.9936e-06,8.4438e-06,8.1567e-06,8.0517e-06,8.0517e-06,7.4583e-06,7.4583e-06,6.3284e-06,8.7653e-06,8.9292e-06,8.0487e-06,8.0487e-06,7.2214e-06,7.2214e-06
106,2,-1.4021e-06,-1.4021e-06,-2.3911e-06,-1.3505e-06,-8.2248e-07,-2.0017e-06,-2.0017e-06,-1.1899e-06,-1.1899e-06,-2.3116e-06,-1.2037e-06,-1.2241e-06,-1.7081e-06,-1.7081e-06,-1.6638e-06,-1.6638e-06
107,2,-7.8403e-06,-7.8403e-06,-7.6563e-06,-8.363e-06,-7.4316e-06,-8.8982e-06,-8.8982e-06,-7.0618e-06,-7.0618e-06,-7.6603e-06,-8.575e-06,-8.8111e-06,-8.3396e-06,-8.3396e-06,-7.4332e-06,-7.4332e-06
108,2,-5.868e-06,-5.868e-06,-4.5272e-06,-6.4459e-06,-6.2099e-06,-6.1525e-06,-6.1524e-06,-5.3697e-06,-5.3697e-06,-4.6449e-06,-6.8472e-06,-7.05e-06,-5.9623e-06,-5.9623e-06,-5.106e-06,-5.106e-06
109,2,-3.6486e-06,-3.6486e-06,-4.2843e-06,-3.7695e-06,-3.0768e-06,-4.4148e-06,-4.4148e-06,-3.2445e-06,-3.2445e-06,-4.2427e-06,-3.7269e-06,-3.8176e-06,-4.0272e-06,-4.0272e-06,-3.7264e-06,-3.7264e-06
110,2,-9.0774e-06,-9.0774e-06,-8.2467e-06,-9.9182e-06,-9.0677e-06,-1.015e-05,-1.015e-05,-8.132e-06,-8.132e-06,-8.2361e-06,-1.0405e-05,-1.0752e-05,-9.4906e-06,-9.4906e-06,-8.249e-06,-8.249e-06
111,2,-4.8492e-06,-4.8492e-06,-3.1986e-06,-5.0775e-06,-5.0717e-06,-4.6141e-06,-4.6141e-06,-4.6678e-06,-4.6678e-06,-3.5094e-06,-5.2565e-06,-5.3117e-06,-4.8234e-06,-4.8234e-06,-4.3737e-06,-4.3737e-06
112,2,-5.8963e-06,-5.8963e-06,-5.0836e-06,-6.3028e-06,-5.876e-06,-6.3222e-06,-6.3222e-06,-5.4166e-06,-5.4166e-06,-5.2106e-06,-6.5317e-06,-6.686e-06,-6.1137e-06,-6.1137e-06,-5.4044e-06,-5.4044e-06
113,2,9.3473e-06,9.3473e-06,5.7519e-06,1.0165e-05,1.0314e-05,8.9649e-06,8.9649e-06,8.8384e-06,8.8384e-06,6.2426e-06,1.0832e-05,1.1067e-05,9.1752e-06,9.1752e-06,7.9646e-06,7.9646e-06
114,2,-2.1875e-05,-2.1875e-05,-1.5743e-05,-2.3672e-05,-2.3136e-05,-2.2211e-05,-2.2211e-05,-2.0389e-05,-2.0389e-05,-1.644e-05,-2.4909e-05,-2.5466e-05,-2.2158e-05,-2.2158e-05,-1.9192e-05,-1.9192e-05
115,2,-1.0714e-06,-1.0714e-06,-6.8796e-07,-2.8943e-06,-2.7151e-06,-2.6624e-06,-2.6625e-06,5.7077e-08,5.7098e-08,4.5397e-07,-4.242e-06,-4.9327e-06,-1.2842e-06,-1.2842e-06,7.8032e-07,7.8033e-07
116,2,6.9439e-06,6.9439e-06,4.5096e-06,7.5938e-06,7.6145e-06,6.7942e-06,6.7941e-06,6.5044e-06,6.5044e-06,4.8292e-06,8.1145e-06,8.3247e-06,6.8268e-06,6.8268e-06,5.9569e-06,5.9569e-06
117,2,6.1602e-06,6.1603e-06,5.5095e-06,6.7805e-06,6.2496e-06,6.8806e-06,6.8806e-06,5.5081e-06,5.5081e-06,5.4958e-06,7.1473e-06,7.3909e-06,6.4307e-06,6.4307e-06,5.5096e-06,5.5096e-06
118,2,2.6514e-06,2.6514e-06,2.5189e-06,2.7083e-06,2.4424e-06,2.8539e-06,2.8539e-06,2.4783e-06,2.4783e-06,2.62e-06,2.6912e-06,2.719e-06,2.7883e-06,2.7883e-06,2.6165e-06,2.6165e-06
119,2,4.761e-06,4.761e-06,2.9109e-06,5.1154e-06,5.1952e-06,4.5055e-06,4.5055e-06,4.5448e-06,4.5448e-06,3.1944e-06,5.4013e-06,5.497e-06,4.6704e-06,4.6704e-06,4.1345e-06,4.1345e-06
120,2,-8.2241e-06,-8.2241e-06,-5.5867e-06,-8.877e-06,-8.7875e-06,-8.1589e-06,-8.1589e-06,-7.7247e-06,-7.7247e-06,-5.918e-06,-9.3565e-06,-9.5507e-06,-8.2495e-06,-8.2495e-06,-7.1813e-06,-7.1813e-06
121,2,1.2369e-05,1.2369e-05,9.2162e-06,1.3591e-05,1.3183e-05,1.2825e-05,1.2825e-05,1.1361e-05,1.1361e-05,9.5088e-06,1.4455e-05,1.4882e-05,1.2494e-05,1.2494e-05,1.0756e-05,1.0756e-05
122,2,-6.6151e-06,-6.6151e-06,-4.7991e-06,-6.8956e-06,-6.7379e-06,-6.4706e-06,-6.4706e-06,-6.3181e-06,-6.3181e-06,-5.2052e-06,-7.0917e-06,-7.1765e-06,-6.6298e-06,-6.6298e-06,-6.1042e-06,-6.1042e-06
123,2,1.2532e-05,1.2532e-05,1.0112e-05,1.3367e-05,1.268e-05,1.3096e-05,1.3096e-05,1.1625e-05,1.1625e-05,1.0497e-05,1.3867e-05,1.4163e-05,1.2851e-05,1.2851e-05,1.1434e-05,1.1434e-05
124,2,-4.838e-07,-4.838e-07,-5.7756e-07,-3.0563e-07,-2.1241e-07,-4.3939e-07,-4.3942e-07,-5.4285e-07,-5.4284e-07,-6.7428e-07,-1.5047e-07,-8.7426e-08,-5.4373e-07,-5.4372e-07,-6.8533e-07,-6.8534e-07
125,2,-1.9182e-06,-1.9182e-06,2.4824e-07,-1.9243e-06,-2.4796e-06,-9.5176e-07,-9.5181e-07,-2.135e-06,-2.135e-06,-1.8924e-07,-2.0493e-06,-1.9889e-06,-1.5599e-06,-1.5599e-06,-1.5201e-06,-1.5201e-06
126,2,-9.1274e-06,-9.1274e-06,-6.9738e-06,-1.034e-05,-9.9269e-06,-9.8981e-06,-9.8981e-06,-8.1591e-06,-8.1591e-06,-6.8893e-06,-1.1179e-05,-1.1606e-05,-9.3761e-06,-9.376e-06,-7.6227e-06,-7.6227e-06
127,2,4.1015e-06,4.1015e-06,5.254e-06,4.7021e-06,3.7767e-06,5.5019e-06,5.5019e-06,3.3084e-06,3.3084e-06,4.9331e-06,5.0044e-06,5.3157e-06,4.5284e-06,4.5284e-06,3.8398e-06,3.8398e-06
128,2,-6.0761e-06,-6.0761e-06,-4.2839e-06,-6.3676e-06,-6.2567e-06,-5.9665e-06,-5.9665e-06,-5.7968e-06,-5.7968e-06,-4.5993e-06,-6.557e-06,-6.6232e-06,-6.1539e-06,-6.1539e-06,-5.4979e-06,-5.4979e-06
129,2,1.3719e-05,1.3719e-05,1.1285e-05,1.3974e-05,1.3253e-05,1.3784e-05,1.3784e-05,1.3113e-05,1.3113e-05,1.2151e-05,1.4025e-05,1.4098e-05,1.4009e-05,1.4009e-05,1.3184e-05,1.3184e-05
130,2,-8.4686e-06,-8.4686e-06,-6.3969e-06,-9.0845e-06,-8.7585e-06,-8.7098e-06,-8.7098e-06,-7.8865e-06,-7.8865e-06,-6.6492e-06,-9.4815e-06,-9.6777e-06,-8.6569e-06,-8.6569e-06,-7.5646e-06,-7.5646e-06
131,2,9.9297e-06,9.9297e-06,8.874e-06,1.0974e-05,1.0115e-05,1.1088e-05,1.1088e-05,8.8532e-06,8.8532e-06,8.855e-06,1.162e-05,1.2048e-05,1.0304e-05,1.0304e-05,8.8821e-06,8.8821e-06
132,2,3.9122e-06,3.9122e-06,2.0699e-06,3.9036e-06,4.1379e-06,3.2148e-06,3.2146e-06,3.9769e-06,3.9769e-06,2.5947e-06,3.9551e-06,3.9145e-06,3.6858e-06,3.6858e-06,3.6441e-06,3.6441e-06
133,2,1.241e-06,1.241e-06,2.6504e-06,-6.8172e-08,-5.5703e-07,7.9604e-07,7.9601e-07,1.7563e-06,1.7563e-06,3.4271e-06,-1.1439e-06,-1.583e-06,1.3802e-06,1.3802e-06,2.8323e-06,2.8323e-06
134,2,2.0417e-06,2.0417e-06,1.7064e-06,2.3167e-06,2.1943e-06,2.2439e-06,2.2439e-06,1.8115e-06,1.8115e-06,1.7047e-06,2.5068e-06,2.616e-06,2.0733e-06,2.0733e-06,1.7481e-06,1.7481e-06
135,2,-2.2797e-06,-2.2797e-06,-1.5235e-06,-2.6809e-06,-2.6442e-06,-2.442e-06,-2.442e-06,-2.0104e-06,-2.0104e-06,-1.4784e-06,-2.9844e-06,-3.1254e-06,-2.2902e-06,-2.2902e-06,-1.7719e-06,-1.7719e-06
136,2,1.4613e-05,1.4613e-05,1.3364e-05,1.5728e-05,1.4351e-05,1.6174e-05,1.6174e-05,1.323e-05,1.323e-05,1.3495e-05,1.6312e-05,1.678e-05,1.5285e-05,1.5285e-05,1.3546e-05,1.3546e-05
137,2,2.3202e-06,2.3202e-06,1.6209e-06,2.5467e-06,2.5236e-06,2.3324e-06,2.3324e-06,2.1547e-06,2.1547e-06,1.7087e-06,2.7168e-06,2.7908e-06,2.3086e-06,2.3086e-06,1.9939e-06,1.994e-06
138,2,3.9039e-06,3.9039e-06,3.2312e-06,3.7588e-06,3.5498e-06,3.7329e-06,3.7328e-06,3.8574e-06,3.8574e-06,3.6217e-06,3.6132e-06,3.5601e-06,3.9497e-06,3.9497e-06,4.003e-06,4.003e-06
139,2,-3.439e-06,-3.439e-06,-3.4025e-06,-4.6148e-06,-4.0922e-06,-4.8551e-06,-4.8551e-06,-2.5041e-06,-2.504e-06,-2.7036e-06,-5.3843e-06,-5.8325e-06,-3.862e-06,-3.862e-06,-2.2787e-06,-2.2787e-06
140,3,-2.7763e-06,-2.7763e-06,-9.4242e-07,-4.018e-06,-4.1768e-06,-3.2921e-06,-3.2922e-06,-2.1107e-06,-2.1107e-06,-4.4683e-07,-4.9809e-06,-5.3996e-06,-2.7834e-06,-2.7834e-06,-1.238e-06,-1.238e-06
141,3,3.7698e-07,3.7698e-07,1.1365e-06,2.1544e-07,-6.86e-08,6.0153e-07,6.0151e-07,3.412e-07,3.4119e-07,1.1886e-06,4.9527e-08,2.7328e-08,4.7364e-07,4.7364e-07,7.1869e-07,7.187e-07
142,3,1.3973e-05,1.3973e-05,1.1101e-05,1.3217e-05,1.2736e-05,1.2866e-05,1.2866e-05,1.4045e-05,1.4045e-05,1.2761e-05,1.2556e-05,1.2234e-05,1.4028e-05,1.4028e-05,1.4364e-05,1.4364e-05
143,3,-5.9181e-06,-5.9181e-06,-4.1193e-06,-6.766e-06,-6.6091e-06,-6.3551e-06,-6.355e-06,-5.303e-06,-5.303e-06,-4.0095e-06,-7.3483e-06,-7.6131e-06,-6.1144e-06,-6.1144e-06,-4.766e-06,-4.766e-06
144,3,-6.4289e-06,-6.4289e-06,-4.751e-06,-8.4252e-06,-8.0297e-06,-8.0931e-06,-8.0931e-06,-5.0479e-06,-5.0479e-06,-3.8157e-06,-9.8151e-06,-1.0513e-05,-6.8892e-06,-6.8892e-06,-4.1456e-06,-4.1456e-06
145,3,-1.2228e-06,-1.2228e-06,1.3302e-06,-2.8836e-06,-3.4849e-06,-1.5954e-06,-1.5954e-06,-5.1848e-07,-5.1847e-07,2.0469e-06,-4.2496e-06,-4.7848e-06,-1.0336e-06,-1.0335e-06,9.4827e-07,9.4828e-07
146,3,0.00011552,0.00011552,9.8542e-05,0.00012196,9.5674e-05,9.1628e-05,9.1628e-05,6.7901e-05,6.7901e-05,9.2738e-05,0.0001167,0.00010088,9.8781e-05,8.3522e-05,0.00014061,0.00014061
147,3,0.00011798,0.00011798,0.00010073,0.00013488,8.6207e-05,9.5963e-05,9.5963e-05,6.8774e-05,6.8774e-05,9.4179e-05,0.00012038,0.0001058,0.00010554,9.0276e-05,0.00013849,0.00013849
148,3,-2.3723e-07,-2.3723e-07,3.3044e-07,-4.0166e-07,-5.3517e-07,-1.442e-07,-1.4422e-07,-2.0028e-07,-2.0027e-07,3.6463e-07,-5.5911e-07,-6.0811e-07,-1.6769e-07,-1.6768e-07,1.7232e-08,1.724e-08
149,3,4.3701e-06,4.3701e-06,2.8246e-06,4.3932e-06,4.4433e-06,3.9098e-06,3.9099e-06,4.3339e-06,4.334e-06,3.3018e-06,4.4307e-06,4.4156e-06,4.2489e-06,4.249e-06,4.1415e-06,4.1415e-06
150,3,2.7124e-06,2.7124e-06,1.5723e-06,2.9708e-06,3.0522e-06,2.5529e-06,2.5529e-06,2.5724e-06,2.5724e-06,1.7396e-06,3.1841e-06,3.2592e-06,2.6263e-06,2.6263e-06,2.2938e-06,2.2938e-06
151,3,1.2582e-06,1.2582e-06,7.939e-07,1.2599e-06,1.2818e-06,1.1051e-06,1.1051e-06,1.2548e-06,1.2548e-06,9.4892e-07,1.2681e-06,1.2614e-06,1.2156e-06,1.2157e-06,1.1945e-06,1.1945e-06
152,3,5.8061e-06,5.8061e-06,3.7572e-06,6.2252e-06,6.2572e-06,5.5876e-06,5.5877e-06,5.52e-06,5.52e-06,4.0893e-06,6.5449e-06,6.6596e-06,5.7432e-06,5.7432e-06,5.0884e-06,5.0884e-06
153,3,-1.0367e-05,-1.0367e-05,-7.7732e-06,-1.1837e-05,-1.1402e-05,-1.125e-05,-1.125e-05,-9.2304e-06,-9.2304e-06,-7.6404e-06,-1.2874e-05,-1.3398e-05,-1.0611e-05,-1.0611e-05,-8.5639e-06,-8.5639e-06
154,3,-4.5168e-06,-4.5168e-06,-3.1787e-06,-4.9531e-06,-4.8524e-06,-4.624e-06,-4.6241e-06,-4.1782e-06,-4.1782e-06,-3.2738e-06,-5.2602e-06,-5.3975e-06,-4.5832e-06,-4.5831e-06,-3.8808e-06,-3.8808e-06
155,3,4.8727e-07,4.8728e-07,3.3211e-07,-6.426e-07,-5.0875e-07,-6.5877e-07,-6.5898e-07,1.1865e-06,1.1866e-06,1.1996e-06,-1.4584e-06,-1.8816e-06,2.7519e-07,2.7517e-07,1.6094e-06,1.6094e-06
156,3,-3.5823e-06,-3.5823e-06,-2.0199e-06,-5.0993e-06,-5.0733e-06,-4.5089e-06,-4.5089e-06,-2.6695e-06,-2.6695e-06,-1.3664e-06,-6.2397e-06,-6.7783e-06,-3.6866e-06,-3.6866e-06,-1.8249e-06,-1.8249e-06
157,3,-3.682e-06,-3.6821e-06,-2.1871e-06,-5.2378e-06,-5.1632e-06,-4.6677e-06,-4.6676e-06,-2.7315e-06,-2.7315e-06,-1.5258e-06,-6.4038e-06,-6.9722e-06,-3.7717e-06,-3.7717e-06,-1.9471e-06,-1.9471e-06
158,3,3.204e-06,3.204e-06,2.555e-06,3.5598e-06,3.389e-06,3.4341e-06,3.4341e-06,2.894e-06,2.894e-06,2.5872e-06,3.8038e-06,3.9403e-06,3.2572e-06,3.2572e-06,2.7981e-06,2.7981e-06
159,3,-6.8316e-06,-6.8316e-06,-5.6004e-06,-7.5085e-06,-7.0811e-06,-7.453e-06,-7.453e-06,-6.1861e-06,-6.1861e-06,-5.5716e-06,-7.9059e-06,-8.1264e-06,-7.1686e-06,-7.1686e-06,-5.9556e-06,-5.9556e-06
160,3,1.3007e-05,1.3007e-05,8.6053e-06,1.3976e-05,1.3935e-05,1.2693e-05,1.2693e-05,1.2298e-05,1.2298e-05,9.2477e-06,1.4714e-05,1.4997e-05,1.2941e-05,1.2941e-05,1.1397e-05,1.1397e-05
161,3,-1.3456e-06,-1.3456e-06,-3.6923e-07,-1.829e-06,-1.9721e-06,-1.4838e-06,-1.4838e-06,-1.1158e-06,-1.1158e-06,-1.745e-07,-2.1831e-06,-2.3053e-06,-1.4195e-06,-1.4195e-06,-6.0902e-07,-6.0902e-07
162,3,-1.2553e-05,-1.2553e-05,-7.2263e-06,-1.3529e-05,-1.3904e-05,-1.1708e-05,-1.1708e-05,-1.2022e-05,-1.2022e-05,-7.9935e-06,-1.4348e-05,-1.4589e-05,-1.227e-05,-1.227e-05,-1.0712e-05,-1.0712e-05
163,3,1.3773e-05,1.3773e-05,1.2532e-05,1.3898e-05,1.2758e-05,1.4305e-05,1.4305e-05,1.3056e-05,1.3056e-05,1.3333e-05,1.3783e-05,1.3862e-05,1.4242e-05,1.4242e-05,1.3633e-05,1.3633e-05
164,3,-3.1451e-06,-3.1451e-06,-3.3355e-06,-3.8453e-06,-3.3395e-06,-4.2373e-06,-4.2373e-06,-2.489e-06,-2.489e-06,-2.8847e-06,-4.2294e-06,-4.4817e-06,-3.5975e-06,-3.5975e-06,-2.4567e-06,-2.4567e-06
165,3,7.3969e-06,7.3969e-06,6.6275e-06,7.5315e-06,6.9505e-06,7.6516e-06,7.6517e-06,6.9885e-06,6.9885e-06,7.0669e-06,7.5463e-06,7.6264e-06,7.5714e-06,7.5714e-06,7.2689e-06,7.269e-06
166,3,-4.6052e-06,-4.6052e-06,-4.5329e-06,-5.0186e-06,-4.4681e-06,-5.3682e-06,-5.3682e-06,-4.0823e-06,-4.0823e-06,-4.4289e-06,-5.2005e-06,-5.359e-06,-4.9842e-06,-4.9842e-06,-4.2021e-06,-4.2021e-06
167,3,1.2766e-05,1.2766e-05,1.1091e-05,1.3957e-05,1.2988e-05,1.3935e-05,1.3935e-05,1.153e-05,1.153e-05,1.123e-05,1.4701e-05,1.5183e-05,1.3152e-05,1.3152e-05,1.1506e-05,1.1506e-05
168,3,3.638e-06,3.638e-06,3.3885e-06,4.1985e-06,3.807e-06,4.2979e-06,4.2978e-06,3.1129e-06,3.1129e-06,3.2352e-06,4.56e-06,4.7958e-06,3.8177e-06,3.8177e-06,3.1219e-06,3.1219e-06
169,3,4.8012e-07,4.8009e-07,3.6912e-07,5.5326e-07,5.2696e-07,5.2289e-07,5.2281e-07,4.2044e-07,4.2046e-07,3.6589e-07,6.0957e-07,6.4092e-07,4.7399e-07,4.74e-07,4.0949e-07,4.0951e-07
170,3,1.9589e-07,1.9589e-07,-6.1928e-07,2.2671e-07,5.1268e-07,-2.2664e-07,-2.2667e-07,2.9914e-07,2.9913e-07,-4.594e-07,3.1633e-07,3.0832e-07,-1.676e-08,-1.6766e-08,2.9867e-08,2.9874e-08
171,3,-6.206e-06,-6.206e-06,-3.8088e-06,-7.8872e-06,-7.8565e-06,-7.0095e-06,-7.0095e-06,-5.1669e-06,-5.1669e-06,-3.3522e-06,-9.1761e-06,-9.7768e-06,-6.2228e-06,-6.2228e-06,-4.1915e-06,-4.1915e-06
172,3,-5.2507e-06,-5.2507e-06,-3.2821e-06,-6.2245e-06,-6.2249e-06,-5.5251e-06,-5.5252e-06,-4.6391e-06,-4.6391e-06,-3.2021e-06,-6.9897e-06,-7.3343e-06,-5.1976e-06,-5.1976e-06,-4.0097e-06,-4.0097e-06
173,3,-4.7964e-06,-4.7964e-06,-3.4284e-06,-5.169e-06,-5.0467e-06,-4.8331e-06,-4.8331e-06,-4.4826e-06,-4.4826e-06,-3.6017e-06,-5.4377e-06,-5.5628e-06,-4.8289e-06,-4.8289e-06,-4.2546e-06,-4.2546e-06
174,3,-6.4248e-06,-6.4248e-06,-6.0783e-06,-7.1656e-06,-6.466e-06,-7.4652e-06,-7.4652e-06,-5.6289e-06,-5.6289e-06,-5.9082e-06,-7.591e-06,-7.892e-06,-6.8254e-06,-6.8254e-06,-5.7154e-06,-5.7154e-06
175,3,-1.6036e-06,-1.6036e-06,-1.2937e-06,-2.5749e-06,-2.3751e-06,-2.5464e-06,-2.5464e-06,-9.4989e-07,-9.4988e-07,-6.8785e-07,-3.2517e-06,-3.606e-06,-1.8434e-06,-1.8434e-06,-5.7715e-07,-5.7714e-07
176,3,2.8939e-06,2.8939e-06,2.6995e-06,2.6252e-06,2.4156e-06,2.7151e-06,2.7151e-06,2.9225e-06,2.9225e-06,3.1059e-06,2.3927e-06,2.3047e-06,2.9112e-06,2.9112e-06,3.1761e-06,3.1761e-06
177,3,2.8284e-07,2.8283e-07,5.6519e-07,5.4418e-07,3.788e-07,7.0105e-07,7.011e-07,5.7747e-08,5.7733e-08,3.5332e-07,7.0494e-07,8.1442e-07,3.9304e-07,3.9304e-07,8.8954e-08,8.8964e-08
178,3,8.675e-07,8.675e-07,3.4812e-08,8.7184e-07,1.0762e-06,4.4693e-07,4.469e-07,9.4725e-07,9.4726e-07,2.6785e-07,9.4325e-07,9.4258e-07,6.4508e-07,6.4507e-07,7.6615e-07,7.6615e-07
179,3,2.6055e-06,2.6055e-06,1.7816e-06,2.1413e-06,2.2095e-06,1.9201e-06,1.92e-06,2.8651e-06,2.8651e-06,2.387e-06,1.809e-06,1.6139e-06,2.483e-06,2.483e-06,2.9275e-06,2.9275e-06
180,3,6.0548e-06,6.0548e-06,5.4652e-06,6.5138e-06,5.989e-06,6.5869e-06,6.5869e-06,5.5033e-06,5.5033e-06,5.6022e-06,6.7887e-06,6.9977e-06,6.2165e-06,6.2165e-06,5.6368e-06,5.6368e-06
181,3,1.0663e-05,1.0663e-05,9.0642e-06,1.1785e-05,1.1026e-05,1.1641e-05,1.1641e-05,9.5826e-06,9.5826e-06,9.1401e-06,1.2524e-05,1.2978e-05,1.0932e-05,1.0932e-05,9.4712e-06,9.4712e-06
182,3,-7.3303e-06,-7.3303e-06,-5.1731e-06,-9.611e-06,-9.2786e-06,-8.9941e-06,-8.9941e-06,-5.8063e-06,-5.8063e-06,-4.2379e-06,-1.1264e-05,-1.2085e-05,-7.6549e-06,-7.6549e-06,-4.7372e-06,-4.7372e-06
183,3,1.5726e-05,1.5726e-05,1.2913e-05,1.5665e-05,1.49e-05,1.5408e-05,1.5408e-05,1.5256e-05,1.5256e-05,1.4201e-05,1.5485e-05,1.5444e-05,1.594e-05,1.594e-05,1.5475e-05,1.5475e-05
184,3,1.0784e-06,1.0784e-06,8.1949e-07,1.3354e-06,1.2741e-06,1.2883e-06,1.2883e-06,8.9518e-07,8.9516e-07,7.1856e-07,1.5083e-06,1.5969e-06,1.1421e-06,1.1421e-06,7.8103e-07,7.8104e-07
185,3,1.4667e-06,1.4667e-06,2.19e-06,1.7757e-06,1.3101e-06,2.2608e-06,2.2608e-06,1.0746e-06,1.0746e-06,1.9192e-06,1.9077e-06,2.0537e-06,1.7603e-06,1.7603e-06,1.3208e-06,1.3208e-06
186,3,7.0375e-06,7.0375e-06,6.2732e-06,6.0581e-06,5.6245e-06,6.2095e-06,6.2095e-06,7.3365e-06,7.3365e-06,7.4773e-06,5.2679e-06,4.9325e-06,7.0152e-06,7.0152e-06,8.0479e-06,8.0479e-06
187,3,1.5504e-06,1.5504e-06,1.0886e-06,1.3806e-06,1.4426e-06,1.1368e-06,1.1368e-06,1.6494e-06,1.6494e-06,1.4803e-06,1.3074e-06,1.259e-06,1.3436e-06,1.3436e-06,1.6843e-06,1.6843e-06
188,3,2.9958e-06,2.9958e-06,2.737e-06,1.5057e-06,1.4142e-06,1.6207e-06,1.6206e-06,3.7802e-06,3.7802e-06,4.0311e-06,3.888e-07,-1.4421e-07,2.7823e-06,2.7823e-06,4.5585e-06,4.5585e-06
189,3,1.7021e-05,1.7021e-05,1.3502e-05,1.8497e-05,1.7631e-05,1.7935e-05,1.7935e-05,1.5626e-05,1.5626e-05,1.3857e-05,1.9452e-05,1.9982e-05,1.7408e-05,1.7408e-05,1.5165e-05,1.5165e-05
190,3,-6.5914e-06,-6.5914e-06,-4.0143e-06,-8.6984e-06,-8.6205e-06,-7.8521e-06,-7.8522e-06,-5.284e-06,-5.284e-06,-3.194e-06,-1.0255e-05,-1.0976e-05,-6.8261e-06,-6.8261e-06,-4.0338e-06,-4.0338e-06
191,3,3.931e-07,3.9311e-07,1.5952e-06,-1.682e-06,-1.9337e-06,-1.007e-06,-1.007e-06,1.4695e-06,1.4695e-06,2.9558e-06,-3.2614e-06,-3.9697e-06,2.2844e-07,2.2844e-07,2.799e-06,2.799e-06
192,3,-4.5776e-06,-4.5776e-06,-2.0036e-06,-6.5845e-06,-6.7156e-06,-5.6516e-06,-5.6517e-06,-3.4411e-06,-3.4411e-06,-1.0985e-06,-8.091e-06,-8.7542e-06,-4.7581e-06,-4.7581e-06,-2.0734e-06,-2.0734e-06
193,3,0.00020058,0.00018532,0.00016213,0.00023433,0.00019427,0.00019586,0.00019586,0.00019615,0.00019615,0.00015576,0.00019492,0.00018681,0.00018254,0.00016728,0.0001492,0.00013394
194,3,-1.8062e-05,-1.8062e-05,-1.378e-05,-1.9274e-05,-1.8581e-05,-1.8433e-05,-1.8433e-05,-1.6882e-05,-1.6882e-05,-1.4463e-05,-2.0072e-05,-2.048e-05,-1.8334e-05,-1.8334e-05,-1.6316e-05,-1.6316e-05
195,3,-2.4756e-06,-2.4756e-06,-4.5059e-07,-2.3626e-06,-2.7816e-06,-1.5881e-06,-1.5882e-06,-2.6999e-06,-2.6999e-06,-9.0343e-07,-2.3554e-06,-2.2467e-06,-2.2515e-06,-2.2515e-06,-2.2065e-06,-2.2065e-06
196,3,7.7318e-06,7.7318e-06,5.7615e-06,8.2268e-06,8.0177e-06,7.6831e-06,7.6831e-06,7.2807e-06,7.2807e-06,6.2036e-06,8.5951e-06,8.7818e-06,7.6681e-06,7.6681e-06,7.0485e-06,7.0485e-06
197,3,8.0032e-07,8.0033e-07,-1.5276e-06,1.1408e-06,1.8819e-06,-5.3982e-08,-5.4e-08,9.1462e-07,9.1462e-07,-1.3231e-06,1.5457e-06,1.5921e-06,3.7648e-07,3.7646e-07,-9.7458e-09,-9.7476e-09
198,3,-6.7629e-06,-6.7629e-06,-6.0084e-06,-7.104e-06,-6.5327e-06,-7.2715e-06,-7.2715e-06,-6.2524e-06,-6.2524e-06,-6.179e-06,-7.2453e-06,-7.3806e-06,-7.0672e-06,-7.0672e-06,-6.3887e-06,-6.3887e-06
199,3,0.0002117,0.0002117,0.0001839,0.00023467,0.00015374,0.00016339,0.00016339,0.00011465,0.00011465,0.00015752,0.00022013,0.00018106,0.00017114,0.00014062,0.00024667,0.00024667
200,3,0.00010667,0.00010667,8.6732e-05,0.00011616,7.1296e-05,7.6535e-05,7.6535e-05,5.9949e-05,5.9949e-05,8.3436e-05,0.00010015,9.7719e-05,9.4457e-05,7.9198e-05,0.00013023,0.00013023
201,3,-1.074e-05,-1.074e-05,-9.3643e-06,-1.193e-05,-1.1023e-05,-1.2042e-05,-1.2042e-05,-9.5588e-06,-9.5589e-06,-9.231e-06,-1.2652e-05,-1.3115e-05,-1.1243e-05,-1.1243e-05,-9.4854e-06,-9.4854e-06
202,3,1.382e-06,1.382e-06,2.9084e-06,1.2665e-06,5.8406e-07,2.1299e-06,2.1299e-06,1.1354e-06,1.1353e-06,2.8498e-06,1.0552e-06,1.0809e-06,1.705e-06,1.705e-06,1.8361e-06,1.8361e-06
203,3,-3.6733e-06,-3.6733e-06,-2.3947e-06,-4.9116e-06,-4.7711e-06,-4.5225e-06,-4.5226e-06,-2.8745e-06,-2.8745e-06,-1.8712e-06,-5.8176e-06,-6.2655e-06,-3.8224e-06,-3.8224e-06,-2.2772e-06,-2.2772e-06
204,3,-6.2614e-06,-6.2614e-06,-4.8133e-06,-6.9086e-06,-6.6252e-06,-6.6591e-06,-6.6591e-06,-5.7004e-06,-5.7004e-06,-4.8484e-06,-7.3366e-06,-7.5535e-06,-6.4493e-06,-6.4493e-06,-5.4056e-06,-5.4056e-06
205,3,-9.5624e-06,-9.5624e-06,-7.0016e-06,-1.0408e-05,-1.0124e-05,-9.8726e-06,-9.8727e-06,-8.8559e-06,-8.8559e-06,-7.1985e-06,-1.0958e-05,-1.1209e-05,-9.796e-06,-9.7959e-06,-8.3137e-06,-8.3137e-06
206,3,4.1646e-06,4.1646e-06,3.6529e-06,3.0388e-06,2.8825e-06,3.1925e-06,3.1924e-06,4.6863e-06,4.6862e-06,4.6973e-06,2.137e-06,1.6887e-06,4.1843e-06,4.1843e-06,5.1835e-06,5.1836e-06
207,3,6.5369e-06,6.5369e-06,5.5138e-06,6.9865e-06,6.5549e-06,6.8859e-06,6.8858e-06,6.023e-06,6.023e-06,5.7404e-06,7.2787e-06,7.4734e-06,6.6352e-06,6.6352e-06,6.054e-06,6.0541e-06
208,3,1.1901e-07,1.1901e-07,1.9506e-07,2.8755e-07,2.333e-07,3.1825e-07,3.1825e-07,-6.2209e-10,-6.0845e-10,7.8313e-08,4.0144e-07,4.6859e-07,1.5668e-07,1.5669e-07,-2.8115e-08,-2.812e-08
209,3,-9.4942e-08,-9.4938e-08,9.9825e-07,-1.3676e-07,-5.0778e-07,4.0952e-07,4.0948e-07,-2.3048e-07,-2.3049e-07,8.6084e-07,-2.4322e-07,-2.1976e-07,1.0692e-07,1.0693e-07,1.6603e-07,1.6603e-07
210,4,-1.9226e-06,-1.9226e-06,-1.9774e-06,-1.9909e-06,-1.711e-06,-2.1903e-06,-2.1903e-06,-1.7441e-06,-1.7441e-06,-1.9894e-06,-2.0009e-06,-2.048e-06,-2.0546e-06,-2.0546e-06,-1.9172e-06,-1.9172e-06
211,4,6.7264e-07,6.7262e-07,2.526e-06,9.2708e-07,1.9335e-07,1.8884e-06,1.8884e-06,1.988e-07,1.9881e-07,2.1097e-06,9.6307e-07,1.1228e-06,1.1097e-06,1.1097e-06,7.8904e-07,7.8904e-07
212,4,8.6649e-06,8.6649e-06,7.7387e-06,9.266e-06,8.5467e-06,9.4099e-06,9.4099e-06,7.9188e-06,7.9188e-06,7.9085e-06,9.5828e-06,9.8254e-06,8.9993e-06,8.9993e-06,8.0353e-06,8.0353e-06
213,4,2.1387e-06,2.1387e-06,2.3265e-06,2.3075e-06,1.9657e-06,2.5712e-06,2.5712e-06,1.8757e-06,1.8757e-06,2.2788e-06,2.3625e-06,2.4443e-06,2.3283e-06,2.3283e-06,2.0559e-06,2.0559e-06
214,4,3.8374e-06,3.8374e-06,2.5334e-06,4.0641e-06,4.0701e-06,3.6645e-06,3.6645e-06,3.6725e-06,3.6725e-06,2.7851e-06,4.2391e-06,4.3032e-06,3.7839e-06,3.7839e-06,3.4403e-06,3.4403e-06
215,4,-1.5369e-06,-1.5369e-06,-2.1342e-07,-1.56e-06,-1.8555e-06,-1e-06,-1e-06,-1.6327e-06,-1.6326e-06,-4.7353e-07,-1.6428e-06,-1.6118e-06,-1.3521e-06,-1.3521e-06,-1.2621e-06,-1.2621e-06
216,4,9.8954e-06,9.8954e-06,8.7147e-06,1.0746e-05,9.947e-06,1.0853e-05,1.0853e-05,8.96e-06,8.96e-06,8.8035e-06,1.123e-05,1.1563e-05,1.0291e-05,1.0291e-05,8.9944e-06,8.9944e-06
217,4,8.868e-07,8.8679e-07,3.1988e-07,1.028e-06,1.1357e-06,7.9216e-07,7.9209e-07,8.414e-07,8.4141e-07,3.6055e-07,1.1426e-06,1.1697e-06,8.499e-07,8.4991e-07,6.2443e-07,6.2443e-07
218,4,-3.1328e-07,-3.1326e-07,2.0612e-08,-3.5644e-07,-4.2498e-07,-2.1714e-07,-2.1717e-07,-3.166e-07,-3.166e-07,-6.8769e-09,-4.052e-07,-4.1284e-07,-2.7683e-07,-2.7684e-07,-2.1245e-07,-2.1245e-07
219,4,-5.4841e-06,-5.4841e-06,-4.1765e-06,-5.9546e-06,-5.7277e-06,-5.7035e-06,-5.7036e-06,-5.0613e-06,-5.0613e-06,-4.2965e-06,-6.269e-06,-6.43e-06,-5.5977e-06,-5.5978e-06,-4.8479e-06,-4.8479e-06
220,4,-3.3429e-06,-3.3429e-06,-2.0397e-06,-3.4014e-06,-3.4618e-06,-3.0087e-06,-3.0086e-06,-3.3003e-06,-3.3003e-06,-2.3451e-06,-3.4672e-06,-3.4637e-06,-3.2747e-06,-3.2747e-06,-3.0819e-06,-3.0819e-06
221,4,-1.6275e-06,-1.6275e-06,-1.7307e-07,-1.6487e-06,-1.9696e-06,-1.0379e-06,-1.0379e-06,-1.7376e-06,-1.7376e-06,-4.5159e-07,-1.7344e-06,-1.7013e-06,-1.4233e-06,-1.4233e-06,-1.348e-06,-1.348e-06
222,4,-1.4438e-06,-1.4438e-06,-8.6787e-07,-1.5313e-06,-1.5464e-06,-1.3688e-06,-1.3688e-06,-1.3863e-06,-1.3863e-06,-9.404e-07,-1.6006e-06,-1.6206e-06,-1.4398e-06,-1.4398e-06,-1.2659e-06,-1.2659e-06
223,4,-2.2407e-06,-2.2407e-06,-2.6158e-06,-2.3665e-06,-1.9455e-06,-2.7312e-06,-2.7312e-06,-1.9633e-06,-1.9633e-06,-2.5709e-06,-2.3887e-06,-2.4696e-06,-2.4459e-06,-2.4459e-06,-2.2483e-06,-2.2482e-06
224,4,-3.4496e-06,-3.4496e-06,-1.8761e-06,-3.635e-06,-3.7583e-06,-3.1188e-06,-3.1188e-06,-3.3624e-06,-3.3623e-06,-2.1291e-06,-3.8047e-06,-3.838e-06,-3.3657e-06,-3.3658e-06,-3.0082e-06,-3.0082e-06
225,4,-5.6943e-06,-5.6943e-06,-4.9849e-06,-6.0845e-06,-5.5991e-06,-6.1944e-06,-6.1944e-06,-5.2062e-06,-5.2062e-06,-5.051e-06,-6.2857e-06,-6.4422e-06,-5.9518e-06,-5.9519e-06,-5.2824e-06,-5.2824e-06
226,4,-4.5059e-06,-4.5059e-06,-2.3653e-06,-4.6958e-06,-4.8919e-06,-3.9779e-06,-3.978e-06,-4.4368e-06,-4.4368e-06,-2.7525e-06,-4.8861e-06,-4.9094e-06,-4.3617e-06,-4.3617e-06,-3.9803e-06,-3.9803e-06
227,4,-1.7463e-06,-1.7463e-06,-2.028e-06,-1.8911e-06,-1.5718e-06,-2.1643e-06,-2.1643e-06,-1.5037e-06,-1.5037e-06,-1.9613e-06,-1.9467e-06,-2.0231e-06,-1.9143e-06,-1.9143e-06,-1.6787e-06,-1.6787e-06
228,4,-1.7862e-07,-1.7862e-07,1.51e-06,-1.9475e-07,-7.8129e-07,6.5018e-07,6.5015e-07,-4.1603e-07,-4.1603e-07,1.2643e-06,-3.304e-07,-2.7301e-07,1.4316e-07,1.4316e-07,2.0622e-07,2.0621e-07
229,4,4.8128e-07,4.8127e-07,4.2683e-07,5.7119e-07,5.2551e-07,5.6626e-07,5.6625e-07,4.0777e-07,4.0777e-07,4.1139e-07,6.2747e-07,6.6459e-07,4.9666e-07,4.9666e-07,4.075e-07,4.075e-07
230,4,2.8456e-06,2.8456e-06,2.1155e-06,2.9789e-06,2.9321e-06,2.784e-06,2.784e-06,2.7144e-06,2.7144e-06,2.304e-06,3.0682e-06,3.1017e-06,2.8424e-06,2.8424e-06,2.5942e-06,2.5942e-06
231,4,3.8897e-06,3.8897e-06,9.4127e-07,4.2001e-06,4.7917e-06,2.9642e-06,2.9642e-06,3.9288e-06,3.9289e-06,1.388e-06,4.5427e-06,4.5693e-06,3.5397e-06,3.5397e-06,3.0559e-06,3.0558e-06
232,4,2.5975e-06,2.5976e-06,1.432e-06,2.6824e-06,2.8e-06,2.2672e-06,2.2672e-06,2.5769e-06,2.5769e-06,1.7033e-06,2.7618e-06,2.7668e-06,2.4952e-06,2.4951e-06,2.3523e-06,2.3523e-06
233,4,6.2403e-06,6.2403e-06,4.2749e-06,6.618e-06,6.5932e-06,6.0489e-06,6.049e-06,5.9446e-06,5.9446e-06,4.6514e-06,6.8923e-06,6.9911e-06,6.2116e-06,6.2116e-06,5.5678e-06,5.5678e-06
234,4,3.001e-06,3.001e-06,2.8244e-06,2.926e-06,2.6415e-06,3.0664e-06,3.0664e-06,2.8928e-06,2.8928e-06,3.0593e-06,2.8192e-06,2.8099e-06,3.0927e-06,3.0927e-06,3.1346e-06,3.1346e-06
235,4,-6.027e-06,-6.027e-06,-3.7515e-06,-6.4428e-06,-6.5088e-06,-5.7353e-06,-5.7354e-06,-5.7541e-06,-5.754e-06,-4.0965e-06,-6.7796e-06,-6.8899e-06,-5.9516e-06,-5.9516e-06,-5.2621e-06,-5.2621e-06
236,4,5.193e-07,5.1931e-07,1.4419e-06,4.6419e-07,9.907e-08,9.5041e-07,9.5043e-07,3.88e-07,3.8799e-07,1.3902e-06,3.4899e-07,3.6515e-07,6.9921e-07,6.992e-07,7.7309e-07,7.7309e-07
237,4,-4.0902e-06,-4.0902e-06,-2.3421e-06,-4.4544e-06,-4.5499e-06,-3.8818e-06,-3.8817e-06,-3.8803e-06,-3.8803e-06,-2.5382e-06,-4.7585e-06,-4.8585e-06,-4.0202e-06,-4.0202e-06,-3.448e-06,-3.448e-06
238,4,-1.2701e-05,-1.2701e-05,-1.1357e-05,-1.3281e-05,-1.2184e-05,-1.3681e-05,-1.3681e-05,-1.1762e-05,-1.1762e-05,-1.1665e-05,-1.3475e-05,-1.3691e-05,-1.3344e-05,-1.3344e-05,-1.2036e-05,-1.2036e-05
239,4,1.2348e-05,1.2348e-05,8.3662e-06,1.3226e-05,1.3136e-05,1.2042e-05,1.2042e-05,1.1679e-05,1.1679e-05,9.0344e-06,1.3913e-05,1.4193e-05,1.222e-05,1.222e-05,1.0938e-05,1.0938e-05
240,4,-5.335e-06,-5.335e-06,-1.7951e-06,-5.618e-06,-6.2414e-06,-4.2633e-06,-4.2633e-06,-5.3825e-06,-5.3825e-06,-2.3488e-06,-5.9313e-06,-5.9131e-06,-5.0399e-06,-5.0399e-06,-4.3675e-06,-4.3675e-06
241,4,7.0685e-06,7.0685e-06,3.4808e-06,7.7489e-06,8.1386e-06,6.4354e-06,6.4354e-06,6.7771e-06,6.7771e-06,3.9034e-06,8.3418e-06,8.5089e-06,6.8179e-06,6.8179e-06,5.8023e-06,5.8023e-06
242,4,-5.2891e-06,-5.2891e-06,-4.3421e-06,-5.83e-06,-5.5152e-06,-5.7219e-06,-5.7218e-06,-4.7844e-06,-4.7844e-06,-4.3655e-06,-6.1793e-06,-6.3741e-06,-5.462e-06,-5.462e-06,-4.6275e-06,-4.6275e-06
243,4,5.84e-06,5.84e-06,3.7117e-06,6.3366e-06,6.3917e-06,5.6415e-06,5.6415e-06,5.5148e-06,5.5148e-06,4.0155e-06,6.7287e-06,6.8728e-06,5.7509e-06,5.7509e-06,5.0239e-06,5.0239e-06
244,4,-5.2335e-06,-5.2335e-06,-6.3543e-06,-6.463e-06,-5.3123e-06,-7.4067e-06,-7.4067e-06,-3.9781e-06,-3.9781e-06,-5.5538e-06,-7.1622e-06,-7.6954e-06,-5.9482e-06,-5.9482e-06,-4.3192e-06,-4.3192e-06
245,4,-3.3599e-08,-3.3604e-08,-9.8038e-07,6.6325e-08,3.9184e-07,-4.0338e-07,-4.0336e-07,5.2886e-08,5.2878e-08,-9.2143e-07,1.9354e-07,1.904e-07,-1.83e-07,-1.83e-07,-3.2824e-07,-3.2824e-07
246,4,-1.509e-05,-1.509e-05,-1.1591e-05,-1.6351e-05,-1.5751e-05,-1.5631e-05,-1.5631e-05,-1.3944e-05,-1.3944e-05,-1.202e-05,-1.7205e-05,-1.7639e-05,-1.5326e-05,-1.5326e-05,-1.3376e-05,-1.3376e-05
247,4,-1.2097e-06,-1.2097e-06,-2.8156e-06,-1.1887e-06,-4.8476e-07,-2.0895e-06,-2.0895e-06,-9.0148e-07,-9.0147e-07,-2.6498e-06,-1.0426e-06,-1.1024e-06,-1.5805e-06,-1.5805e-06,-1.5674e-06,-1.5674e-06
248,4,6.758e-06,6.758e-06,5.7482e-06,7.378e-06,6.8858e-06,7.3445e-06,7.3445e-06,6.1232e-06,6.1232e-06,5.8145e-06,7.7558e-06,7.9982e-06,6.9819e-06,6.9819e-06,6.0855e-06,6.0855e-06
249,4,-4.0026e-06,-4.0026e-06,-2.5011e-06,-4.9355e-06,-4.8868e-06,-4.4761e-06,-4.476e-06,-3.4085e-06,-3.4085e-06,-2.2331e-06,-5.6261e-06,-5.9417e-06,-4.0997e-06,-4.0998e-06,-2.8272e-06,-2.8272e-06
250,4,3.5128e-07,3.5128e-07,7.5415e-07,5.6296e-07,3.5491e-07,7.6701e-07,7.6702e-07,1.3919e-07,1.392e-07,5.8337e-07,6.8614e-07,7.898e-07,4.5432e-07,4.5434e-07,2.5128e-07,2.5127e-07
251,4,-6.0455e-06,-6.0455e-06,-5.5795e-06,-6.6412e-06,-6.0383e-06,-6.8716e-06,-6.8716e-06,-5.3804e-06,-5.3804e-06,-5.5021e-06,-6.9634e-06,-7.196e-06,-6.4045e-06,-6.4045e-06,-5.441e-06,-5.441e-06
252,4,0.00019925,0.00019925,0.00016831,0.00020423,0.00015255,0.00014423,0.00014423,0.00011767,0.00011767,0.00015534,0.00018314,0.0001642,0.000156,0.00012548,0.00022262,0.00022262
253,4,-6.1324e-06,-6.1324e-06,-5.9486e-06,-7.4262e-06,-6.6206e-06,-7.7696e-06,-7.7695e-06,-4.9815e-06,-4.9815e-06,-5.35e-06,-8.2537e-06,-8.7755e-06,-6.628e-06,-6.628e-06,-4.9167e-06,-4.9167e-06
254,4,-4.143e-06,-4.1431e-06,-3.7653e-06,-5.2207e-06,-4.7384e-06,-5.3485e-06,-5.3486e-06,-3.2782e-06,-3.2782e-06,-3.216e-06,-5.9263e-06,-6.3356e-06,-4.5116e-06,-4.5116e-06,-3.0568e-06,-3.0568e-06
255,4,-5.2462e-06,-5.2462e-06,-3.5824e-06,-6.3776e-06,-6.2292e-06,-5.9348e-06,-5.9348e-06,-4.4783e-06,-4.4783e-06,-3.2508e-06,-7.1878e-06,-7.5692e-06,-5.4315e-06,-5.4315e-06,-3.8379e-06,-3.8379e-06
256,4,-2.7521e-06,-2.7521e-06,-1.73e-06,-3.8392e-06,-3.7421e-06,-3.4997e-06,-3.4997e-06,-2.0623e-06,-2.0623e-06,-1.2402e-06,-4.6541e-06,-5.0526e-06,-2.8603e-06,-2.8603e-06,-1.526e-06,-1.526e-06
257,4,-3.8231e-06,-3.8231e-06,-3.7082e-06,-4.1118e-06,-3.6841e-06,-4.3198e-06,-4.3198e-06,-3.4286e-06,-3.4286e-06,-3.7227e-06,-4.2632e-06,-4.3971e-06,-4.016e-06,-4.0159e-06,-3.5856e-06,-3.5856e-06
258,4,9.9051e-06,9.9051e-06,7.7078e-06,1.0655e-05,1.0232e-05,1.0244e-05,1.0244e-05,9.1853e-06,9.1852e-06,8.0284e-06,1.1148e-05,1.1407e-05,1.0072e-05,1.0072e-05,8.8817e-06,8.8817e-06
259,4,4.2302e-06,4.2302e-06,4.6031e-06,4.5869e-06,3.9293e-06,5.0765e-06,5.0765e-06,3.6961e-06,3.6962e-06,4.5132e-06,4.7341e-06,4.9101e-06,4.5639e-06,4.5639e-06,4.0329e-06,4.0329e-06
260,4,4.3514e-06,4.3514e-06,2.5364e-06,4.639e-06,4.7752e-06,4.0328e-06,4.0328e-06,4.1981e-06,4.1981e-06,2.8301e-06,4.8764e-06,4.9324e-06,4.2748e-06,4.2748e-06,3.7358e-06,3.7357e-06
261,4,-1.8273e-05,-1.8273e-05,-1.278e-05,-2.0806e-05,-2.0362e-05,-1.9286e-05,-1.9286e-05,-1.6449e-05,-1.6449e-05,-1.2756e-05,-2.2656e-05,-2.3532e-05,-1.8474e-05,-1.8474e-05,-1.501e-05,-1.501e-05
262,4,9.9831e-06,9.9831e-06,7.5582e-06,1.0895e-05,1.0531e-05,1.0363e-05,1.0363e-05,9.1972e-06,9.1972e-06,7.8054e-06,1.1516e-05,1.1827e-05,1.0134e-05,1.0134e-05,8.7584e-06,8.7584e-06
263,4,4.3854e-06,4.3854e-06,4.5249e-06,4.7858e-06,4.1958e-06,5.1464e-06,5.1464e-06,3.857e-06,3.857e-06,4.4646e-06,4.982e-06,5.1698e-06,4.6657e-06,4.6657e-06,4.103e-06,4.103e-06
264,4,5.6651e-06,5.6651e-06,4.5617e-06,5.165e-06,4.9743e-06,5.0497e-06,5.0498e-06,5.8064e-06,5.8064e-06,5.3862e-06,4.7531e-06,4.5543e-06,5.6485e-06,5.6485e-06,6.0428e-06,6.0429e-06
265,4,1.1219e-05,1.1219e-05,9.5897e-06,1.1448e-05,1.0751e-05,1.1437e-05,1.1437e-05,1.0663e-05,1.0663e-05,1.0265e-05,1.148e-05,1.1561e-05,1.1493e-05,1.1493e-05,1.0841e-05,1.0841e-05
266,4,8.6519e-06,8.6518e-06,6.9687e-06,9.4739e-06,9.0064e-06,9.1473e-06,9.1473e-06,7.8907e-06,7.8907e-06,7.174e-06,1.0042e-05,1.037e-05,8.7481e-06,8.7481e-06,7.72e-06,7.72e-06
267,4,-9.4738e-06,-9.4738e-06,-7.3607e-06,-1.1306e-05,-1.0752e-05,-1.0887e-05,-1.0887e-05,-8.0889e-06,-8.0889e-06,-6.8483e-06,-1.2593e-05,-1.3269e-05,-9.8238e-06,-9.8238e-06,-7.4007e-06,-7.4007e-06
268,4,-4.295e-06,-4.295e-06,-4.2554e-06,-4.5519e-06,-4.0209e-06,-4.8782e-06,-4.8782e-06,-3.8766e-06,-3.8766e-06,-4.2643e-06,-4.6458e-06,-4.7678e-06,-4.5756e-06,-4.5756e-06,-4.1123e-06,-4.1123e-06
269,4,-8.0613e-06,-8.0614e-06,-6.9304e-06,-8.4932e-06,-7.9021e-06,-8.525e-06,-8.525e-06,-7.4769e-06,-7.4769e-06,-7.1916e-06,-8.7192e-06,-8.8964e-06,-8.3122e-06,-8.3122e-06,-7.5716e-06,-7.5716e-06
270,4,7.9805e-06,7.9805e-06,5.3885e-06,8.4749e-06,8.4123e-06,7.7378e-06,7.7379e-06,7.591e-06,7.591e-06,5.8473e-06,8.8516e-06,9.0016e-06,7.9195e-06,7.9195e-06,7.1513e-06,7.1512e-06
271,4,1.1035e-06,1.1035e-06,1.772e-07,1.1423e-06,1.3361e-06,7.4459e-07,7.4456e-07,1.1574e-06,1.1574e-06,3.5756e-07,1.2135e-06,1.2069e-06,9.6223e-07,9.6223e-07,9.2429e-07,9.2429e-07
272,4,6.379e-06,6.379e-06,3.5116e-06,6.9335e-06,7.136e-06,5.9759e-06,5.9759e-06,6.0881e-06,6.0881e-06,3.8454e-06,7.3894e-06,7.5295e-06,6.2549e-06,6.2549e-06,5.3727e-06,5.3727e-06
273,4,-7.4879e-06,-7.488e-06,-5.2552e-06,-7.9207e-06,-7.8241e-06,-7.3162e-06,-7.3161e-06,-7.1176e-06,-7.1176e-06,-5.6806e-06,-8.2377e-06,-8.3626e-06,-7.4752e-06,-7.4752e-06,-6.7335e-06,-6.7335e-06
274,4,9.5528e-07,9.5526e-07,3.1329e-07,8.208e-07,9.2352e-07,5.7412e-07,5.741e-07,1.0746e-06,1.0747e-06,5.655e-07,7.4885e-07,6.9694e-07,8.1965e-07,8.1965e-07,1.0502e-06,1.0502e-06
275,4,2.1298e-05,2.1298e-05,1.7318e-05,2.2423e-05,2.1294e-05,2.1956e-05,2.1956e-05,1.9939e-05,1.9939e-05,1.8214e-05,2.3065e-05,2.3461e-05,2.1764e-05,2.1764e-05,1.9731e-05,1.9731e-05
276,4,-8.328e-06,-8.328e-06,-6.2842e-06,-8.7113e-06,-8.4104e-06,-8.3476e-06,-8.3476e-06,-7.8909e-06,-7.8909e-06,-6.6933e-06,-8.9457e-06,-9.0584e-06,-8.4672e-06,-8.4672e-06,-7.6628e-06,-7.6628e-06
277,4,-1.5792e-05,-1.5792e-05,-1.1368e-05,-1.7029e-05,-1.6631e-05,-1.5995e-05,-1.5995e-05,-1.4748e-05,-1.4748e-05,-1.19e-05,-1.7878e-05,-1.8261e-05,-1.5993e-05,-1.5993e-05,-1.3924e-05,-1.3924e-05
278,4,7.8443e-06,7.8443e-06,6.3762e-06,8.5979e-06,8.1579e-06,8.3547e-06,8.3547e-06,7.1372e-06,7.1371e-06,6.523e-06,9.1051e-06,9.3951e-06,7.9832e-06,7.9832e-06,6.9684e-06,6.9684e-06
279,4,-1.7934e-06,-1.7934e-06,-1.1607e-06,-2.7861e-06,-2.6903e-06,-2.5571e-06,-2.5572e-06,-1.1704e-06,-1.1704e-06,-6.4644e-07,-3.5158e-06,-3.8812e-06,-1.9129e-06,-1.9129e-06,-7.1944e-07,-7.1943e-07
280,5,4.7631e-06,4.7631e-06,3.0706e-06,5.0677e-06,5.0996e-06,4.5462e-06,4.5463e-06,4.5538e-06,4.5538e-06,3.3651e-06,5.302e-06,5.3806e-06,4.7098e-06,4.7098e-06,4.2066e-06,4.2066e-06
281,5,-7.7658e-06,-7.7658e-06,-8.1391e-06,-8.6103e-06,-7.4817e-06,-9.385e-06,-9.3851e-06,-6.7108e-06,-6.7108e-06,-7.8483e-06,-9.0265e-06,-9.3985e-06,-8.4066e-06,-8.4066e-06,-7.1205e-06,-7.1204e-06
282,5,5.1e-06,5.1e-06,2.9399e-06,5.3961e-06,5.5541e-06,4.6453e-06,4.6453e-06,4.9473e-06,4.9473e-06,3.3477e-06,5.6604e-06,5.7304e-06,4.9354e-06,4.9354e-06,4.4918e-06,4.4918e-06
283,5,-6.9905e-06,-6.9905e-06,-7.1459e-06,-7.6734e-06,-6.7386e-06,-8.2599e-06,-8.2598e-06,-6.1169e-06,-6.1169e-06,-6.9822e-06,-8.0193e-06,-8.3246e-06,-7.4864e-06,-7.4864e-06,-6.4506e-06,-6.4506e-06
284,5,6.6117e-06,6.6117e-06,4.0137e-06,7.2147e-06,7.3233e-06,6.3565e-06,6.3565e-06,6.2505e-06,6.2505e-06,4.3361e-06,7.6873e-06,7.8583e-06,6.5152e-06,6.5152e-06,5.6219e-06,5.6219e-06
285,5,1.0594e-05,1.0594e-05,1.0027e-05,1.1463e-05,1.0358e-05,1.1938e-05,1.1938e-05,9.5088e-06,9.5088e-06,1.0046e-05,1.1902e-05,1.227e-05,1.1155e-05,1.1155e-05,9.8105e-06,9.8105e-06
286,5,-1.0298e-05,-1.0298e-05,-8.4454e-06,-1.1249e-05,-1.0628e-05,-1.1047e-05,-1.1047e-05,-9.3737e-06,-9.3737e-06,-8.5673e-06,-1.1857e-05,-1.2206e-05,-1.06e-05,-1.06e-05,-9.1412e-06,-9.1412e-06
287,5,-4.4117e-06,-4.4117e-06,-4.0677e-06,-4.8011e-06,-4.3571e-06,-4.9636e-06,-4.9636e-06,-3.9512e-06,-3.9512e-06,-4.0494e-06,-5.0154e-06,-5.1783e-06,-4.6415e-06,-4.6415e-06,-4.0379e-06,-4.0379e-06
288,5,-4.0889e-07,-4.0889e-07,-3.2769e-07,-2.6544e-07,-2.7129e-07,-2.5569e-07,-2.5572e-07,-4.862e-07,-4.8619e-07,-4.6856e-07,-1.6231e-07,-1.0738e-07,-3.842e-07,-3.8421e-07,-5.3532e-07,-5.3535e-07
289,5,6.7701e-06,6.77e-06,6.8559e-06,7.5045e-06,6.6197e-06,8.0319e-06,8.0318e-06,5.8955e-06,5.8955e-06,6.6677e-06,7.884e-06,8.1999e-06,7.2559e-06,7.2559e-06,6.1668e-06,6.1668e-06
290,5,7.6533e-06,7.6533e-06,4.9963e-06,8.1345e-06,8.1399e-06,7.3731e-06,7.3731e-06,7.3044e-06,7.3044e-06,5.4287e-06,8.491e-06,8.6143e-06,7.6221e-06,7.6222e-06,6.7797e-06,6.7797e-06
291,5,7.8899e-07,7.8898e-07,4.8763e-07,6.7781e-07,7.2115e-07,5.9654e-07,5.9651e-07,8.6379e-07,8.6379e-07,6.4496e-07,5.8557e-07,5.249e-07,7.8241e-07,7.824e-07,8.2746e-07,8.2746e-07
292,5,3.2002e-06,3.2002e-06,1.9349e-06,3.5988e-06,3.6507e-06,3.1722e-06,3.1721e-06,2.9626e-06,2.9626e-06,2.0226e-06,3.9018e-06,4.0191e-06,3.1758e-06,3.1758e-06,2.5987e-06,2.5987e-06
293,5,-6.2512e-06,-6.2512e-06,-5.3088e-06,-6.8822e-06,-6.4088e-06,-6.8743e-06,-6.8744e-06,-5.6217e-06,-5.6218e-06,-5.2996e-06,-7.2748e-06,-7.5187e-06,-6.4945e-06,-6.4945e-06,-5.5522e-06,-5.5522e-06
294,5,5.1332e-06,5.1331e-06,3.3633e-06,5.5918e-06,5.5922e-06,5.0473e-06,5.0473e-06,4.8199e-06,4.8199e-06,3.5801e-06,5.9389e-06,6.0767e-06,5.1032e-06,5.1032e-06,4.4127e-06,4.4127e-06
295,5,-1.4638e-06,-1.4638e-06,-9.9231e-07,-1.4689e-06,-1.4424e-06,-1.3855e-06,-1.3856e-06,-1.4369e-06,-1.4369e-06,-1.091e-06,-1.4614e-06,-1.4508e-06,-1.4935e-06,-1.4935e-06,-1.3893e-06,-1.3893e-06
296,5,-1.8662e-06,-1.8662e-06,-1.1985e-06,-2.1878e-06,-2.1776e-06,-1.9744e-06,-1.9745e-06,-1.6537e-06,-1.6537e-06,-1.1653e-06,-2.4365e-06,-2.5462e-06,-1.8726e-06,-1.8726e-06,-1.4432e-06,-1.4432e-06
297,5,8.7434e-06,8.7434e-06,7.7734e-06,9.4339e-06,8.7025e-06,9.5796e-06,9.5796e-06,7.9418e-06,7.9418e-06,7.8718e-06,9.8097e-06,1.0082e-05,9.1137e-06,9.1137e-06,8.0166e-06,8.0166e-06
298,5,8.5664e-06,8.5664e-06,7.0032e-06,9.082e-06,8.5967e-06,8.9172e-06,8.9172e-06,7.9752e-06,7.9752e-06,7.3103e-06,9.3795e-06,9.5678e-06,8.7733e-06,8.7733e-06,7.9015e-06,7.9015e-06
299,5,-2.1293e-06,-2.1293e-06,-1.9445e-07,-2.5003e-06,-2.9366e-06,-1.6287e-06,-1.6287e-06,-2.0789e-06,-2.0789e-06,-3.571e-07,-2.8716e-06,-2.9493e-06,-1.8883e-06,-1.8883e-06,-1.3765e-06,-1.3765e-06
300,5,-6.5602e-06,-6.5602e-06,-5.8313e-06,-7.2117e-06,-6.6565e-06,-7.3099e-06,-7.31e-06,-5.8745e-06,-5.8745e-06,-5.8108e-06,-7.6016e-06,-7.8552e-06,-6.8569e-06,-6.8569e-06,-5.8529e-06,-5.8529e-06
301,5,3.9742e-06,3.9741e-06,3.1854e-06,4.28e-06,4.0665e-06,4.1555e-06,4.1555e-06,3.6681e-06,3.6681e-06,3.3088e-06,4.4761e-06,4.5938e-06,4.0435e-06,4.0435e-06,3.6174e-06,3.6174e-06
302,5,8.2663e-06,8.2662e-06,7.1361e-06,9.0078e-06,8.3779e-06,9.0498e-06,9.0498e-06,7.4851e-06,7.4851e-06,7.186e-06,9.4376e-06,9.7169e-06,8.6105e-06,8.6105e-06,7.4341e-06,7.4341e-06
303,5,-9.7313e-07,-9.7311e-07,7.5947e-07,-9.6782e-07,-1.4667e-06,-1.6736e-07,-1.6736e-07,-1.1832e-06,-1.1832e-06,4.5101e-07,-1.0665e-06,-1.0088e-06,-6.7986e-07,-6.7986e-07,-6.5058e-07,-6.5058e-07
304,5,1.3397e-05,1.3397e-05,1.0804e-05,1.4078e-05,1.34e-05,1.3745e-05,1.3745e-05,1.2573e-05,1.2573e-05,1.1399e-05,1.4465e-05,1.47e-05,1.3675e-05,1.3675e-05,1.2422e-05,1.2422e-05
305,5,7.4977e-06,7.4977e-06,6.5206e-06,8.0876e-06,7.5012e-06,8.1408e-06,8.1408e-06,6.8287e-06,6.8287e-06,6.6274e-06,8.4253e-06,8.6591e-06,7.7742e-06,7.7742e-06,6.861e-06,6.861e-06
306,5,-5.9753e-06,-5.9753e-06,-3.8335e-06,-6.8257e-06,-6.7552e-06,-6.2971e-06,-6.2971e-06,-5.4019e-06,-5.4019e-06,-3.7275e-06,-7.4178e-06,-7.6674e-06,-6.1655e-06,-6.1655e-06,-4.7485e-06,-4.7485e-06
307,5,2.4643e-06,2.4643e-06,2.6905e-06,1.9975e-06,1.7154e-06,2.275e-06,2.275e-06,2.5769e-06,2.5769e-06,3.1545e-06,1.5988e-06,1.4469e-06,2.5134e-06,2.5134e-06,3.019e-06,3.019e-06
308,5,-1.6624e-06,-1.6624e-06,-1.7025e-06,-2.1519e-06,-1.8687e-06,-2.3661e-06,-2.3662e-06,-1.2426e-06,-1.2426e-06,-1.3505e-06,-2.4405e-06,-2.614e-06,-1.9537e-06,-1.9537e-06,-1.152e-06,-1.152e-06
309,5,-1.6405e-06,-1.6405e-06,7.0781e-07,-3.0539e-06,-3.5603e-06,-1.9277e-06,-1.9277e-06,-1.034e-06,-1.034e-06,1.274e-06,-4.209e-06,-4.6572e-06,-1.498e-06,-1.498e-06,2.418e-07,2.4181e-07
310,5,2.197e-06,2.197e-06,1.3709e-06,2.2578e-06,2.2894e-06,2.0009e-06,2.0009e-06,2.1554e-06,2.1554e-06,1.5706e-06,2.3106e-06,2.3181e-06,2.1476e-06,2.1476e-06,2.0232e-06,2.0232e-06
311,5,-3.5706e-06,-3.5706e-06,-3.8122e-06,-3.7044e-06,-3.1875e-06,-4.107e-06,-4.107e-06,-3.2311e-06,-3.231e-06,-3.8491e-06,-3.7095e-06,-3.7879e-06,-3.8362e-06,-3.8362e-06,-3.5341e-06,-3.5341e-06
312,5,2.0279e-06,2.0279e-06,1.5535e-06,1.6598e-06,1.6522e-06,1.5515e-06,1.5515e-06,2.2123e-06,2.2123e-06,2.0302e-06,1.3903e-06,1.2525e-06,1.9248e-06,1.9248e-06,2.3602e-06,2.3603e-06
313,5,-8.6574e-07,-8.6574e-07,-8.7111e-07,-1.1945e-06,-1.0795e-06,-1.2379e-06,-1.2378e-06,-6.1216e-07,-6.1216e-07,-6.7994e-07,-1.4206e-06,-1.5418e-06,-9.6993e-07,-9.6993e-07,-5.0821e-07,-5.0821e-07
314,5,5.6952e-06,5.6952e-06,5.6512e-06,6.2969e-06,5.5973e-06,6.6849e-06,6.6849e-06,4.987e-06,4.987e-06,5.5203e-06,6.6151e-06,6.8714e-06,6.0744e-06,6.0744e-06,5.1798e-06,5.1798e-06
315,5,4.6163e-06,4.6163e-06,3.2911e-06,4.7997e-06,4.7584e-06,4.365e-06,4.365e-06,4.4403e-06,4.4403e-06,3.6986e-06,4.964e-06,5.0324e-06,4.4811e-06,4.4811e-06,4.2909e-06,4.2909e-06
316,5,6.4142e-06,6.4142e-06,5.5052e-06,7.0143e-06,6.5871e-06,6.9107e-06,6.9106e-06,5.8109e-06,5.8109e-06,5.6364e-06,7.4118e-06,7.6548e-06,6.5338e-06,6.5338e-06,5.756e-06,5.756e-06
317,5,-5.2379e-06,-5.2379e-06,-4.1054e-06,-6.0571e-06,-5.7444e-06,-5.891e-06,-5.8911e-06,-4.5831e-06,-4.5831e-06,-3.9187e-06,-6.6065e-06,-6.8995e-06,-5.4603e-06,-5.4603e-06,-4.2818e-06,-4.2818e-06
318,5,6.5207e-06,6.5207e-06,5.2517e-06,6.2607e-06,6.0177e-06,6.0892e-06,6.0892e-06,6.4899e-06,6.4899e-06,5.9987e-06,6.029e-06,5.9227e-06,6.5188e-06,6.5188e-06,6.6357e-06,6.6357e-06
319,5,7.8803e-07,7.8802e-07,1.451e-06,9.6703e-07,6.3679e-07,1.3445e-06,1.3445e-06,5.327e-07,5.3268e-07,1.2764e-06,1.0318e-06,1.1228e-06,9.8635e-07,9.8636e-07,7.3847e-07,7.3848e-07
320,5,1.4379e-06,1.4379e-06,1.1083e-06,1.1531e-06,1.1401e-06,1.119e-06,1.119e-06,1.5797e-06,1.5797e-06,1.4206e-06,9.2636e-07,8.0777e-07,1.4245e-06,1.4245e-06,1.6708e-06,1.6708e-06
321,5,-3.8584e-06,-3.8584e-06,-4.3402e-06,-3.8703e-06,-3.2166e-06,-4.4587e-06,-4.4586e-06,-3.5374e-06,-3.5374e-06,-4.4036e-06,-3.7458e-06,-3.791e-06,-4.2043e-06,-4.2043e-06,-4.0302e-06,-4.0302e-06
322,5,1.0349e-05,1.0349e-05,8.8618e-06,1.1382e-05,1.0611e-05,1.1368e-05,1.1368e-05,9.3154e-06,9.3154e-06,8.8842e-06,1.2019e-05,1.2415e-05,1.0738e-05,1.0738e-05,9.2009e-06,9.201e-06
323,5,-2.6854e-06,-2.6854e-06,-1.8401e-06,-2.6146e-06,-2.5875e-06,-2.4193e-06,-2.4193e-06,-2.6902e-06,-2.6902e-06,-2.1301e-06,-2.5623e-06,-2.5251e-06,-2.6597e-06,-2.6597e-06,-2.6515e-06,-2.6515e-06
324,5,-5.1456e-06,-5.1456e-06,-5.6293e-06,-5.5311e-06,-4.7044e-06,-6.1639e-06,-6.164e-06,-4.5133e-06,-4.5133e-06,-5.5329e-06,-5.6755e-06,-5.8777e-06,-5.5608e-06,-5.5608e-06,-4.9712e-06,-4.9712e-06
325,5,-8.415e-07,-8.415e-07,5.0178e-07,-9.6998e-07,-1.3413e-06,-3.4667e-07,-3.4668e-07,-9.1883e-07,-9.1883e-07,3.5376e-07,-1.1399e-06,-1.1408e-06,-6.4471e-07,-6.4471e-07,-4.4349e-07,-4.4349e-07
326,5,1.3287e-05,1.3287e-05,9.8503e-06,1.4291e-05,1.3915e-05,1.3459e-05,1.3459e-05,1.2405e-05,1.2405e-05,1.0379e-05,1.4991e-05,1.5322e-05,1.3384e-05,1.3384e-05,1.1826e-05,1.1826e-05
327,5,5.5797e-06,5.5797e-06,5.6645e-06,4.5822e-06,4.0412e-06,5.1115e-06,5.1116e-06,5.8522e-06,5.8522e-06,6.6152e-06,3.7115e-06,3.3514e-06,5.7809e-06,5.7809e-06,6.6404e-06,6.6405e-06
328,5,9.382e-06,9.382e-06,7.8158e-06,1.0499e-05,9.9049e-06,1.0277e-05,1.0277e-05,8.3861e-06,8.3861e-06,7.8248e-06,1.1241e-05,1.167e-05,9.6235e-06,9.6235e-06,8.1466e-06,8.1466e-06
329,5,3.2208e-06,3.2208e-06,3.3177e-06,3.2184e-06,2.7974e-06,3.5144e-06,3.5143e-06,3.0115e-06,3.0115e-06,3.4806e-06,3.1426e-06,3.1752e-06,3.379e-06,3.379e-06,3.3451e-06,3.3451e-06
330,5,-4.4904e-06,-4.4904e-06,-1.2807e-06,-4.9316e-06,-5.5102e-06,-3.6261e-06,-3.626e-06,-4.4401e-06,-4.4401e-06,-1.6723e-06,-5.3873e-06,-5.4613e-06,-4.1523e-06,-4.1523e-06,-3.4635e-06,-3.4635e-06
331,5,-3.3981e-06,-3.3981e-06,-2.5863e-06,-3.7385e-06,-3.5875e-06,-3.585e-06,-3.585e-06,-3.1024e-06,-3.1024e-06,-2.6178e-06,-3.975e-06,-4.0961e-06,-3.4696e-06,-3.4696e-06,-2.951e-06,-2.951e-06
332,5,-7.6841e-06,-7.6841e-06,-4.5741e-06,-8.3046e-06,-8.4579e-06,-7.2851e-06,-7.2851e-06,-7.3135e-06,-7.3135e-06,-4.9865e-06,-8.8158e-06,-8.9822e-06,-7.5522e-06,-7.5521e-06,-6.5693e-06,-6.5693e-06
333,5,2.3901e-06,2.3901e-06,2.4118e-06,2.614e-06,2.3109e-06,2.7949e-06,2.7949e-06,2.1063e-06,2.1064e-06,2.3757e-06,2.7208e-06,2.8184e-06,2.5516e-06,2.5516e-06,2.2167e-06,2.2167e-06
334,5,-2.0104e-06,-2.0104e-06,-5.5787e-07,-2.0112e-06,-2.2893e-06,-1.4484e-06,-1.4485e-06,-2.1098e-06,-2.1098e-06,-8.5255e-07,-2.0668e-06,-2.0223e-06,-1.8502e-06,-1.8502e-06,-1.7408e-06,-1.7408e-06
335,5,-8.6658e-06,-8.6658e-06,-5.6881e-06,-9.4129e-06,-9.3944e-06,-8.5293e-06,-8.5293e-06,-8.139e-06,-8.139e-06,-6.0393e-06,-9.9874e-06,-1.0212e-05,-8.6309e-06,-8.6309e-06,-7.4633e-06,-7.4633e-06
336,5,3.7596e-06,3.7596e-06,2.1378e-06,4.0167e-06,4.1591e-06,3.4347e-06,3.4347e-06,3.632e-06,3.632e-06,2.4254e-06,4.2402e-06,4.2991e-06,3.637e-06,3.637e-06,3.2488e-06,3.2488e-06
337,5,1.59e-06,1.59e-06,1.4049e-06,1.9186e-06,1.7694e-06,1.9163e-06,1.9163e-06,1.3271e-06,1.3271e-06,1.3005e-06,2.1318e-06,2.2618e-06,1.6675e-06,1.6675e-06,1.2835e-06,1.2835e-06
338,5,-1.4965e-06,-1.4965e-06,-1.8277e-06,-1.6812e-06,-1.3745e-06,-1.9733e-06,-1.9733e-06,-1.2396e-06,-1.2396e-06,-1.7016e-06,-1.7553e-06,-1.8362e-06,-1.7029e-06,-1.7029e-06,-1.3671e-06,-1.3671e-06
339,5,-6.1401e-06,-6.1401e-06,-4.6236e-06,-6.566e-06,-6.3686e-06,-6.2602e-06,-6.2602e-06,-5.7424e-06,-5.7424e-06,-4.8411e-06,-6.8409e-06,-6.9667e-06,-6.2606e-06,-6.2606e-06,-5.4688e-06,-5.4688e-06
340,5,-8.1014e-06,-8.1014e-06,-6.1236e-06,-9.011e-06,-8.6927e-06,-8.5897e-06,-8.5897e-06,-7.3572e-06,-7.3571e-06,-6.1871e-06,-9.6368e-06,-9.9488e-06,-8.2785e-06,-8.2786e-06,-6.9156e-06,-6.9156e-06
341,5,-3.0711e-06,-3.0711e-06,-2.2125e-06,-3.0515e-06,-2.9696e-06,-2.9319e-06,-2.9319e-06,-3.019e-06,-3.019e-06,-2.4358e-06,-3.0069e-06,-2.9735e-06,-3.1539e-06,-3.1539e-06,-2.9457e-06,-2.9457e-06
342,5,-8.9311e-07,-8.9312e-07,-2.2087e-07,-7.3226e-07,-8.2656e-07,-5.6056e-07,-5.6056e-07,-1.0256e-06,-1.0256e-06,-3.8927e-07,-6.1419e-07,-5.2865e-07,-8.8282e-07,-8.8281e-07,-9.5114e-07,-9.5115e-07
343,5,7.2851e-06,7.2851e-06,6.7211e-06,7.8262e-06,7.1455e-06,8.0041e-06,8.0041e-06,6.6012e-06,6.6012e-06,6.8617e-06,8.1345e-06,8.3807e-06,7.527e-06,7.527e-06,6.8061e-06,6.8062e-06
344,5,-8.2124e-06,-8.2124e-06,-7.6351e-06,-9.1748e-06,-8.3454e-06,-9.4519e-06,-9.4519e-06,-7.208e-06,-7.208e-06,-7.4566e-06,-9.7603e-06,-1.015e-05,-8.656e-06,-8.656e-06,-7.242e-06,-7.242e-06
345,5,4.6141e-06,4.6141e-06,4.6661e-06,5.0398e-06,4.4272e-06,5.4283e-06,5.4283e-06,4.0642e-06,4.0642e-06,4.5727e-06,5.227e-06,5.4112e-06,4.9675e-06,4.9675e-06,4.2915e-06,4.2915e-06
346,5,1.2049e-05,1.2049e-05,7.4559e-06,1.2955e-05,1.3136e-05,1.1471e-05,1.1471e-05,1.1485e-05,1.1485e-05,8.1564e-06,1.3666e-05,1.3904e-05,1.1874e-05,1.1874e-05,1.045e-05,1.045e-05
347,5,-4.0362e-06,-4.0362e-06,-2.374e-06,-4.7563e-06,-4.7883e-06,-4.1996e-06,-4.1996e-06,-3.5978e-06,-3.5977e-06,-2.3089e-06,-5.3156e-06,-5.5531e-06,-4.0325e-06,-4.0325e-06,-3.0523e-06,-3.0523e-06
348,5,-5.0675e-08,-5.068e-08,2.739e-07,-6.0886e-07,-6.3587e-07,-4.5137e-07,-4.5138e-07,2.5356e-07,2.5355e-07,6.4457e-07,-1.0357e-06,-1.2371e-06,-1.0085e-07,-1.0085e-07,5.6363e-07,5.6363e-07
349,5,-7.8939e-06,-7.8939e-06,-6.8331e-06,-8.6163e-06,-7.9821e-06,-8.6806e-06,-8.6806e-06,-7.1259e-06,-7.1259e-06,-6.851e-06,-9.0431e-06,-9.3244e-06,-8.2257e-06,-8.2257e-06,-7.1084e-06,-7.1084e-06
