0,1,-1.6073e-06,-1.7717e-06,-1.7718e-06,-1.6731e-06,-1.6732e-06,-1.3826e-06,-1.3821e-06,-1.6872e-06,-1.6005e-06,-1.7885e-06,-1.7885e-06,-1.539e-06,-1.5668e-06,-1.5669e-06,-1.6484e-06,-1.6486e-06
1,1,-3.0026e-06,-3.0463e-06,-3.0462e-06,-2.9323e-06,-2.9333e-06,-2.2218e-06,-2.2224e-06,-2.7247e-06,-2.7987e-06,-3.0972e-06,-3.0968e-06,-2.7384e-06,-2.7724e-06,-2.7723e-06,-2.8347e-06,-2.8343e-06
2,1,7.0178e-07,1.338e-06,1.3377e-06,1.2893e-06,1.2886e-06,1.1717e-06,1.1719e-06,1.3226e-06,1.2965e-06,1.3191e-06,1.3191e-06,1.2454e-06,1.2565e-06,1.2566e-06,1.3167e-06,1.3165e-06
3,1,-2.1197e-06,-2.4127e-06,-2.4129e-06,-2.2847e-06,-2.2847e-06,-1.8885e-06,-1.8876e-06,-2.2461e-06,-2.174e-06,-2.4452e-06,-2.4448e-06,-2.0909e-06,-2.1213e-06,-2.1212e-06,-2.2054e-06,-2.2057e-06
4,1,-2.503e-06,-2.9297e-06,-2.9294e-06,-2.7979e-06,-2.7985e-06,-2.2934e-06,-2.293e-06,-2.7845e-06,-2.6537e-06,-2.9838e-06,-2.9838e-06,-2.5545e-06,-2.5949e-06,-2.5948e-06,-2.6949e-06,-2.6948e-06
5,1,-1.4259e-06,-1.4443e-06,-1.4441e-06,-1.367e-06,-1.3682e-06,-1.0422e-06,-1.041e-06,-1.1263e-06,-1.2954e-06,-1.507e-06,-1.5068e-06,-1.2743e-06,-1.2945e-06,-1.2945e-06,-1.2372e-06,-1.2378e-06
6,1,-1.0636e-06,-8.9429e-07,-8.9422e-07,-8.1827e-07,-8.1926e-07,-6.3368e-07,-6.3356e-07,-6.8957e-07,-7.3149e-07,-9.5598e-07,-9.5579e-07,-7.2186e-07,-7.4078e-07,-7.4064e-07,-6.908e-07,-6.9134e-07
7,1,-6.0914e-08,6.0165e-07,6.0157e-07,5.6629e-07,5.6613e-07,6.3224e-07,6.3296e-07,6.3364e-07,5.7156e-07,5.78e-07,5.7824e-07,4.9979e-07,5.098e-07,5.1002e-07,6.173e-07,6.1763e-07
8,1,1.578e-06,2.0631e-06,2.0628e-06,1.9326e-06,1.9328e-06,1.7766e-06,1.7778e-06,2.1677e-06,1.8684e-06,2.0352e-06,2.0352e-06,1.7393e-06,1.7703e-06,1.7703e-06,1.9794e-06,1.9795e-06
9,1,-8.8173e-07,-5.348e-07,-5.351e-07,-5.4369e-07,-5.4435e-07,-2.6599e-07,-2.6467e-07,-4.4277e-07,-4.6667e-07,-5.7458e-07,-5.7445e-07,-4.8365e-07,-4.8874e-07,-4.8878e-07,-4.815e-07,-4.8178e-07
10,1,-4.9993e-07,-4.6132e-07,-4.6114e-07,-4.4473e-07,-4.4456e-07,-2.9757e-07,-2.965e-07,-3.1795e-07,-4.0605e-07,-4.971e-07,-4.9718e-07,-4.1948e-07,-4.2729e-07,-4.2714e-07,-3.8719e-07,-3.8775e-07
11,1,-1.9383e-07,3.6318e-07,3.6361e-07,3.0925e-07,3.0862e-07,4.6474e-07,4.6479e-07,4.7184e-07,3.2585e-07,3.4035e-07,3.4039e-07,2.912e-07,3.0059e-07,3.0039e-07,3.5642e-07,3.563e-07
12,1,4.5262e-07,9.0244e-07,9.0227e-07,8.4181e-07,8.4107e-07,8.4321e-07,8.4304e-07,1.0026e-06,8.5409e-07,8.5706e-07,8.5729e-07,7.768e-07,7.8649e-07,7.8644e-07,9.1236e-07,9.1219e-07
13,1,3.0215e-06,4.2666e-06,4.2666e-06,4.0841e-06,4.0837e-06,3.4845e-06,3.4852e-06,4.1036e-06,4.0451e-06,4.2336e-06,4.2338e-06,3.9095e-06,3.9565e-06,3.9566e-06,4.1235e-06,4.1232e-06
14,1,1.5e-06,1.7787e-06,1.7785e-06,1.6108e-06,1.6107e-06,1.5532e-06,1.5541e-06,2.0149e-06,1.5075e-06,1.7355e-06,1.7355e-06,1.3692e-06,1.4024e-06,1.4024e-06,1.6764e-06,1.6763e-06
15,1,-4.0955e-06,-4.3591e-06,-4.3593e-06,-4.1598e-06,-4.1605e-06,-3.2048e-06,-3.205e-06,-3.7449e-06,-3.9253e-06,-4.4747e-06,-4.4747e-06,-3.8391e-06,-3.8843e-06,-3.8842e-06,-3.9397e-06,-3.9401e-06
16,1,-4.9656e-06,-5.7042e-06,-5.704e-06,-5.4224e-06,-5.4236e-06,-4.4304e-06,-4.4284e-06,-5.3524e-06,-5.2231e-06,-5.7382e-06,-5.7382e-06,-5.0619e-06,-5.1315e-06,-5.1315e-06,-5.3446e-06,-5.3451e-06
17,1,3.7816e-06,5.4284e-06,5.4283e-06,5.1089e-06,5.1079e-06,4.6728e-06,4.6715e-06,5.7161e-06,4.9889e-06,5.3217e-06,5.3219e-06,4.6665e-06,4.7482e-06,4.7483e-06,5.283e-06,5.2822e-06
18,1,6.3368e-06,8.5086e-06,8.5085e-06,7.9802e-06,7.9797e-06,7.1775e-06,7.1774e-06,8.6681e-06,7.6963e-06,8.4244e-06,8.4243e-06,7.2493e-06,7.373e-06,7.373e-06,8.0761e-06,8.0758e-06
19,1,2.7635e-06,3.7583e-06,3.7575e-06,3.5733e-06,3.5735e-06,3.1517e-06,3.1526e-06,3.7611e-06,3.4587e-06,3.7327e-06,3.7328e-06,3.285e-06,3.3304e-06,3.3303e-06,3.5824e-06,3.5823e-06
20,1,-9.7736e-07,-9.806e-07,-9.8064e-07,-9.4468e-07,-9.4515e-07,-6.691e-07,-6.6911e-07,-7.9687e-07,-8.7417e-07,-1.0381e-06,-1.0379e-06,-8.8477e-07,-8.9571e-07,-8.9565e-07,-8.4619e-07,-8.4618e-07
21,1,-6.3766e-08,2.0142e-07,2.0121e-07,1.9382e-07,1.9383e-07,2.4948e-07,2.495e-07,2.8167e-07,1.9275e-07,1.7104e-07,1.7096e-07,1.6351e-07,1.6072e-07,1.6076e-07,2.2145e-07,2.2139e-07
22,1,1.3009e-06,2.4011e-06,2.4004e-06,2.2434e-06,2.2421e-06,2.2344e-06,2.2347e-06,2.5443e-06,2.2183e-06,2.3559e-06,2.356e-06,2.0434e-06,2.0809e-06,2.0808e-06,2.2772e-06,2.2769e-06
23,1,2.2036e-06,3.3765e-06,3.3765e-06,3.226e-06,3.2256e-06,2.8464e-06,2.8469e-06,3.39e-06,3.1715e-06,3.3325e-06,3.3326e-06,3.0236e-06,3.0587e-06,3.0588e-06,3.289e-06,3.289e-06
24,1,-1.5765e-06,-1.4871e-06,-1.4872e-06,-1.3691e-06,-1.3697e-06,-1.1497e-06,-1.1495e-06,-1.4479e-06,-1.2293e-06,-1.5075e-06,-1.5071e-06,-1.1436e-06,-1.172e-06,-1.172e-06,-1.3055e-06,-1.3054e-06
25,1,1.8023e-06,2.5526e-06,2.552e-06,2.3325e-06,2.3324e-06,2.2859e-06,2.2863e-06,2.6816e-06,2.2751e-06,2.4874e-06,2.4875e-06,2.1016e-06,2.1464e-06,2.1465e-06,2.4048e-06,2.4049e-06
26,1,-1.7034e-06,-1.6901e-06,-1.6902e-06,-1.5566e-06,-1.5574e-06,-1.3147e-06,-1.3145e-06,-1.5643e-06,-1.4412e-06,-1.7258e-06,-1.7255e-06,-1.3659e-06,-1.3982e-06,-1.3981e-06,-1.4827e-06,-1.4833e-06
27,1,5.3761e-07,7.0175e-07,7.0203e-07,6.4274e-07,6.4185e-07,6.5594e-07,6.5644e-07,8.1391e-07,6.4723e-07,6.5826e-07,6.5847e-07,5.8569e-07,5.9447e-07,5.9448e-07,6.9886e-07,6.9922e-07
28,1,-3.4171e-06,-3.5542e-06,-3.5547e-06,-3.3972e-06,-3.3983e-06,-2.6703e-06,-2.6681e-06,-3.389e-06,-3.234e-06,-3.5844e-06,-3.5842e-06,-3.1631e-06,-3.1977e-06,-3.1979e-06,-3.3169e-06,-3.3172e-06
29,1,-4.172e-06,-4.7157e-06,-4.7158e-06,-4.456e-06,-4.4569e-06,-3.7601e-06,-3.7579e-06,-4.6186e-06,-4.2791e-06,-4.7249e-06,-4.7252e-06,-4.1114e-06,-4.172e-06,-4.1719e-06,-4.3803e-06,-4.3804e-06
30,1,-5.6119e-06,-6.4356e-06,-6.4354e-06,-6.0697e-06,-6.0707e-06,-5.1102e-06,-5.1093e-06,-5.9145e-06,-5.7439e-06,-6.5035e-06,-6.5034e-06,-5.5039e-06,-5.5828e-06,-5.5827e-06,-5.8387e-06,-5.8395e-06
31,1,2.7788e-07,1.6916e-06,1.6916e-06,1.5416e-06,1.5415e-06,1.7902e-06,1.79e-06,2.1337e-06,1.5693e-06,1.572e-06,1.5724e-06,1.3974e-06,1.4277e-06,1.4278e-06,1.7417e-06,1.7404e-06
32,1,-4.0152e-07,5.4454e-07,5.4493e-07,4.3974e-07,4.3826e-07,7.4194e-07,7.4302e-07,7.2846e-07,4.5628e-07,5.112e-07,5.112e-07,3.3006e-07,3.5321e-07,3.5314e-07,5.1475e-07,5.1512e-07
33,1,-2.4738e-06,-2.9979e-06,-2.9975e-06,-2.8136e-06,-2.8137e-06,-2.4158e-06,-2.4152e-06,-2.8167e-06,-2.6764e-06,-3.029e-06,-3.0289e-06,-2.5557e-06,-2.6004e-06,-2.6003e-06,-2.7278e-06,-2.7277e-06
34,1,6.0696e-07,1.2239e-06,1.2239e-06,1.1618e-06,1.1608e-06,1.0835e-06,1.0837e-06,1.2692e-06,1.1543e-06,1.1985e-06,1.1984e-06,1.096e-06,1.1099e-06,1.1099e-06,1.2162e-06,1.2165e-06
35,1,4.2451e-07,6.3512e-07,6.3481e-07,6.2471e-07,6.2421e-07,5.5673e-07,5.5734e-07,6.9504e-07,6.2373e-07,6.059e-07,6.0625e-07,5.9281e-07,5.9267e-07,5.9276e-07,6.5124e-07,6.5099e-07
36,1,-2.5363e-06,-2.6176e-06,-2.6173e-06,-2.4784e-06,-2.4789e-06,-1.9669e-06,-1.9674e-06,-2.3142e-06,-2.2871e-06,-2.6797e-06,-2.6793e-06,-2.2293e-06,-2.2639e-06,-2.2638e-06,-2.3386e-06,-2.3396e-06
37,1,1.2023e-06,2.2429e-06,2.2426e-06,2.1066e-06,2.1064e-06,1.9624e-06,1.9637e-06,2.1956e-06,2.0601e-06,2.2288e-06,2.2287e-06,1.9512e-06,1.9813e-06,1.9814e-06,2.1359e-06,2.1361e-06
38,1,-5.5553e-07,-4.1271e-07,-4.1298e-07,-3.9624e-07,-3.973e-07,-2.2505e-07,-2.2441e-07,-3.0682e-07,-3.5814e-07,-4.239e-07,-4.2377e-07,-3.6954e-07,-3.7413e-07,-3.7424e-07,-3.4337e-07,-3.435e-07
39,1,-5.2794e-07,-5.1638e-07,-5.168e-07,-5.1739e-07,-5.172e-07,-3.4684e-07,-3.4657e-07,-4.2057e-07,-4.7563e-07,-5.4375e-07,-5.4367e-07,-4.8119e-07,-4.8411e-07,-4.8414e-07,-4.6302e-07,-4.6301e-07
40,1,-8.7995e-07,-9.5789e-07,-9.58e-07,-8.7439e-07,-8.7514e-07,-7.4989e-07,-7.483e-07,-9.0354e-07,-8.1295e-07,-9.7972e-07,-9.796e-07,-7.6711e-07,-7.8863e-07,-7.8865e-07,-8.4574e-07,-8.4556e-07
41,1,-3.9695e-07,-2.1229e-07,-2.1187e-07,-2.0981e-07,-2.1018e-07,-2.5364e-08,-2.4869e-08,-5.5588e-09,-1.6159e-07,-2.6126e-07,-2.6127e-07,-1.8738e-07,-1.9035e-07,-1.9025e-07,-1.3189e-07,-1.3218e-07
42,1,-4.342e-07,-2.428e-07,-2.4335e-07,-1.8804e-07,-1.8834e-07,-1.3992e-07,-1.4018e-07,-1.7382e-07,-1.3182e-07,-2.6325e-07,-2.6333e-07,-1.1372e-07,-1.2466e-07,-1.2461e-07,-1.4109e-07,-1.4135e-07
43,1,-3.8877e-06,-4.0822e-06,-4.0818e-06,-3.8903e-06,-3.8908e-06,-3.1039e-06,-3.1014e-06,-3.8131e-06,-3.6845e-06,-4.1293e-06,-4.1294e-06,-3.5721e-06,-3.6209e-06,-3.6211e-06,-3.7836e-06,-3.7836e-06
44,1,9.7387e-07,1.8657e-06,1.8657e-06,1.7318e-06,1.732e-06,1.7051e-06,1.7063e-06,1.9186e-06,1.7021e-06,1.8362e-06,1.8365e-06,1.5848e-06,1.6146e-06,1.6145e-06,1.7611e-06,1.7612e-06
45,1,-2.3941e-06,-2.699e-06,-2.6989e-06,-2.5216e-06,-2.5219e-06,-2.1375e-06,-2.137e-06,-2.4703e-06,-2.3878e-06,-2.7337e-06,-2.7333e-06,-2.2729e-06,-2.3128e-06,-2.3128e-06,-2.4164e-06,-2.4164e-06
46,1,2.4932e-06,3.7962e-06,3.7965e-06,3.5633e-06,3.5633e-06,3.2722e-06,3.2737e-06,3.8206e-06,3.4517e-06,3.7666e-06,3.7668e-06,3.2644e-06,3.3157e-06,3.3156e-06,3.5819e-06,3.5821e-06
47,1,5.7013e-07,1.0773e-06,1.0773e-06,1.0546e-06,1.0535e-06,9.4667e-07,9.4738e-07,1.1376e-06,1.0826e-06,1.0465e-06,1.0464e-06,1.0689e-06,1.0729e-06,1.073e-06,1.1092e-06,1.1089e-06
48,1,1.6796e-06,2.1458e-06,2.1456e-06,1.9925e-06,1.9928e-06,1.8561e-06,1.856e-06,2.2834e-06,1.9272e-06,2.0997e-06,2.0996e-06,1.8006e-06,1.833e-06,1.833e-06,2.0568e-06,2.0566e-06
49,1,7.8522e-07,1.2138e-06,1.2137e-06,1.1916e-06,1.1917e-06,9.6787e-07,9.68e-07,1.1474e-06,1.1775e-06,1.2065e-06,1.2066e-06,1.1679e-06,1.1737e-06,1.1736e-06,1.2112e-06,1.211e-06
50,1,-2.0367e-06,-2.1762e-06,-2.1765e-06,-2.0358e-06,-2.0362e-06,-1.73e-06,-1.7295e-06,-2.1363e-06,-1.9075e-06,-2.1883e-06,-2.188e-06,-1.8037e-06,-1.8369e-06,-1.8371e-06,-2.0052e-06,-2.0053e-06
51,1,3.4646e-06,5.0541e-06,5.0538e-06,4.7066e-06,4.7062e-06,4.4195e-06,4.4208e-06,5.3193e-06,4.5573e-06,4.9773e-06,4.9774e-06,4.2526e-06,4.3326e-06,4.3326e-06,4.7978e-06,4.7972e-06
52,1,-3.4628e-07,2.3379e-07,2.3321e-07,2.2602e-07,2.2637e-07,3.4754e-07,3.482e-07,2.7575e-07,2.5876e-07,2.104e-07,2.1021e-07,1.9697e-07,2.0061e-07,2.0055e-07,2.6702e-07,2.6689e-07
53,1,1.4096e-06,2.3699e-06,2.37e-06,2.1757e-06,2.1762e-06,2.1888e-06,2.1898e-06,2.5725e-06,2.0982e-06,2.3207e-06,2.3206e-06,1.9015e-06,1.9447e-06,1.9447e-06,2.2465e-06,2.2464e-06
54,1,-1.5704e-06,-8.787e-07,-8.782e-07,-8.779e-07,-8.7895e-07,-3.5687e-07,-3.5611e-07,-6.9358e-07,-8.0332e-07,-9.0511e-07,-9.0498e-07,-8.8989e-07,-8.7982e-07,-8.7971e-07,-8.0905e-07,-8.0865e-07
55,1,-5.4589e-06,-5.8107e-06,-5.8112e-06,-5.5435e-06,-5.5446e-06,-4.5327e-06,-4.5319e-06,-5.6786e-06,-5.3149e-06,-5.8228e-06,-5.8228e-06,-5.1156e-06,-5.1826e-06,-5.1825e-06,-5.4469e-06,-5.4471e-06
56,1,5.9609e-06,8.2236e-06,8.2234e-06,7.6592e-06,7.6583e-06,7.0186e-06,7.0209e-06,8.3002e-06,7.35e-06,8.1677e-06,8.1675e-06,6.8911e-06,7.02e-06,7.0202e-06,7.7167e-06,7.7164e-06
57,1,-2.2928e-06,-2.2761e-06,-2.2762e-06,-2.1516e-06,-2.1526e-06,-1.6862e-06,-1.6856e-06,-2.0825e-06,-2.039e-06,-2.3268e-06,-2.3266e-06,-1.9774e-06,-2.013e-06,-2.013e-06,-2.072e-06,-2.0724e-06
58,1,-2.7068e-06,-3.2389e-06,-3.2388e-06,-3.1221e-06,-3.1228e-06,-2.4327e-06,-2.4315e-06,-2.8858e-06,-2.9899e-06,-3.3062e-06,-3.3063e-06,-2.942e-06,-2.9839e-06,-2.9839e-06,-3.0202e-06,-3.0208e-06
59,1,1.0935e-06,1.6769e-06,1.6767e-06,1.5547e-06,1.5554e-06,1.5099e-06,1.5105e-06,1.797e-06,1.5261e-06,1.6318e-06,1.6318e-06,1.4154e-06,1.4404e-06,1.4404e-06,1.6156e-06,1.6153e-06
60,1,-3.5309e-06,-3.3047e-06,-3.3045e-06,-3.174e-06,-3.1743e-06,-2.3726e-06,-2.3735e-06,-2.7705e-06,-2.9642e-06,-3.4302e-06,-3.4304e-06,-2.9157e-06,-2.9511e-06,-2.951e-06,-2.9123e-06,-2.9129e-06
61,1,-5.5821e-06,-6.3878e-06,-6.3877e-06,-6.0612e-06,-6.062e-06,-4.986e-06,-4.9853e-06,-5.9934e-06,-5.7588e-06,-6.4664e-06,-6.4662e-06,-5.5591e-06,-5.6439e-06,-5.6438e-06,-5.8879e-06,-5.8882e-06
62,1,1.4954e-06,2.2904e-06,2.29e-06,2.1607e-06,2.1606e-06,1.9652e-06,1.9658e-06,2.3817e-06,2.103e-06,2.2586e-06,2.2588e-06,1.9989e-06,2.026e-06,2.026e-06,2.2019e-06,2.2019e-06
63,1,1.7981e-06,2.444e-06,2.444e-06,2.3055e-06,2.3055e-06,2.0784e-06,2.0787e-06,2.547e-06,2.2467e-06,2.4027e-06,2.4029e-06,2.1321e-06,2.1606e-06,2.1607e-06,2.3629e-06,2.3628e-06
64,1,2.2339e-06,3.131e-06,3.1316e-06,2.9593e-06,2.9592e-06,2.6857e-06,2.6869e-06,3.228e-06,2.9197e-06,3.071e-06,3.0715e-06,2.7724e-06,2.8124e-06,2.8125e-06,3.0319e-06,3.0319e-06
65,1,-2.4939e-06,-2.5387e-06,-2.5391e-06,-2.3176e-06,-2.3182e-06,-2.0943e-06,-2.0933e-06,-2.6729e-06,-2.1253e-06,-2.5373e-06,-2.5371e-06,-1.9766e-06,-2.0246e-06,-2.0246e-06,-2.2868e-06,-2.2867e-06
66,1,-4.7036e-07,-9.9048e-08,-9.9575e-08,-4.0753e-08,-4.1024e-08,-7.7591e-08,-7.9002e-08,-1.5665e-07,4.3765e-08,-1.1659e-07,-1.1657e-07,9.3829e-08,7.6629e-08,7.6569e-08,-1.604e-08,-1.5807e-08
67,1,1.6683e-06,2.3534e-06,2.3535e-06,2.2364e-06,2.2358e-06,2.0188e-06,2.0181e-06,2.4598e-06,2.214e-06,2.299e-06,2.2987e-06,2.0686e-06,2.0979e-06,2.098e-06,2.3447e-06,2.3443e-06
68,1,-2.4278e-07,-1.275e-07,-1.272e-07,-1.4398e-07,-1.4424e-07,-2.2323e-08,-2.1872e-08,3.7593e-08,-1.2401e-07,-1.7423e-07,-1.7404e-07,-1.3768e-07,-1.4143e-07,-1.4133e-07,-5.9103e-08,-5.9248e-08
69,1,-1.7862e-06,-2.2031e-06,-2.203e-06,-2.0556e-06,-2.0564e-06,-1.7305e-06,-1.73e-06,-1.9153e-06,-1.9401e-06,-2.2613e-06,-2.2608e-06,-1.8594e-06,-1.8947e-06,-1.8947e-06,-1.9387e-06,-1.9394e-06
70,2,-1.3458e-06,-1.8718e-06,-1.8717e-06,-1.7643e-06,-1.7647e-06,-1.5084e-06,-1.5081e-06,-1.6976e-06,-1.6805e-06,-1.8998e-06,-1.8998e-06,-1.6339e-06,-1.6636e-06,-1.6636e-06,-1.7043e-06,-1.7041e-06
71,2,-1.2995e-06,-1.978e-06,-1.9787e-06,-1.9267e-06,-1.9267e-06,-1.5105e-06,-1.5107e-06,-1.6136e-06,-1.9008e-06,-2.0285e-06,-2.0289e-06,-1.9029e-06,-1.9242e-06,-1.924e-06,-1.8541e-06,-1.854e-06
72,2,-1.7461e-06,-2.2566e-06,-2.2569e-06,-2.135e-06,-2.1354e-06,-1.8027e-06,-1.8027e-06,-2.0531e-06,-2.0297e-06,-2.2841e-06,-2.2842e-06,-1.9674e-06,-1.9986e-06,-1.9986e-06,-2.0586e-06,-2.0586e-06
73,2,-8.1386e-07,-1.013e-06,-1.0128e-06,-9.6024e-07,-9.6025e-07,-8.0953e-07,-8.0869e-07,-9.1138e-07,-8.9396e-07,-1.0411e-06,-1.0413e-06,-8.6831e-07,-8.8554e-07,-8.855e-07,-9.0527e-07,-9.0542e-07
74,2,-1.8385e-06,-2.3145e-06,-2.3145e-06,-2.2112e-06,-2.2112e-06,-1.819e-06,-1.8182e-06,-2.1079e-06,-2.1296e-06,-2.3506e-06,-2.3505e-06,-2.0735e-06,-2.1048e-06,-2.1049e-06,-2.148e-06,-2.148e-06
75,2,3.1213e-07,6.5591e-07,6.559e-07,6.6698e-07,6.6728e-07,5.5947e-07,5.5987e-07,6.0168e-07,7.3766e-07,6.2906e-07,6.2939e-07,7.387e-07,7.3653e-07,7.3655e-07,7.1241e-07,7.1295e-07
76,2,4.9576e-06,6.3659e-06,6.3664e-06,5.9856e-06,5.9857e-06,5.2113e-06,5.2117e-06,6.3481e-06,5.694e-06,6.3395e-06,6.3397e-06,5.4176e-06,5.4987e-06,5.4987e-06,5.9874e-06,5.9873e-06
77,2,-1.3417e-06,-1.0489e-06,-1.0487e-06,-1.0602e-06,-1.0602e-06,-7.3752e-07,-7.3738e-07,-8.7108e-07,-1.0933e-06,-1.0591e-06,-1.0591e-06,-1.0756e-06,-1.0804e-06,-1.0804e-06,-1.0113e-06,-1.0116e-06
78,2,-2.839e-06,-3.5337e-06,-3.5338e-06,-3.372e-06,-3.3716e-06,-2.8567e-06,-2.8585e-06,-3.2947e-06,-3.2586e-06,-3.5724e-06,-3.5722e-06,-3.1268e-06,-3.1771e-06,-3.177e-06,-3.2905e-06,-3.2904e-06
79,2,-5.8521e-06,-6.8485e-06,-6.8485e-06,-6.514e-06,-6.5139e-06,-5.5287e-06,-5.5292e-06,-6.6227e-06,-6.2716e-06,-6.8805e-06,-6.8802e-06,-6.0007e-06,-6.0941e-06,-6.0942e-06,-6.3971e-06,-6.3972e-06
80,2,5.1509e-06,7.7889e-06,7.789e-06,7.1707e-06,7.171e-06,6.6683e-06,6.6669e-06,7.7781e-06,6.8371e-06,7.7689e-06,7.7691e-06,6.4164e-06,6.5447e-06,6.5446e-06,7.1689e-06,7.1691e-06
81,2,2.1757e-07,5.683e-07,5.6844e-07,4.7756e-07,4.7689e-07,5.9241e-07,5.9306e-07,7.5674e-07,4.2208e-07,5.3665e-07,5.3676e-07,3.4007e-07,3.5894e-07,3.5895e-07,5.3551e-07,5.3519e-07
82,2,1.684e-06,2.3784e-06,2.3788e-06,1.9519e-06,1.9518e-06,2.353e-06,2.3522e-06,2.939e-06,1.6506e-06,2.3172e-06,2.3173e-06,1.2999e-06,1.3971e-06,1.397e-06,2.1002e-06,2.1002e-06
83,2,-1.1907e-06,-1.5081e-06,-1.5083e-06,-1.7062e-06,-1.7063e-06,-8.0333e-07,-8.0268e-07,-7.0375e-07,-1.8364e-06,-1.594e-06,-1.5942e-06,-2.0248e-06,-1.9904e-06,-1.9905e-06,-1.5496e-06,-1.5496e-06
84,2,5.481e-06,7.3565e-06,7.3564e-06,6.9137e-06,6.9139e-06,6.0492e-06,6.049e-06,7.2494e-06,6.617e-06,7.3617e-06,7.3616e-06,6.2837e-06,6.41e-06,6.41e-06,6.9983e-06,6.9987e-06
85,2,-6.4252e-07,-1.0053e-06,-1.0051e-06,-1.4132e-06,-1.4132e-06,-2.1949e-07,-2.1994e-07,3.3217e-08,-1.7644e-06,-1.0975e-06,-1.0974e-06,-2.1476e-06,-2.0602e-06,-2.0602e-06,-1.2084e-06,-1.2088e-06
86,2,-3.1656e-05,-7.1143e-05,-8.6402e-05,-7.5422e-05,-7.5422e-05,-5.7152e-05,-5.7148e-05,-8.2735e-05,-6.3231e-05,-7.4185e-05,-7.4185e-05,-8.1365e-05,-6.7083e-05,-6.7083e-05,-8.0071e-05,-8.0071e-05
87,2,-6.7129e-07,-9.8224e-07,-9.8229e-07,-1.2305e-06,-1.2305e-06,-4.0828e-07,-4.0736e-07,-2.0858e-07,-1.4422e-06,-1.0551e-06,-1.0549e-06,-1.6778e-06,-1.6252e-06,-1.6251e-06,-1.059e-06,-1.0592e-06
88,2,3.2603e-06,4.0674e-06,4.0674e-06,3.5451e-06,3.5447e-06,3.6856e-06,3.6862e-06,4.6537e-06,3.1319e-06,4.0112e-06,4.011e-06,2.6938e-06,2.8204e-06,2.8204e-06,3.7034e-06,3.7035e-06
89,2,1.1003e-06,1.5778e-06,1.5777e-06,1.51e-06,1.5102e-06,1.2544e-06,1.2545e-06,1.5518e-06,1.4837e-06,1.5622e-06,1.5622e-06,1.446e-06,1.4584e-06,1.4585e-06,1.5599e-06,1.5601e-06
90,2,-2.2353e-06,-2.7714e-06,-2.7717e-06,-2.697e-06,-2.6969e-06,-2.1693e-06,-2.1691e-06,-2.4838e-06,-2.6486e-06,-2.804e-06,-2.8041e-06,-2.5963e-06,-2.6201e-06,-2.6201e-06,-2.6021e-06,-2.602e-06
91,2,-7.1703e-06,-8.4417e-06,-8.4421e-06,-8.0243e-06,-8.0246e-06,-6.9008e-06,-6.9019e-06,-8.3449e-06,-7.7456e-06,-8.4156e-06,-8.4157e-06,-7.3875e-06,-7.4976e-06,-7.4976e-06,-7.9539e-06,-7.9541e-06
92,2,2.9014e-07,4.9085e-07,4.9084e-07,4.5713e-07,4.5736e-07,4.2413e-07,4.2281e-07,5.3386e-07,4.6028e-07,4.7725e-07,4.769e-07,4.207e-07,4.3266e-07,4.327e-07,5.2106e-07,5.2111e-07
93,2,-3.7978e-07,-6.4961e-07,-6.4942e-07,-6.2396e-07,-6.2404e-07,-5.226e-07,-5.2228e-07,-5.2921e-07,-5.8885e-07,-6.8802e-07,-6.8775e-07,-5.7348e-07,-5.8571e-07,-5.8574e-07,-5.6987e-07,-5.6969e-07
94,2,-6.7311e-07,-6.4497e-07,-6.4512e-07,-6.5849e-07,-6.5867e-07,-4.4342e-07,-4.4389e-07,-4.6194e-07,-6.6633e-07,-6.7009e-07,-6.6984e-07,-6.7861e-07,-6.8265e-07,-6.826e-07,-6.0217e-07,-6.0196e-07
95,2,-2.6621e-06,-3.1571e-06,-3.157e-06,-3.0061e-06,-3.0062e-06,-2.4768e-06,-2.4767e-06,-2.8542e-06,-2.8934e-06,-3.189e-06,-3.1887e-06,-2.7875e-06,-2.8277e-06,-2.8278e-06,-2.9296e-06,-2.9293e-06
96,2,8.7959e-07,1.0542e-06,1.0542e-06,1.0622e-06,1.0621e-06,8.1668e-07,8.1673e-07,9.9816e-07,1.0769e-06,1.0512e-06,1.0512e-06,1.0662e-06,1.0687e-06,1.0687e-06,1.0767e-06,1.0768e-06
97,2,1.7282e-06,2.2633e-06,2.2631e-06,2.1678e-06,2.1677e-06,1.816e-06,1.8153e-06,2.2078e-06,2.1324e-06,2.2527e-06,2.2526e-06,2.0683e-06,2.0868e-06,2.0868e-06,2.1829e-06,2.1831e-06
98,2,4.6117e-06,5.771e-06,5.771e-06,5.4765e-06,5.4763e-06,4.7011e-06,4.702e-06,5.6943e-06,5.2846e-06,5.756e-06,5.7561e-06,5.0475e-06,5.12e-06,5.12e-06,5.4799e-06,5.48e-06
99,2,-1.6026e-07,-2.9846e-08,-3.0218e-08,2.1158e-08,2.0798e-08,-7.1326e-08,-7.1153e-08,-3.379e-08,6.9898e-08,-4.3805e-08,-4.3952e-08,1.1219e-07,9.9998e-08,1.0005e-07,7.1002e-08,7.1013e-08
100,2,2.4013e-06,2.8637e-06,2.8637e-06,2.6982e-06,2.6985e-06,2.3439e-06,2.3434e-06,2.9531e-06,2.6007e-06,2.8314e-06,2.8317e-06,2.464e-06,2.5017e-06,2.5017e-06,2.7402e-06,2.7403e-06
101,2,1.8166e-06,2.3254e-06,2.3259e-06,2.1792e-06,2.179e-06,1.9627e-06,1.9623e-06,2.4202e-06,2.0824e-06,2.2977e-06,2.2973e-06,1.9535e-06,1.9918e-06,1.9919e-06,2.2369e-06,2.2372e-06
102,2,3.2061e-07,9.4844e-07,9.4852e-07,8.3635e-07,8.3631e-07,9.8752e-07,9.8877e-07,1.0645e-06,8.3337e-07,9.2974e-07,9.2969e-07,7.2801e-07,7.5481e-07,7.5486e-07,9.0597e-07,9.064e-07
103,2,-1.4676e-06,-1.9778e-06,-1.978e-06,-1.933e-06,-1.9329e-06,-1.5275e-06,-1.5271e-06,-1.7049e-06,-1.8926e-06,-2.0213e-06,-2.0214e-06,-1.8572e-06,-1.8796e-06,-1.8796e-06,-1.8639e-06,-1.8639e-06
104,2,-7.8071e-08,-3.2839e-07,-3.2859e-07,-3.1531e-07,-3.1516e-07,-2.6221e-07,-2.6184e-07,-1.9401e-07,-2.8838e-07,-3.5616e-07,-3.5616e-07,-2.9844e-07,-3.0061e-07,-3.0063e-07,-2.5365e-07,-2.539e-07
105,2,3.3426e-06,4.1917e-06,4.1917e-06,3.9703e-06,3.9704e-06,3.3924e-06,3.3914e-06,4.1606e-06,3.8277e-06,4.1767e-06,4.1769e-06,3.6623e-06,3.7119e-06,3.7119e-06,3.985e-06,3.9849e-06
106,2,-2.5305e-06,-3.1596e-06,-3.1594e-06,-3.0212e-06,-3.0215e-06,-2.5202e-06,-2.5205e-06,-2.8601e-06,-2.9427e-06,-3.1824e-06,-3.1822e-06,-2.8419e-06,-2.8804e-06,-2.8805e-06,-2.9455e-06,-2.9453e-06
107,2,-2.3961e-06,-3.233e-06,-3.2332e-06,-3.0439e-06,-3.0438e-06,-2.6549e-06,-2.6556e-06,-3.0404e-06,-2.914e-06,-3.2623e-06,-3.2621e-06,-2.7791e-06,-2.8297e-06,-2.8294e-06,-2.9791e-06,-2.9785e-06
108,2,-2.5603e-06,-3.2501e-06,-3.2501e-06,-3.0616e-06,-3.0613e-06,-2.673e-06,-2.6727e-06,-3.1032e-06,-2.9248e-06,-3.2729e-06,-3.2729e-06,-2.7767e-06,-2.8311e-06,-2.8311e-06,-2.9997e-06,-2.9995e-06
109,2,-2.7002e-06,-3.3202e-06,-3.3205e-06,-3.1047e-06,-3.1049e-06,-2.7504e-06,-2.75e-06,-3.2698e-06,-2.9395e-06,-3.3282e-06,-3.3282e-06,-2.7781e-06,-2.8337e-06,-2.8336e-06,-3.0745e-06,-3.0745e-06
110,2,-9.2523e-07,-1.1518e-06,-1.152e-06,-1.0825e-06,-1.082e-06,-9.442e-07,-9.437e-07,-1.0506e-06,-1.0498e-06,-1.1617e-06,-1.1617e-06,-1.0135e-06,-1.0278e-06,-1.0278e-06,-1.0234e-06,-1.0232e-06
111,2,-1.0506e-06,-1.4866e-06,-1.4868e-06,-1.4002e-06,-1.4001e-06,-1.2056e-06,-1.2053e-06,-1.3335e-06,-1.3343e-06,-1.5106e-06,-1.5104e-06,-1.2817e-06,-1.304e-06,-1.3039e-06,-1.3449e-06,-1.3448e-06
112,2,-3.6012e-07,-5.1902e-07,-5.1931e-07,-5.3477e-07,-5.3467e-07,-3.329e-07,-3.3202e-07,-2.5777e-07,-4.943e-07,-5.6554e-07,-5.6549e-07,-5.1178e-07,-5.1464e-07,-5.1455e-07,-4.4582e-07,-4.4589e-07
113,2,-2.7183e-07,-5.9117e-07,-5.9121e-07,-5.9073e-07,-5.9035e-07,-4.2474e-07,-4.2561e-07,-4.8279e-07,-5.6881e-07,-6.055e-07,-6.0613e-07,-5.9264e-07,-5.9511e-07,-5.9504e-07,-5.4267e-07,-5.4301e-07
114,2,2.3511e-06,3.2091e-06,3.2091e-06,2.9827e-06,2.9828e-06,2.8106e-06,2.8113e-06,3.2671e-06,2.8947e-06,3.1779e-06,3.1779e-06,2.7136e-06,2.7653e-06,2.7654e-06,3.0116e-06,3.0118e-06
115,2,6.1825e-07,7.5374e-07,7.538e-07,6.9412e-07,6.941e-07,7.1788e-07,7.2038e-07,8.3711e-07,7.0276e-07,7.27e-07,7.2725e-07,6.4195e-07,6.5564e-07,6.5566e-07,7.3317e-07,7.3303e-07
116,2,4.0754e-07,4.3808e-07,4.3817e-07,4.0674e-07,4.0661e-07,3.9815e-07,3.985e-07,5.4387e-07,3.9596e-07,4.1935e-07,4.1954e-07,3.5228e-07,3.601e-07,3.6014e-07,4.5177e-07,4.52e-07
117,2,1.0534e-06,1.0448e-06,1.0452e-06,1.0197e-06,1.0191e-06,8.0302e-07,8.0319e-07,1.1236e-06,1.002e-06,1.0159e-06,1.0158e-06,9.6576e-07,9.7048e-07,9.7045e-07,1.0703e-06,1.0705e-06
118,2,-1.1946e-07,-1.3263e-07,-1.3259e-07,-3.1201e-07,-3.1161e-07,1.493e-07,1.4983e-07,3.1584e-07,-4.6167e-07,-1.6759e-07,-1.6754e-07,-6.3376e-07,-5.9261e-07,-5.9265e-07,-2.0706e-07,-2.0665e-07
119,2,1.8131e-07,7.1551e-07,7.1567e-07,7.3127e-07,7.312e-07,5.5439e-07,5.5345e-07,6.6454e-07,7.6804e-07,7.0679e-07,7.0691e-07,7.9338e-07,7.9057e-07,7.9073e-07,7.8461e-07,7.8479e-07
120,2,3.2072e-07,5.59e-07,5.5928e-07,5.2984e-07,5.2984e-07,5.2845e-07,5.2924e-07,6.4481e-07,5.4767e-07,5.3052e-07,5.3038e-07,5.3811e-07,5.43e-07,5.4288e-07,5.7281e-07,5.7263e-07
121,2,6.4261e-08,5.5308e-07,5.5301e-07,5.2881e-07,5.2873e-07,5.008e-07,4.9973e-07,6.2376e-07,5.7368e-07,5.2281e-07,5.2311e-07,5.7638e-07,5.8187e-07,5.8186e-07,6.1531e-07,6.1485e-07
122,2,3.0188e-06,4.1205e-06,4.1201e-06,3.8873e-06,3.8871e-06,3.4326e-06,3.4337e-06,3.9918e-06,3.7608e-06,4.1068e-06,4.1064e-06,3.5772e-06,3.6282e-06,3.6281e-06,3.8797e-06,3.8797e-06
123,2,2.6682e-07,1.4492e-06,1.4495e-06,1.2875e-06,1.2872e-06,1.5176e-06,1.5186e-06,1.6008e-06,1.2689e-06,1.4336e-06,1.4332e-06,1.1362e-06,1.1739e-06,1.1738e-06,1.3464e-06,1.346e-06
124,2,1.1896e-06,2.1198e-06,2.1197e-06,2.0049e-06,2.0047e-06,1.8146e-06,1.8152e-06,2.1176e-06,1.9813e-06,2.0934e-06,2.0935e-06,1.8963e-06,1.9218e-06,1.9218e-06,2.0539e-06,2.0537e-06
125,2,-3.2812e-07,-5.839e-07,-5.8419e-07,-5.0907e-07,-5.0918e-07,-5.2451e-07,-5.249e-07,-5.1433e-07,-4.5638e-07,-6.0847e-07,-6.084e-07,-4.3326e-07,-4.5093e-07,-4.5095e-07,-4.5049e-07,-4.5067e-07
126,2,-1.41e-06,-1.38e-06,-1.3798e-06,-1.3229e-06,-1.323e-06,-1.0273e-06,-1.028e-06,-1.2215e-06,-1.2424e-06,-1.4143e-06,-1.4144e-06,-1.2079e-06,-1.2245e-06,-1.2245e-06,-1.2248e-06,-1.2247e-06
127,2,-2.147e-06,-2.3737e-06,-2.3737e-06,-2.3086e-06,-2.3088e-06,-1.7422e-06,-1.7418e-06,-2.2044e-06,-2.1817e-06,-2.4011e-06,-2.4011e-06,-2.1484e-06,-2.1636e-06,-2.1635e-06,-2.2233e-06,-2.223e-06
128,2,1.1901e-06,2.6657e-06,2.6656e-06,2.5093e-06,2.5095e-06,2.3042e-06,2.3032e-06,2.5579e-06,2.4662e-06,2.6597e-06,2.6598e-06,2.3847e-06,2.4195e-06,2.4196e-06,2.5369e-06,2.5368e-06
129,2,4.8935e-07,1.4512e-06,1.4511e-06,1.3623e-06,1.3624e-06,1.3153e-06,1.3149e-06,1.4836e-06,1.3713e-06,1.426e-06,1.4259e-06,1.3164e-06,1.3349e-06,1.3349e-06,1.4204e-06,1.4204e-06
130,2,-4.0922e-06,-4.5835e-06,-4.5835e-06,-4.3212e-06,-4.3213e-06,-3.7208e-06,-3.7221e-06,-4.4565e-06,-4.1265e-06,-4.5981e-06,-4.5981e-06,-3.8969e-06,-3.9718e-06,-3.9718e-06,-4.2557e-06,-4.2556e-06
131,2,-1.6245e-06,-1.6596e-06,-1.6598e-06,-1.5872e-06,-1.5871e-06,-1.2416e-06,-1.2424e-06,-1.6217e-06,-1.4887e-06,-1.67e-06,-1.6699e-06,-1.4484e-06,-1.4652e-06,-1.4652e-06,-1.5438e-06,-1.5436e-06
132,2,-7.2026e-07,-5.6887e-07,-5.6811e-07,-5.524e-07,-5.5213e-07,-3.7799e-07,-3.7818e-07,-5.6825e-07,-4.983e-07,-5.8521e-07,-5.8544e-07,-4.9756e-07,-5.0565e-07,-5.0563e-07,-5.2144e-07,-5.2156e-07
133,2,1.9482e-06,2.2959e-06,2.2957e-06,2.1265e-06,2.1266e-06,1.9565e-06,1.9559e-06,2.3137e-06,2.038e-06,2.2839e-06,2.2838e-06,1.9021e-06,1.9414e-06,1.9414e-06,2.1391e-06,2.139e-06
134,2,2.0153e-06,3.1285e-06,3.1287e-06,3.0009e-06,3.0011e-06,2.5476e-06,2.5472e-06,2.9785e-06,2.9675e-06,3.118e-06,3.1179e-06,2.909e-06,2.9347e-06,2.9348e-06,3.0261e-06,3.0261e-06
135,2,-3.9013e-06,-5.27e-06,-5.2702e-06,-5.2621e-06,-5.2629e-06,-3.9354e-06,-3.9352e-06,-4.5379e-06,-5.342e-06,-5.3128e-06,-5.3127e-06,-5.4115e-06,-5.4104e-06,-5.4104e-06,-5.1215e-06,-5.1217e-06
136,2,1.5728e-06,1.941e-06,1.9414e-06,1.4309e-06,1.4307e-06,2.1081e-06,2.1093e-06,2.8535e-06,1.042e-06,1.8486e-06,1.8486e-06,6.2254e-07,7.2911e-07,7.2915e-07,1.6023e-06,1.602e-06
137,2,-2.9576e-06,-3.5186e-06,-3.5188e-06,-3.3008e-06,-3.3007e-06,-2.8893e-06,-2.8896e-06,-3.4708e-06,-3.135e-06,-3.5342e-06,-3.534e-06,-2.9519e-06,-3.0099e-06,-3.0099e-06,-3.2506e-06,-3.2503e-06
138,2,7.8668e-08,4.6957e-07,4.6932e-07,4.5674e-07,4.5682e-07,4.362e-07,4.3527e-07,4.9679e-07,4.8364e-07,4.488e-07,4.4905e-07,4.6918e-07,4.7284e-07,4.7286e-07,5.1162e-07,5.1174e-07
139,2,2.4369e-06,3.143e-06,3.1426e-06,2.964e-06,2.9641e-06,2.6334e-06,2.6335e-06,3.1554e-06,2.8867e-06,3.11e-06,3.1098e-06,2.7303e-06,2.7697e-06,2.7697e-06,2.9922e-06,2.9921e-06
140,3,9.9902e-07,1.3172e-06,1.3171e-06,1.2632e-06,1.2628e-06,1.0657e-06,1.0661e-06,1.3514e-06,1.2537e-06,1.2962e-06,1.2963e-06,1.209e-06,1.2198e-06,1.2197e-06,1.3059e-06,1.306e-06
141,3,1.4355e-06,1.6163e-06,1.6162e-06,1.5354e-06,1.5355e-06,1.3382e-06,1.337e-06,1.7411e-06,1.5203e-06,1.572e-06,1.5718e-06,1.4394e-06,1.4566e-06,1.4567e-06,1.613e-06,1.6128e-06
142,3,1.5506e-06,2.1696e-06,2.1697e-06,2.0346e-06,2.0349e-06,1.823e-06,1.823e-06,2.209e-06,1.9687e-06,2.1467e-06,2.1465e-06,1.8649e-06,1.8933e-06,1.8933e-06,2.0662e-06,2.0665e-06
143,3,-9.1546e-08,-1.3827e-07,-1.3865e-07,-1.3283e-07,-1.3298e-07,-8.3361e-08,-8.2393e-08,-2.5002e-08,-1.0653e-07,-1.6776e-07,-1.6766e-07,-1.1738e-07,-1.2165e-07,-1.216e-07,-8.0575e-08,-8.052e-08
144,3,-1.7122e-06,-2.1525e-06,-2.1528e-06,-2.053e-06,-2.0532e-06,-1.6981e-06,-1.697e-06,-2.059e-06,-1.9531e-06,-2.187e-06,-2.1868e-06,-1.8916e-06,-1.9225e-06,-1.9225e-06,-1.9967e-06,-1.9967e-06
145,3,1.9654e-06,2.3199e-06,2.3199e-06,2.2096e-06,2.2093e-06,1.9175e-06,1.9167e-06,2.3489e-06,2.1567e-06,2.2936e-06,2.2937e-06,2.0534e-06,2.079e-06,2.079e-06,2.2356e-06,2.2355e-06
146,3,-6.3049e-07,-8.606e-07,-8.6095e-07,-7.9285e-07,-7.9275e-07,-6.8701e-07,-6.8743e-07,-8.2162e-07,-7.2964e-07,-8.9016e-07,-8.8974e-07,-6.9874e-07,-7.1857e-07,-7.1855e-07,-7.6489e-07,-7.649e-07
147,3,5.7349e-07,6.2447e-07,6.2458e-07,5.9381e-07,5.9326e-07,5.219e-07,5.2325e-07,7.0059e-07,6.0304e-07,5.8737e-07,5.8767e-07,5.6348e-07,5.6603e-07,5.6597e-07,6.4487e-07,6.4484e-07
148,3,6.795e-07,6.9842e-07,6.983e-07,6.5405e-07,6.5406e-07,5.9787e-07,5.9833e-07,8.556e-07,6.54e-07,6.5773e-07,6.5782e-07,6.0364e-07,6.1319e-07,6.1313e-07,7.2314e-07,7.2315e-07
149,3,-8.2697e-07,-1.1461e-06,-1.1461e-06,-1.1016e-06,-1.1018e-06,-8.5676e-07,-8.567e-07,-8.598e-07,-1.0223e-06,-1.2075e-06,-1.2074e-06,-1.0146e-06,-1.0286e-06,-1.0286e-06,-9.7941e-07,-9.7964e-07
150,3,-2.8177e-07,-3.6367e-07,-3.6329e-07,-3.9119e-07,-3.9167e-07,-1.7443e-07,-1.735e-07,-5.4108e-08,-3.8593e-07,-4.2526e-07,-4.2516e-07,-4.3732e-07,-4.3471e-07,-4.3469e-07,-2.7952e-07,-2.7945e-07
151,3,1.8194e-07,1.7809e-07,1.7815e-07,8.4952e-08,8.4356e-08,2.6886e-07,2.6934e-07,5.4787e-07,1.0628e-07,9.2416e-08,9.2385e-08,2.3786e-08,3.7108e-08,3.7167e-08,2.2442e-07,2.2436e-07
152,3,4.1407e-07,5.8419e-07,5.8414e-07,5.6282e-07,5.6256e-07,5.5154e-07,5.5183e-07,7.7403e-07,5.7443e-07,5.2915e-07,5.2931e-07,5.1969e-07,5.2687e-07,5.2686e-07,6.2427e-07,6.2446e-07
153,3,-1.764e-06,-2.2585e-06,-2.2587e-06,-2.1459e-06,-2.1463e-06,-1.8029e-06,-1.8021e-06,-2.0821e-06,-2.0548e-06,-2.2904e-06,-2.2903e-06,-1.9834e-06,-2.0134e-06,-2.0134e-06,-2.0771e-06,-2.077e-06
154,3,1.1695e-06,1.3879e-06,1.3878e-06,1.2894e-06,1.2892e-06,1.2128e-06,1.2139e-06,1.5694e-06,1.2336e-06,1.3474e-06,1.3477e-06,1.1378e-06,1.1565e-06,1.1565e-06,1.3406e-06,1.3408e-06
155,3,-3.8551e-06,-4.7881e-06,-4.7882e-06,-4.536e-06,-4.5357e-06,-3.8655e-06,-3.8649e-06,-4.545e-06,-4.3531e-06,-4.8132e-06,-4.8135e-06,-4.1829e-06,-4.2462e-06,-4.2462e-06,-4.4574e-06,-4.4575e-06
156,3,1.416e-06,2.0344e-06,2.0345e-06,1.8319e-06,1.8317e-06,1.8004e-06,1.799e-06,2.2201e-06,1.7117e-06,2.0016e-06,2.0019e-06,1.5688e-06,1.6043e-06,1.6044e-06,1.8746e-06,1.8747e-06
157,3,-3.245e-06,-4.0077e-06,-4.008e-06,-3.802e-06,-3.8023e-06,-3.2099e-06,-3.2091e-06,-3.7814e-06,-3.655e-06,-4.0404e-06,-4.0409e-06,-3.5185e-06,-3.5737e-06,-3.5737e-06,-3.7357e-06,-3.7351e-06
158,3,3.6379e-07,3.3462e-07,3.3439e-07,2.9751e-07,2.9776e-07,3.0146e-07,2.9981e-07,4.9249e-07,2.8042e-07,3.0816e-07,3.0794e-07,2.3838e-07,2.4445e-07,2.4448e-07,3.5208e-07,3.5237e-07
159,3,9.4158e-08,1.274e-07,1.2745e-07,7.4702e-08,7.4742e-08,1.8479e-07,1.8471e-07,3.5071e-07,4.8651e-08,9.8795e-08,9.872e-08,-1.2328e-09,6.6484e-09,6.6659e-09,1.4267e-07,1.4286e-07
160,3,2.9988e-06,3.6316e-06,3.6319e-06,3.3789e-06,3.3786e-06,3.1256e-06,3.1255e-06,3.8439e-06,3.242e-06,3.578e-06,3.5777e-06,2.9922e-06,3.0506e-06,3.0505e-06,3.4289e-06,3.4289e-06
161,3,-4.2593e-06,-4.6146e-06,-4.6145e-06,-4.4046e-06,-4.4039e-06,-3.6528e-06,-3.6514e-06,-4.4484e-06,-4.233e-06,-4.6191e-06,-4.6191e-06,-4.0467e-06,-4.1103e-06,-4.1101e-06,-4.3689e-06,-4.3683e-06
162,3,-6.8674e-07,-9.3815e-07,-9.382e-07,-9.1304e-07,-9.13e-07,-7.3002e-07,-7.2932e-07,-7.1002e-07,-8.9896e-07,-9.6768e-07,-9.6785e-07,-9.0161e-07,-9.0913e-07,-9.091e-07,-8.4012e-07,-8.404e-07
163,3,-4.5956e-06,-5.4403e-06,-5.4403e-06,-5.2244e-06,-5.2245e-06,-4.3029e-06,-4.3044e-06,-5.0882e-06,-5.074e-06,-5.4673e-06,-5.4673e-06,-4.9038e-06,-4.9666e-06,-4.9665e-06,-5.1526e-06,-5.1524e-06
164,3,-6.2976e-06,-8.0026e-06,-8.0016e-06,-7.5625e-06,-7.5627e-06,-6.4933e-06,-6.4938e-06,-7.6709e-06,-7.2802e-06,-8.0275e-06,-8.0287e-06,-6.9843e-06,-7.0916e-06,-7.0913e-06,-7.468e-06,-7.4672e-06
165,3,-3.8002e-07,-4.1708e-07,-4.1688e-07,-3.7164e-07,-3.7177e-07,-3.5985e-07,-3.598e-07,-3.8784e-07,-3.2699e-07,-4.3618e-07,-4.3608e-07,-2.9951e-07,-3.164e-07,-3.1645e-07,-3.3931e-07,-3.3904e-07
166,3,-1.6798e-06,-1.7221e-06,-1.7224e-06,-1.6569e-06,-1.6569e-06,-1.3297e-06,-1.3288e-06,-1.5801e-06,-1.595e-06,-1.7381e-06,-1.7383e-06,-1.5418e-06,-1.5629e-06,-1.563e-06,-1.598e-06,-1.5978e-06
167,3,3.39e-07,4.0196e-07,4.0187e-07,3.8622e-07,3.861e-07,3.2597e-07,3.2569e-07,4.3514e-07,4.0324e-07,3.8339e-07,3.8358e-07,3.8407e-07,3.866e-07,3.8653e-07,4.296e-07,4.2977e-07
168,3,-2.8832e-06,-3.142e-06,-3.1425e-06,-3.024e-06,-3.024e-06,-2.4898e-06,-2.4887e-06,-2.9481e-06,-2.936e-06,-3.154e-06,-3.154e-06,-2.8283e-06,-2.8639e-06,-2.8639e-06,-2.9517e-06,-2.9514e-06
169,3,-4.0641e-06,-4.7169e-06,-4.7174e-06,-4.4214e-06,-4.4219e-06,-3.8715e-06,-3.8723e-06,-4.6456e-06,-4.2111e-06,-4.7142e-06,-4.7141e-06,-3.984e-06,-4.0559e-06,-4.0559e-06,-4.3698e-06,-4.3699e-06
170,3,-2.7852e-08,4.2664e-08,4.2426e-08,2.43e-08,2.452e-08,6.2719e-08,6.3468e-08,2.0021e-07,3.4019e-08,9.0567e-09,9.2223e-09,2.4291e-08,2.1405e-08,2.148e-08,8.6061e-08,8.6017e-08
171,3,3.2783e-07,4.3544e-07,4.3554e-07,3.8558e-07,3.8537e-07,4.2499e-07,4.2464e-07,5.5657e-07,3.7726e-07,3.9973e-07,3.9984e-07,3.3124e-07,3.3781e-07,3.3787e-07,4.4728e-07,4.4722e-07
172,3,-1.9556e-06,-2.6607e-06,-2.6609e-06,-2.5257e-06,-2.5255e-06,-2.1396e-06,-2.1399e-06,-2.4309e-06,-2.4429e-06,-2.6803e-06,-2.6799e-06,-2.3526e-06,-2.3825e-06,-2.3826e-06,-2.4681e-06,-2.4679e-06
173,3,6.6486e-07,8.5265e-07,8.5254e-07,8.7095e-07,8.7093e-07,6.4753e-07,6.4749e-07,8.8994e-07,8.8988e-07,8.3559e-07,8.3551e-07,8.917e-07,8.8719e-07,8.8722e-07,8.852e-07,8.8543e-07
174,3,-2.8592e-07,-4.8611e-08,-4.8691e-08,-8.1432e-08,-8.1735e-08,7.2469e-08,7.2207e-08,3.8941e-08,-4.8993e-08,-7.708e-08,-7.7338e-08,-7.7014e-08,-7.6257e-08,-7.6283e-08,-3.9467e-08,-3.9345e-08
175,3,1.1852e-06,1.5774e-06,1.5773e-06,1.4962e-06,1.4963e-06,1.3209e-06,1.3209e-06,1.6508e-06,1.4708e-06,1.5554e-06,1.5557e-06,1.394e-06,1.4119e-06,1.4121e-06,1.5379e-06,1.5376e-06
176,3,2.731e-06,3.6011e-06,3.6009e-06,3.3917e-06,3.3916e-06,3.0168e-06,3.0175e-06,3.6369e-06,3.2971e-06,3.5724e-06,3.5728e-06,3.1278e-06,3.1745e-06,3.1745e-06,3.4202e-06,3.4202e-06
177,3,1.2167e-06,1.639e-06,1.6391e-06,1.5468e-06,1.5468e-06,1.3885e-06,1.3893e-06,1.7122e-06,1.5155e-06,1.6125e-06,1.6129e-06,1.4303e-06,1.4518e-06,1.4518e-06,1.6119e-06,1.6119e-06
178,3,-4.7529e-07,-6.4727e-07,-6.4739e-07,-6.5087e-07,-6.5045e-07,-4.477e-07,-4.4693e-07,-4.7964e-07,-6.2191e-07,-6.8402e-07,-6.8425e-07,-6.3766e-07,-6.4558e-07,-6.4556e-07,-5.9618e-07,-5.9588e-07
179,3,-2.4144e-06,-3.0656e-06,-3.0658e-06,-2.93e-06,-2.9306e-06,-2.4499e-06,-2.4512e-06,-2.8775e-06,-2.8109e-06,-3.0981e-06,-3.0981e-06,-2.7167e-06,-2.7564e-06,-2.7564e-06,-2.8492e-06,-2.8491e-06
180,3,-1.9243e-06,-2.627e-06,-2.627e-06,-2.5029e-06,-2.5029e-06,-2.114e-06,-2.1145e-06,-2.4121e-06,-2.4166e-06,-2.652e-06,-2.6519e-06,-2.3392e-06,-2.3731e-06,-2.3731e-06,-2.4389e-06,-2.4383e-06
181,3,-1.164e-06,-1.5158e-06,-1.516e-06,-1.4504e-06,-1.45e-06,-1.1949e-06,-1.1957e-06,-1.3476e-06,-1.3789e-06,-1.5437e-06,-1.5439e-06,-1.3433e-06,-1.3637e-06,-1.3637e-06,-1.3816e-06,-1.3813e-06
182,3,-1.5292e-06,-1.957e-06,-1.957e-06,-1.8421e-06,-1.8424e-06,-1.5581e-06,-1.5583e-06,-1.832e-06,-1.7185e-06,-2.0061e-06,-2.0064e-06,-1.6452e-06,-1.6818e-06,-1.6818e-06,-1.7891e-06,-1.789e-06
183,3,-4.8157e-07,-5.7568e-07,-5.7626e-07,-5.5803e-07,-5.5746e-07,-4.3033e-07,-4.2935e-07,-4.4833e-07,-5.246e-07,-6.0404e-07,-6.0407e-07,-5.2429e-07,-5.3226e-07,-5.3215e-07,-4.902e-07,-4.8986e-07
184,3,-2.1405e-06,-2.8289e-06,-2.8292e-06,-2.6462e-06,-2.6465e-06,-2.337e-06,-2.338e-06,-2.6993e-06,-2.5215e-06,-2.8495e-06,-2.8492e-06,-2.4004e-06,-2.4465e-06,-2.4465e-06,-2.5902e-06,-2.5901e-06
185,3,1.0825e-06,1.249e-06,1.2488e-06,1.1572e-06,1.1569e-06,1.0702e-06,1.07e-06,1.4066e-06,1.1168e-06,1.2125e-06,1.2127e-06,1.03e-06,1.0467e-06,1.0467e-06,1.2083e-06,1.2086e-06
186,3,1.4903e-07,2.3198e-07,2.3179e-07,2.1398e-07,2.1385e-07,2.0921e-07,2.1083e-07,3.1666e-07,2.4244e-07,2.0192e-07,2.0185e-07,2.2079e-07,2.2054e-07,2.2065e-07,2.64e-07,2.644e-07
187,3,-7.8633e-07,-1.0874e-06,-1.0874e-06,-9.6766e-07,-9.6774e-07,-9.4447e-07,-9.4334e-07,-1.0721e-06,-8.6278e-07,-1.1e-06,-1.0998e-06,-7.887e-07,-8.1592e-07,-8.1585e-07,-9.3285e-07,-9.328e-07
188,3,-7.5603e-07,-8.5192e-07,-8.5262e-07,-7.9584e-07,-7.9543e-07,-6.5837e-07,-6.5788e-07,-7.7355e-07,-7.0633e-07,-8.875e-07,-8.8749e-07,-6.6387e-07,-6.8119e-07,-6.8122e-07,-7.3673e-07,-7.37e-07
189,3,1.5663e-06,1.9778e-06,1.9779e-06,1.8631e-06,1.8632e-06,1.6304e-06,1.6292e-06,2.0416e-06,1.7992e-06,1.9513e-06,1.9511e-06,1.7077e-06,1.7292e-06,1.7291e-06,1.9016e-06,1.9018e-06
190,3,1.3987e-06,1.6666e-06,1.6665e-06,1.5574e-06,1.5573e-06,1.3846e-06,1.3848e-06,1.6987e-06,1.5357e-06,1.6281e-06,1.6283e-06,1.4573e-06,1.4754e-06,1.4754e-06,1.6004e-06,1.6003e-06
191,3,4.2047e-07,4.1365e-07,4.1349e-07,3.7049e-07,3.7012e-07,4.2797e-07,4.2816e-07,5.7017e-07,3.779e-07,3.6175e-07,3.6188e-07,3.3123e-07,3.3391e-07,3.3398e-07,4.1713e-07,4.1717e-07
192,3,-6.2428e-08,-7.2974e-08,-7.3316e-08,-1.2711e-07,-1.275e-07,5.035e-08,5.1063e-08,1.0494e-07,-6.3919e-08,-1.3444e-07,-1.3423e-07,-1.0633e-07,-1.0306e-07,-1.0305e-07,-3.7323e-08,-3.7323e-08
193,3,-2.1642e-07,-3.968e-07,-3.9687e-07,-3.7439e-07,-3.745e-07,-2.6253e-07,-2.6129e-07,-3.0926e-07,-3.0727e-07,-4.4034e-07,-4.4011e-07,-3.0715e-07,-3.2074e-07,-3.2071e-07,-3.3327e-07,-3.3324e-07
194,3,4.9926e-07,5.6468e-07,5.6475e-07,4.9855e-07,4.9877e-07,5.4988e-07,5.4973e-07,7.138e-07,4.7993e-07,5.2819e-07,5.2826e-07,3.9691e-07,4.1384e-07,4.1404e-07,5.7578e-07,5.7606e-07
195,3,-2.0987e-06,-2.7579e-06,-2.7581e-06,-2.5576e-06,-2.5579e-06,-2.3108e-06,-2.3121e-06,-2.764e-06,-2.38e-06,-2.7858e-06,-2.786e-06,-2.2471e-06,-2.2937e-06,-2.2937e-06,-2.4989e-06,-2.4991e-06
196,3,2.8018e-06,4.0785e-06,4.0784e-06,3.6957e-06,3.6958e-06,3.5805e-06,3.5804e-06,4.1345e-06,3.5282e-06,4.0224e-06,4.0223e-06,3.2632e-06,3.3298e-06,3.3302e-06,3.6889e-06,3.6888e-06
197,3,-7.1984e-07,-9.2409e-07,-9.2391e-07,-8.4073e-07,-8.4027e-07,-8.103e-07,-8.1051e-07,-8.6517e-07,-7.5809e-07,-9.3254e-07,-9.3257e-07,-6.9662e-07,-7.1872e-07,-7.1878e-07,-7.8741e-07,-7.8739e-07
198,3,-5.4232e-07,-6.1345e-07,-6.1379e-07,-5.37e-07,-5.3685e-07,-5.3606e-07,-5.3574e-07,-5.8505e-07,-4.679e-07,-6.2376e-07,-6.2339e-07,-4.1346e-07,-4.3573e-07,-4.3565e-07,-5.0386e-07,-5.0372e-07
199,3,2.4936e-06,3.0467e-06,3.0467e-06,2.9193e-06,2.9191e-06,2.4471e-06,2.4469e-06,3.0244e-06,2.8472e-06,3.024e-06,3.0238e-06,2.7331e-06,2.764e-06,2.764e-06,2.946e-06,2.9459e-06
200,3,1.5485e-07,3.5845e-08,3.594e-08,8.773e-08,8.8061e-08,-4.6677e-08,-4.6486e-08,6.5331e-08,1.3929e-07,1.6804e-08,1.6773e-08,1.6429e-07,1.5359e-07,1.5357e-07,1.4164e-07,1.4162e-07
201,3,1.8289e-06,2.1978e-06,2.1977e-06,2.1115e-06,2.1117e-06,1.7573e-06,1.7567e-06,2.188e-06,2.075e-06,2.1818e-06,2.1816e-06,1.9963e-06,2.016e-06,2.016e-06,2.1382e-06,2.1386e-06
202,3,2.2252e-06,2.5962e-06,2.5961e-06,2.5011e-06,2.501e-06,2.0581e-06,2.0573e-06,2.5889e-06,2.4503e-06,2.5735e-06,2.5735e-06,2.3523e-06,2.3772e-06,2.3771e-06,2.5356e-06,2.5359e-06
203,3,-1.2463e-06,-1.6058e-06,-1.6059e-06,-1.4961e-06,-1.4964e-06,-1.3357e-06,-1.3363e-06,-1.5035e-06,-1.4113e-06,-1.6297e-06,-1.6297e-06,-1.3365e-06,-1.3652e-06,-1.3652e-06,-1.4386e-06,-1.4386e-06
204,3,9.7467e-07,1.2497e-06,1.2498e-06,1.1911e-06,1.1909e-06,1.0228e-06,1.0222e-06,1.3226e-06,1.18e-06,1.2175e-06,1.2175e-06,1.1375e-06,1.1468e-06,1.1468e-06,1.2297e-06,1.2304e-06
205,3,2.6335e-06,3.248e-06,3.2477e-06,3.0873e-06,3.087e-06,2.6495e-06,2.6497e-06,3.222e-06,3.0002e-06,3.2267e-06,3.2269e-06,2.8498e-06,2.8891e-06,2.8892e-06,3.1131e-06,3.1132e-06
206,3,1.8594e-06,2.2886e-06,2.288e-06,2.1282e-06,2.1276e-06,1.9109e-06,1.9112e-06,2.3755e-06,2.0325e-06,2.2535e-06,2.2536e-06,1.9008e-06,1.9317e-06,1.9319e-06,2.1687e-06,2.1689e-06
207,3,3.9001e-07,3.6296e-07,3.6275e-07,3.3026e-07,3.3016e-07,3.0598e-07,3.0606e-07,4.3891e-07,3.2939e-07,3.2988e-07,3.2997e-07,2.8796e-07,2.8982e-07,2.8965e-07,3.896e-07,3.8965e-07
208,3,1.0509e-06,1.2525e-06,1.2526e-06,1.1657e-06,1.1655e-06,1.0654e-06,1.0655e-06,1.3506e-06,1.1104e-06,1.2274e-06,1.2274e-06,1.0266e-06,1.0459e-06,1.0459e-06,1.2053e-06,1.2054e-06
209,3,-1.0157e-06,-1.3095e-06,-1.3095e-06,-1.2404e-06,-1.2405e-06,-1.0196e-06,-1.0187e-06,-1.1557e-06,-1.1797e-06,-1.3422e-06,-1.3422e-06,-1.151e-06,-1.1693e-06,-1.1693e-06,-1.183e-06,-1.1831e-06
210,4,-1.0381e-06,-8.9595e-07,-8.9604e-07,-7.6529e-07,-7.6571e-07,-7.787e-07,-7.775e-07,-1.0138e-06,-6.3803e-07,-8.9914e-07,-8.9923e-07,-5.3347e-07,-5.5796e-07,-5.5792e-07,-7.0554e-07,-7.0483e-07
211,4,1.6778e-06,2.7246e-06,2.7248e-06,2.7123e-06,2.7119e-06,2.1929e-06,2.1939e-06,2.4001e-06,2.7656e-06,2.7458e-06,2.7462e-06,2.7281e-06,2.745e-06,2.7449e-06,2.6952e-06,2.6955e-06
212,4,3.8108e-06,5.0251e-06,5.0252e-06,4.8512e-06,4.8506e-06,4.1039e-06,4.1048e-06,4.786e-06,4.7903e-06,5.0304e-06,5.0303e-06,4.615e-06,4.6689e-06,4.6689e-06,4.8293e-06,4.8302e-06
213,4,1.5871e-06,1.929e-06,1.9289e-06,1.6302e-06,1.6298e-06,1.9016e-06,1.9019e-06,2.5288e-06,1.4415e-06,1.8287e-06,1.8286e-06,1.1831e-06,1.2346e-06,1.2347e-06,1.7214e-06,1.7212e-06
214,4,3.98e-07,8.3518e-07,8.3506e-07,7.8525e-07,7.8455e-07,7.6911e-07,7.6977e-07,8.6502e-07,7.9799e-07,8.2025e-07,8.2042e-07,7.2672e-07,7.4064e-07,7.4063e-07,8.3213e-07,8.3221e-07
215,4,-4.9718e-07,-2.8016e-07,-2.8025e-07,-2.4425e-07,-2.4478e-07,-1.4805e-07,-1.4813e-07,-2.1744e-07,-1.8348e-07,-3.0207e-07,-3.0193e-07,-1.6464e-07,-1.7518e-07,-1.7517e-07,-2.1165e-07,-2.1153e-07
216,4,1.1638e-06,1.9206e-06,1.9203e-06,1.8301e-06,1.8298e-06,1.6321e-06,1.6322e-06,1.8698e-06,1.8159e-06,1.9041e-06,1.9041e-06,1.737e-06,1.7575e-06,1.7573e-06,1.8645e-06,1.8647e-06
217,4,9.7789e-09,4.6531e-07,4.6508e-07,3.963e-07,3.9522e-07,4.7994e-07,4.7953e-07,6.0364e-07,3.8344e-07,4.3318e-07,4.3333e-07,3.3286e-07,3.4561e-07,3.4557e-07,4.8113e-07,4.8089e-07
218,4,-2.1097e-07,-3.8674e-07,-3.8673e-07,-3.6199e-07,-3.6188e-07,-3.0268e-07,-3.0263e-07,-1.8984e-07,-3.5965e-07,-3.9075e-07,-3.9082e-07,-3.6681e-07,-3.6293e-07,-3.6294e-07,-2.733e-07,-2.7339e-07
219,4,1.477e-06,1.8313e-06,1.8311e-06,1.548e-06,1.548e-06,1.8013e-06,1.8027e-06,2.3754e-06,1.3808e-06,1.7489e-06,1.7493e-06,1.1545e-06,1.2021e-06,1.2022e-06,1.6212e-06,1.6214e-06
220,4,1.1195e-06,1.7651e-06,1.7651e-06,1.6284e-06,1.6275e-06,1.5773e-06,1.5772e-06,1.9764e-06,1.5761e-06,1.7103e-06,1.7105e-06,1.4598e-06,1.4866e-06,1.4866e-06,1.718e-06,1.7182e-06
221,4,1.0414e-07,1.201e-07,1.2008e-07,-5.1728e-08,-5.2698e-08,3.8461e-07,3.857e-07,5.9245e-07,-1.576e-07,5.2733e-08,5.2969e-08,-3.294e-07,-2.9756e-07,-2.9758e-07,4.9895e-08,4.9746e-08
222,4,2.2903e-07,4.1943e-07,4.1969e-07,4.1195e-07,4.1147e-07,4.0031e-07,4.0045e-07,5.306e-07,4.3304e-07,3.9245e-07,3.9229e-07,4.0195e-07,4.0915e-07,4.0912e-07,4.8178e-07,4.8195e-07
223,4,-6.1466e-07,-6.7727e-07,-6.7728e-07,-6.6273e-07,-6.6377e-07,-4.9812e-07,-4.9793e-07,-4.916e-07,-6.3718e-07,-7.163e-07,-7.1615e-07,-6.4452e-07,-6.4712e-07,-6.4714e-07,-5.6664e-07,-5.6689e-07
224,4,-5.0974e-07,-4.7985e-07,-4.7945e-07,-4.409e-07,-4.4137e-07,-3.1741e-07,-3.1706e-07,-2.8177e-07,-3.9062e-07,-5.2323e-07,-5.231e-07,-3.7108e-07,-3.799e-07,-3.7987e-07,-3.5758e-07,-3.577e-07
225,4,5.9088e-06,7.4884e-06,7.4882e-06,7.0773e-06,7.077e-06,6.1941e-06,6.1944e-06,7.45e-06,6.8776e-06,7.4432e-06,7.4434e-06,6.5451e-06,6.6448e-06,6.6449e-06,7.1215e-06,7.121e-06
226,4,2.0241e-06,3.0132e-06,3.0135e-06,2.868e-06,2.8675e-06,2.5355e-06,2.5367e-06,2.9512e-06,2.8174e-06,2.989e-06,2.989e-06,2.6925e-06,2.7287e-06,2.7289e-06,2.8856e-06,2.8856e-06
227,4,-2.0588e-06,-2.4977e-06,-2.4977e-06,-2.3838e-06,-2.3845e-06,-1.9401e-06,-1.9392e-06,-2.226e-06,-2.2899e-06,-2.5554e-06,-2.5553e-06,-2.2204e-06,-2.2534e-06,-2.2534e-06,-2.2857e-06,-2.286e-06
228,4,-6.225e-07,-8.6098e-07,-8.6118e-07,-8.4446e-07,-8.4447e-07,-6.1751e-07,-6.1686e-07,-6.7235e-07,-7.5858e-07,-9.1449e-07,-9.1431e-07,-7.5939e-07,-7.6671e-07,-7.6659e-07,-7.4049e-07,-7.4001e-07
229,4,2.3032e-06,2.7444e-06,2.7443e-06,2.5487e-06,2.5482e-06,2.3282e-06,2.3284e-06,2.8225e-06,2.4825e-06,2.6833e-06,2.6836e-06,2.3329e-06,2.373e-06,2.3731e-06,2.6108e-06,2.6107e-06
230,4,2.387e-06,3.3437e-06,3.3434e-06,3.2333e-06,3.2329e-06,2.7607e-06,2.7617e-06,3.1729e-06,3.2007e-06,3.3454e-06,3.3451e-06,3.0832e-06,3.1198e-06,3.1197e-06,3.2348e-06,3.2347e-06
231,4,3.8614e-07,6.1612e-07,6.1579e-07,5.5136e-07,5.5082e-07,5.9899e-07,5.9966e-07,7.7935e-07,5.2165e-07,5.8826e-07,5.8842e-07,4.4691e-07,4.6676e-07,4.668e-07,6.2422e-07,6.2413e-07
232,4,1.5744e-06,1.8858e-06,1.8857e-06,1.6298e-06,1.629e-06,1.8083e-06,1.8099e-06,2.2987e-06,1.5268e-06,1.8022e-06,1.8022e-06,1.3201e-06,1.3646e-06,1.3646e-06,1.7107e-06,1.7114e-06
233,4,1.669e-06,2.0563e-06,2.0564e-06,1.919e-06,1.9191e-06,1.7673e-06,1.7676e-06,2.2443e-06,1.8861e-06,1.996e-06,1.9965e-06,1.7728e-06,1.802e-06,1.802e-06,2.003e-06,2.0024e-06
234,4,-8.0894e-08,-4.4121e-08,-4.4194e-08,-2.9058e-08,-2.9217e-08,1.9536e-08,1.8357e-08,1.1457e-07,-1.2762e-08,-7.3023e-08,-7.2994e-08,-2.7198e-08,-3.1174e-08,-3.1133e-08,1.8923e-08,1.87e-08
235,4,-2.6889e-07,3.6416e-08,3.6485e-08,5.3073e-08,5.286e-08,8.0669e-08,8.1367e-08,1.157e-07,1.129e-07,2.6521e-09,2.7831e-09,1.2253e-07,1.1688e-07,1.1687e-07,1.3345e-07,1.3331e-07
236,4,3.7283e-06,5.0612e-06,5.0615e-06,4.8601e-06,4.8597e-06,4.0838e-06,4.0844e-06,4.7639e-06,4.7998e-06,5.0558e-06,5.0559e-06,4.6585e-06,4.7103e-06,4.7102e-06,4.8542e-06,4.8539e-06
237,4,9.342e-07,1.7257e-06,1.7256e-06,1.673e-06,1.6729e-06,1.4811e-06,1.4815e-06,1.6454e-06,1.6923e-06,1.7245e-06,1.7247e-06,1.6293e-06,1.6534e-06,1.6534e-06,1.7201e-06,1.7196e-06
238,4,8.4104e-07,1.5245e-06,1.5244e-06,1.4241e-06,1.424e-06,1.3176e-06,1.3182e-06,1.6254e-06,1.3972e-06,1.4985e-06,1.4982e-06,1.3321e-06,1.3426e-06,1.3427e-06,1.4799e-06,1.4801e-06
239,4,-1.4573e-06,-6.7162e-07,-6.7111e-07,-6.3414e-07,-6.3459e-07,-4.6275e-07,-4.6042e-07,-7.4322e-07,-5.7087e-07,-6.4369e-07,-6.4485e-07,-4.9095e-07,-5.0675e-07,-5.0683e-07,-6.5612e-07,-6.5676e-07
240,4,-7.6729e-07,-1.955e-08,-1.955e-08,-1.8767e-08,-1.9467e-08,7.3487e-08,7.2701e-08,-1.8939e-08,1.955e-08,-2.034e-08,-1.9858e-08,6.9379e-08,5.9642e-08,5.9712e-08,-2.0082e-09,-2.6121e-09
241,4,-1.6397e-06,-2.2518e-06,-2.2518e-06,-2.1928e-06,-2.193e-06,-1.7072e-06,-1.7058e-06,-1.9038e-06,-2.1453e-06,-2.2977e-06,-2.2981e-06,-2.1379e-06,-2.1566e-06,-2.1566e-06,-2.1028e-06,-2.1027e-06
242,4,-2.5355e-06,-3.2631e-06,-3.2631e-06,-3.1018e-06,-3.1015e-06,-2.6151e-06,-2.6146e-06,-3.0308e-06,-2.9949e-06,-3.2831e-06,-3.2831e-06,-2.8989e-06,-2.9355e-06,-2.9355e-06,-3.0229e-06,-3.0228e-06
243,4,2.2936e-06,3.3243e-06,3.324e-06,3.1489e-06,3.1487e-06,2.7638e-06,2.7642e-06,3.2741e-06,3.0763e-06,3.3124e-06,3.3127e-06,2.9491e-06,2.9943e-06,2.9943e-06,3.203e-06,3.2027e-06
244,4,1.8341e-06,2.4586e-06,2.4585e-06,2.362e-06,2.3616e-06,1.996e-06,1.996e-06,2.3891e-06,2.3218e-06,2.4483e-06,2.4483e-06,2.2542e-06,2.274e-06,2.274e-06,2.3781e-06,2.378e-06
245,4,-1.9796e-06,-2.724e-06,-2.7241e-06,-2.5989e-06,-2.5994e-06,-2.1634e-06,-2.1623e-06,-2.4114e-06,-2.5044e-06,-2.7694e-06,-2.7695e-06,-2.4431e-06,-2.4743e-06,-2.4742e-06,-2.4972e-06,-2.4975e-06
246,4,-1.7723e-06,-2.406e-06,-2.4064e-06,-2.3169e-06,-2.3172e-06,-1.8704e-06,-1.8706e-06,-2.0983e-06,-2.2631e-06,-2.4473e-06,-2.4473e-06,-2.2304e-06,-2.2567e-06,-2.2568e-06,-2.2367e-06,-2.237e-06
247,4,-1.9789e-06,-2.4606e-06,-2.4607e-06,-2.3486e-06,-2.3482e-06,-1.9433e-06,-1.9447e-06,-2.2294e-06,-2.2687e-06,-2.4839e-06,-2.4841e-06,-2.2112e-06,-2.2362e-06,-2.2362e-06,-2.2637e-06,-2.2634e-06
248,4,-3.8755e-06,-4.7417e-06,-4.742e-06,-4.5163e-06,-4.5165e-06,-3.7512e-06,-3.7508e-06,-4.4153e-06,-4.3535e-06,-4.7833e-06,-4.7831e-06,-4.22e-06,-4.2766e-06,-4.2765e-06,-4.4038e-06,-4.404e-06
249,4,2.0816e-06,3.16e-06,3.1602e-06,2.9887e-06,2.9882e-06,2.6106e-06,2.6112e-06,3.1159e-06,2.9224e-06,3.1435e-06,3.1435e-06,2.8314e-06,2.8618e-06,2.8618e-06,3.027e-06,3.0269e-06
250,4,2.5996e-06,4.149e-06,4.1484e-06,3.8015e-06,3.8008e-06,3.6482e-06,3.6471e-06,4.3177e-06,3.6509e-06,4.0872e-06,4.0874e-06,3.4053e-06,3.4744e-06,3.4745e-06,3.8778e-06,3.8773e-06
251,4,5.9596e-07,9.5663e-07,9.5674e-07,8.3438e-07,8.3446e-07,8.8781e-07,8.877e-07,1.1358e-06,7.9213e-07,9.0837e-07,9.085e-07,7.0672e-07,7.2708e-07,7.2713e-07,9.206e-07,9.2051e-07
252,4,4.6853e-06,6.3888e-06,6.3888e-06,6.1076e-06,6.1073e-06,5.2103e-06,5.2107e-06,6.2334e-06,5.9576e-06,6.3732e-06,6.3734e-06,5.7451e-06,5.8143e-06,5.8143e-06,6.1199e-06,6.1199e-06
253,4,1.0168e-06,2.0321e-06,2.0322e-06,1.9305e-06,1.9305e-06,1.7316e-06,1.7284e-06,2.0002e-06,1.9231e-06,2.0189e-06,2.019e-06,1.8685e-06,1.8857e-06,1.8857e-06,1.974e-06,1.9736e-06
254,4,3.6572e-07,8.2338e-07,8.2405e-07,8.2593e-07,8.247e-07,6.7311e-07,6.7361e-07,7.9929e-07,8.4769e-07,8.1824e-07,8.1834e-07,8.4825e-07,8.4722e-07,8.4726e-07,8.4868e-07,8.4889e-07
255,4,4.0011e-06,5.2098e-06,5.21e-06,4.9699e-06,4.9702e-06,4.2631e-06,4.2631e-06,5.091e-06,4.8495e-06,5.188e-06,5.188e-06,4.6559e-06,4.7119e-06,4.7119e-06,4.98e-06,4.98e-06
256,4,-7.5563e-06,-9.4459e-06,-9.4457e-06,-8.8596e-06,-8.8597e-06,-7.7872e-06,-7.7877e-06,-9.3565e-06,-8.4447e-06,-9.4388e-06,-9.4388e-06,-8.0047e-06,-8.1475e-06,-8.1477e-06,-8.8069e-06,-8.8066e-06
257,4,3.1464e-06,4.2262e-06,4.2263e-06,3.9649e-06,3.9644e-06,3.5362e-06,3.536e-06,4.2631e-06,3.8304e-06,4.1894e-06,4.1894e-06,3.6413e-06,3.6952e-06,3.6952e-06,3.9961e-06,3.996e-06
258,4,-5.4305e-07,-5.553e-07,-5.5539e-07,-5.6982e-07,-5.6943e-07,-3.3427e-07,-3.3397e-07,-3.6703e-07,-5.4603e-07,-5.8711e-07,-5.8723e-07,-5.798e-07,-5.8203e-07,-5.8203e-07,-5.0208e-07,-5.0166e-07
259,4,2.0889e-06,2.8172e-06,2.817e-06,2.6334e-06,2.6333e-06,2.3799e-06,2.3799e-06,2.8979e-06,2.5345e-06,2.7829e-06,2.7833e-06,2.3995e-06,2.4384e-06,2.4385e-06,2.6786e-06,2.6786e-06
260,4,-3.0122e-06,-3.6991e-06,-3.6989e-06,-3.5098e-06,-3.5099e-06,-2.9194e-06,-2.92e-06,-3.4346e-06,-3.3577e-06,-3.7341e-06,-3.7341e-06,-3.2274e-06,-3.2737e-06,-3.2736e-06,-3.4109e-06,-3.4108e-06
261,4,-9.8813e-07,-5.0652e-07,-5.065e-07,-5.1348e-07,-5.1357e-07,-2.5079e-07,-2.4863e-07,-4.2195e-07,-4.7955e-07,-5.1224e-07,-5.1247e-07,-4.7126e-07,-4.7382e-07,-4.7366e-07,-5.0166e-07,-5.0141e-07
262,4,-6.6881e-07,-5.73e-07,-5.7257e-07,-5.8207e-07,-5.8195e-07,-4.4015e-07,-4.4044e-07,-5.1147e-07,-5.6977e-07,-5.9441e-07,-5.9434e-07,-5.4767e-07,-5.5638e-07,-5.5642e-07,-5.2992e-07,-5.2971e-07
263,4,-3.0663e-06,-3.29e-06,-3.2899e-06,-3.1104e-06,-3.1105e-06,-2.6521e-06,-2.6535e-06,-3.2378e-06,-2.9501e-06,-3.3083e-06,-3.3082e-06,-2.8142e-06,-2.861e-06,-2.861e-06,-3.0032e-06,-3.0031e-06
264,4,-1.7409e-06,-1.8309e-06,-1.8301e-06,-1.6708e-06,-1.671e-06,-1.5098e-06,-1.5097e-06,-1.822e-06,-1.568e-06,-1.8332e-06,-1.8329e-06,-1.4435e-06,-1.4851e-06,-1.4851e-06,-1.6398e-06,-1.6395e-06
265,4,-7.9878e-07,-4.2587e-07,-4.2583e-07,-3.756e-07,-3.7538e-07,-2.9313e-07,-2.9209e-07,-4.0653e-07,-3.0139e-07,-4.3481e-07,-4.3443e-07,-2.5836e-07,-2.7423e-07,-2.7425e-07,-3.4453e-07,-3.4489e-07
266,4,4.355e-06,5.4823e-06,5.4812e-06,5.2255e-06,5.2255e-06,4.4794e-06,4.4816e-06,5.3825e-06,5.104e-06,5.4541e-06,5.4541e-06,4.9031e-06,4.9597e-06,4.9596e-06,5.2364e-06,5.2364e-06
267,4,1.3473e-06,2.5185e-06,2.5187e-06,2.4142e-06,2.4137e-06,2.1122e-06,2.1096e-06,2.4005e-06,2.4234e-06,2.5121e-06,2.5126e-06,2.3697e-06,2.3894e-06,2.3895e-06,2.4408e-06,2.4403e-06
268,4,9.7949e-07,1.4751e-06,1.4753e-06,1.3862e-06,1.3862e-06,1.2686e-06,1.2688e-06,1.5751e-06,1.3506e-06,1.445e-06,1.4454e-06,1.2712e-06,1.2906e-06,1.2906e-06,1.4568e-06,1.4565e-06
269,4,-1.1873e-06,-1.3118e-06,-1.3114e-06,-1.2139e-06,-1.214e-06,-1.0853e-06,-1.0855e-06,-1.2412e-06,-1.1449e-06,-1.3253e-06,-1.3254e-06,-1.0696e-06,-1.0939e-06,-1.0939e-06,-1.1375e-06,-1.1378e-06
270,4,-7.6724e-07,-9.105e-07,-9.1082e-07,-8.9305e-07,-8.9315e-07,-6.5926e-07,-6.59e-07,-7.1835e-07,-8.5734e-07,-9.4898e-07,-9.4886e-07,-8.5614e-07,-8.6336e-07,-8.6332e-07,-8.0591e-07,-8.0581e-07
271,4,4.1627e-07,5.6399e-07,5.6378e-07,5.1591e-07,5.1571e-07,5.2559e-07,5.2598e-07,6.9644e-07,4.9204e-07,5.3771e-07,5.38e-07,4.3776e-07,4.4776e-07,4.4775e-07,5.6731e-07,5.6712e-07
272,4,-1.9665e-06,-2.6492e-06,-2.6497e-06,-2.5471e-06,-2.547e-06,-2.0655e-06,-2.0656e-06,-2.3282e-06,-2.476e-06,-2.6899e-06,-2.6897e-06,-2.4387e-06,-2.4677e-06,-2.4677e-06,-2.462e-06,-2.4622e-06
273,4,-4.4972e-07,-7.0294e-07,-7.0329e-07,-7.2528e-07,-7.2539e-07,-4.3267e-07,-4.3205e-07,-3.895e-07,-7.2079e-07,-7.5539e-07,-7.5529e-07,-7.753e-07,-7.7521e-07,-7.7524e-07,-6.4643e-07,-6.4641e-07
274,4,-3.4727e-07,1.5672e-08,1.5156e-08,7.7898e-08,7.7537e-08,-3.9348e-08,-3.8781e-08,-1.0896e-07,1.5665e-07,1.5818e-08,1.6e-08,2.3471e-07,2.1831e-07,2.1825e-07,1.1181e-07,1.1146e-07
275,4,-1.5385e-06,-1.7855e-06,-1.7857e-06,-1.6908e-06,-1.691e-06,-1.4012e-06,-1.4016e-06,-1.6173e-06,-1.5784e-06,-1.8269e-06,-1.8266e-06,-1.5095e-06,-1.5441e-06,-1.5441e-06,-1.6198e-06,-1.6199e-06
276,4,5.6077e-07,1.3802e-06,1.3791e-06,1.2879e-06,1.2876e-06,1.2243e-06,1.2248e-06,1.281e-06,1.2619e-06,1.3753e-06,1.3754e-06,1.1765e-06,1.1993e-06,1.1993e-06,1.3227e-06,1.3223e-06
277,4,-2.3518e-06,-2.5729e-06,-2.5729e-06,-2.4669e-06,-2.467e-06,-1.9592e-06,-1.9579e-06,-2.3543e-06,-2.3452e-06,-2.604e-06,-2.6038e-06,-2.2655e-06,-2.2951e-06,-2.2951e-06,-2.3897e-06,-2.3896e-06
278,4,6.9413e-08,2.0645e-07,2.0643e-07,2.3429e-07,2.3416e-07,1.63e-07,1.6321e-07,2.1847e-07,2.7087e-07,1.9424e-07,1.9388e-07,2.8458e-07,2.8125e-07,2.8135e-07,2.8412e-07,2.8446e-07
279,4,2.0646e-07,4.9197e-07,4.9198e-07,5.0284e-07,5.0247e-07,3.7852e-07,3.7771e-07,4.5598e-07,5.2048e-07,4.9351e-07,4.9389e-07,5.3701e-07,5.3328e-07,5.3334e-07,5.2869e-07,5.2906e-07
280,5,1.5693e-06,2.316e-06,2.3155e-06,2.1499e-06,2.1493e-06,1.9968e-06,1.9974e-06,2.3875e-06,2.0674e-06,2.2854e-06,2.2855e-06,1.9267e-06,1.9629e-06,1.9627e-06,2.199e-06,2.1988e-06
281,5,7.3669e-07,9.0646e-07,9.0654e-07,8.8726e-07,8.8704e-07,6.9285e-07,6.9397e-07,8.8372e-07,8.816e-07,8.9398e-07,8.9403e-07,8.5648e-07,8.6084e-07,8.6087e-07,9.2213e-07,9.2206e-07
282,5,4.8644e-07,4.9335e-07,4.9338e-07,4.5416e-07,4.5367e-07,4.2228e-07,4.2276e-07,6.3923e-07,4.4818e-07,4.4981e-07,4.4991e-07,4.0056e-07,4.0583e-07,4.0585e-07,5.2735e-07,5.2744e-07
283,5,-1.3512e-06,-1.3361e-06,-1.3362e-06,-1.3207e-06,-1.3207e-06,-9.4675e-07,-9.4627e-07,-1.1502e-06,-1.296e-06,-1.3638e-06,-1.3636e-06,-1.2919e-06,-1.2983e-06,-1.2983e-06,-1.267e-06,-1.2668e-06
284,5,-4.2817e-06,-5.1758e-06,-5.1757e-06,-4.9504e-06,-4.9511e-06,-4.1018e-06,-4.1013e-06,-4.8921e-06,-4.78e-06,-5.2041e-06,-5.204e-06,-4.6336e-06,-4.6836e-06,-4.6837e-06,-4.8332e-06,-4.8335e-06
285,5,-6.1293e-08,3.4467e-07,3.4472e-07,2.949e-07,2.9454e-07,4.0888e-07,4.0897e-07,6.0528e-07,2.7517e-07,2.9516e-07,2.9517e-07,2.3154e-07,2.3622e-07,2.3624e-07,3.9614e-07,3.9591e-07
286,5,3.4222e-06,4.5432e-06,4.5434e-06,4.2658e-06,4.2652e-06,3.8338e-06,3.8347e-06,4.7271e-06,4.1184e-06,4.4812e-06,4.4812e-06,3.8814e-06,3.9457e-06,3.9458e-06,4.3489e-06,4.3488e-06
287,5,7.972e-07,1.0926e-06,1.0926e-06,1.0074e-06,1.0067e-06,9.6946e-07,9.6967e-07,1.2844e-06,9.5977e-07,1.0525e-06,1.0528e-06,8.8538e-07,9.0259e-07,9.0264e-07,1.08e-06,1.0801e-06
288,5,-4.1918e-07,-4.2221e-07,-4.2275e-07,-3.9191e-07,-3.9189e-07,-2.9811e-07,-2.9767e-07,-2.4695e-07,-3.9612e-07,-4.6011e-07,-4.6e-07,-3.8512e-07,-3.9307e-07,-3.9302e-07,-3.5356e-07,-3.5356e-07
289,5,-1.4663e-06,-1.5401e-06,-1.5401e-06,-1.5273e-06,-1.528e-06,-1.0789e-06,-1.0786e-06,-1.1644e-06,-1.4806e-06,-1.6126e-06,-1.6129e-06,-1.4924e-06,-1.499e-06,-1.499e-06,-1.3746e-06,-1.3746e-06
290,5,-1.2977e-06,-1.5145e-06,-1.5144e-06,-1.472e-06,-1.4728e-06,-1.1187e-06,-1.1181e-06,-1.2352e-06,-1.4129e-06,-1.5655e-06,-1.5653e-06,-1.3877e-06,-1.4035e-06,-1.4034e-06,-1.3597e-06,-1.3596e-06
291,5,-4.0761e-06,-5.2156e-06,-5.2158e-06,-5.2799e-06,-5.2799e-06,-3.7976e-06,-3.7982e-06,-4.2827e-06,-5.3928e-06,-5.2854e-06,-5.2851e-06,-5.4978e-06,-5.4963e-06,-5.4963e-06,-5.0993e-06,-5.0993e-06
292,5,-2.1733e-06,-2.3544e-06,-2.3545e-06,-2.2567e-06,-2.2572e-06,-1.772e-06,-1.771e-06,-2.0009e-06,-2.153e-06,-2.416e-06,-2.4161e-06,-2.095e-06,-2.1173e-06,-2.1173e-06,-2.115e-06,-2.1153e-06
293,5,-2.8865e-06,-4.1219e-06,-4.1221e-06,-4.1376e-06,-4.1375e-06,-3.0273e-06,-3.0273e-06,-3.4104e-06,-4.2181e-06,-4.1797e-06,-4.1803e-06,-4.3087e-06,-4.3074e-06,-4.3074e-06,-4.0139e-06,-4.0141e-06
294,5,-1.7424e-06,-1.65e-06,-1.6499e-06,-1.6394e-06,-1.6396e-06,-1.2396e-06,-1.2381e-06,-1.4421e-06,-1.6652e-06,-1.6533e-06,-1.6537e-06,-1.662e-06,-1.6563e-06,-1.6561e-06,-1.5012e-06,-1.5008e-06
295,5,1.6066e-06,1.417e-06,1.417e-06,1.0795e-06,1.0795e-06,1.4746e-06,1.4753e-06,2.098e-06,8.2232e-07,1.3377e-06,1.3378e-06,5.1999e-07,5.89e-07,5.8907e-07,1.1998e-06,1.1997e-06
296,5,-7.5372e-08,-1.5915e-07,-1.5907e-07,-1.8154e-07,-1.8173e-07,-1.5162e-07,-1.5135e-07,-1.1951e-07,-1.621e-07,-1.7259e-07,-1.7233e-07,-1.8656e-07,-1.7653e-07,-1.7649e-07,-6.0085e-08,-6.0238e-08
297,5,8.2156e-07,1.0116e-06,1.0115e-06,5.3324e-07,5.327e-07,1.4416e-06,1.4412e-06,1.9876e-06,1.7465e-07,8.8855e-07,8.8874e-07,-2.2002e-07,-1.396e-07,-1.3964e-07,6.3969e-07,6.3979e-07
298,5,-2.5534e-06,-3.428e-06,-3.428e-06,-3.5058e-06,-3.5058e-06,-2.4494e-06,-2.4493e-06,-2.678e-06,-3.6069e-06,-3.4876e-06,-3.4878e-06,-3.7176e-06,-3.7012e-06,-3.7012e-06,-3.3405e-06,-3.3403e-06
299,5,3.2562e-07,6.3412e-07,6.3434e-07,6.1777e-07,6.1767e-07,5.2982e-07,5.3102e-07,6.4595e-07,6.2467e-07,6.1329e-07,6.1338e-07,6.0836e-07,6.1116e-07,6.1124e-07,6.4882e-07,6.4885e-07
300,5,-1.2739e-06,-1.3008e-06,-1.3012e-06,-1.1805e-06,-1.1806e-06,-1.0787e-06,-1.0781e-06,-1.2713e-06,-1.1033e-06,-1.3013e-06,-1.3013e-06,-1.0282e-06,-1.0503e-06,-1.0503e-06,-1.1367e-06,-1.1367e-06
301,5,5.1776e-08,5.7494e-08,5.7441e-08,4.2619e-08,4.2444e-08,9.267e-08,9.3041e-08,2.1802e-07,9.7447e-08,7.4942e-09,7.547e-09,6.9487e-08,7.5662e-08,7.5659e-08,1.5121e-07,1.5137e-07
302,5,-2.539e-07,-2.7597e-07,-2.7614e-07,-2.7764e-07,-2.78e-07,-1.4692e-07,-1.4622e-07,-3.861e-08,-2.7934e-07,-3.0614e-07,-3.0608e-07,-3.1547e-07,-3.0826e-07,-3.0821e-07,-1.6966e-07,-1.6964e-07
303,5,-6.7722e-06,-8.4693e-06,-8.4691e-06,-8.0202e-06,-8.0209e-06,-6.8479e-06,-6.8473e-06,-8.0646e-06,-7.7259e-06,-8.493e-06,-8.4933e-06,-7.4154e-06,-7.5169e-06,-7.5169e-06,-7.8696e-06,-7.8696e-06
304,5,1.402e-06,1.6872e-06,1.687e-06,1.5942e-06,1.594e-06,1.4058e-06,1.4061e-06,1.8465e-06,1.5444e-06,1.6644e-06,1.6645e-06,1.4323e-06,1.4715e-06,1.4715e-06,1.7272e-06,1.7274e-06
305,5,-2.3425e-06,-3.0222e-06,-3.0224e-06,-2.7976e-06,-2.7973e-06,-2.5327e-06,-2.5337e-06,-2.8834e-06,-2.6458e-06,-3.0404e-06,-3.0405e-06,-2.5035e-06,-2.5517e-06,-2.5517e-06,-2.7292e-06,-2.7293e-06
306,5,1.7193e-07,1.6977e-07,1.6936e-07,1.4719e-07,1.4706e-07,1.8162e-07,1.8162e-07,3.0154e-07,1.5655e-07,1.2951e-07,1.2965e-07,1.317e-07,1.3294e-07,1.3297e-07,2.0279e-07,2.028e-07
307,5,5.1e-07,4.3906e-07,4.3876e-07,3.9997e-07,4e-07,3.8312e-07,3.8272e-07,6.1095e-07,4.0371e-07,4.0291e-07,4.032e-07,3.5857e-07,3.6552e-07,3.6556e-07,4.6449e-07,4.6429e-07
308,5,-1.2349e-06,-1.7422e-06,-1.7424e-06,-1.6365e-06,-1.6364e-06,-1.4133e-06,-1.4137e-06,-1.5655e-06,-1.5696e-06,-1.7654e-06,-1.7653e-06,-1.5154e-06,-1.5431e-06,-1.5431e-06,-1.5903e-06,-1.5901e-06
309,5,1.6073e-06,1.9868e-06,1.987e-06,1.879e-06,1.879e-06,1.6211e-06,1.6221e-06,2.0167e-06,1.8446e-06,1.9576e-06,1.9579e-06,1.7553e-06,1.7766e-06,1.7767e-06,1.922e-06,1.9222e-06
310,5,1.0189e-06,1.3197e-06,1.3197e-06,1.2555e-06,1.2552e-06,1.0622e-06,1.0624e-06,1.358e-06,1.2309e-06,1.2888e-06,1.2893e-06,1.1763e-06,1.1915e-06,1.1915e-06,1.3032e-06,1.3033e-06
311,5,1.3761e-06,1.7451e-06,1.745e-06,1.6783e-06,1.6783e-06,1.3859e-06,1.3862e-06,1.7322e-06,1.6444e-06,1.7325e-06,1.7329e-06,1.5747e-06,1.5948e-06,1.5948e-06,1.7113e-06,1.7112e-06
312,5,2.0094e-06,2.5247e-06,2.5245e-06,2.3752e-06,2.3752e-06,2.1e-06,2.1002e-06,2.5757e-06,2.3178e-06,2.4851e-06,2.485e-06,2.1978e-06,2.2276e-06,2.2276e-06,2.4228e-06,2.423e-06
313,5,4.1716e-07,6.2257e-07,6.2251e-07,5.776e-07,5.7762e-07,5.9649e-07,5.966e-07,7.9138e-07,5.7243e-07,5.806e-07,5.8032e-07,5.1862e-07,5.2845e-07,5.2851e-07,6.4181e-07,6.4168e-07
314,5,-1.0302e-06,-1.4474e-06,-1.4474e-06,-1.3482e-06,-1.3482e-06,-1.2139e-06,-1.2129e-06,-1.3395e-06,-1.2846e-06,-1.4587e-06,-1.4586e-06,-1.2162e-06,-1.2292e-06,-1.2293e-06,-1.2686e-06,-1.2686e-06
315,5,-2.0335e-06,-2.9185e-06,-2.9187e-06,-2.7524e-06,-2.7524e-06,-2.3755e-06,-2.3754e-06,-2.6824e-06,-2.6382e-06,-2.9585e-06,-2.9591e-06,-2.5351e-06,-2.5763e-06,-2.5763e-06,-2.6747e-06,-2.6744e-06
316,5,5.9878e-07,4.5117e-07,4.5103e-07,4.2316e-07,4.2391e-07,3.8169e-07,3.8163e-07,5.9649e-07,4.3496e-07,4.274e-07,4.2761e-07,3.9575e-07,3.9976e-07,3.9987e-07,4.7338e-07,4.7341e-07
317,5,3.2073e-07,5.4359e-07,5.4348e-07,5.458e-07,5.4546e-07,4.2659e-07,4.2644e-07,5.7222e-07,5.8428e-07,5.1075e-07,5.1113e-07,5.8173e-07,5.8226e-07,5.8225e-07,6.1553e-07,6.1603e-07
318,5,-1.3463e-07,-2.7886e-07,-2.7898e-07,-2.4272e-07,-2.4258e-07,-2.2872e-07,-2.2806e-07,-2.0468e-07,-1.8663e-07,-3.2738e-07,-3.2713e-07,-1.5899e-07,-1.7332e-07,-1.7329e-07,-1.9107e-07,-1.9114e-07
319,5,1.7392e-06,2.4168e-06,2.4167e-06,2.2689e-06,2.2686e-06,2.0633e-06,2.0643e-06,2.4859e-06,2.191e-06,2.3861e-06,2.3863e-06,2.0643e-06,2.0999e-06,2.1e-06,2.3098e-06,2.31e-06
320,5,2.3106e-06,2.6921e-06,2.6917e-06,2.561e-06,2.5609e-06,2.1889e-06,2.1906e-06,2.77e-06,2.4792e-06,2.6617e-06,2.6619e-06,2.3669e-06,2.3992e-06,2.3992e-06,2.6037e-06,2.6037e-06
321,5,-1.2619e-06,-1.2823e-06,-1.2823e-06,-1.1848e-06,-1.1849e-06,-1.0176e-06,-1.0186e-06,-1.2731e-06,-1.0838e-06,-1.2747e-06,-1.2745e-06,-1.0227e-06,-1.0347e-06,-1.0346e-06,-1.1097e-06,-1.1098e-06
322,5,-1.1264e-06,-1.1885e-06,-1.189e-06,-1.1668e-06,-1.1667e-06,-9.09e-07,-9.0939e-07,-1.0232e-06,-1.1622e-06,-1.1953e-06,-1.1955e-06,-1.1478e-06,-1.1423e-06,-1.1423e-06,-1.0466e-06,-1.0466e-06
323,5,1.5997e-06,2.2395e-06,2.2396e-06,2.0957e-06,2.0955e-06,1.8976e-06,1.8976e-06,2.324e-06,2.022e-06,2.2182e-06,2.2182e-06,1.9126e-06,1.949e-06,1.949e-06,2.1522e-06,2.1521e-06
324,5,2.9675e-06,3.8337e-06,3.8336e-06,3.5965e-06,3.5966e-06,3.2143e-06,3.2149e-06,3.9194e-06,3.4655e-06,3.7981e-06,3.7984e-06,3.2568e-06,3.3172e-06,3.3172e-06,3.6636e-06,3.6633e-06
325,5,3.3596e-07,3.5922e-07,3.592e-07,3.7321e-07,3.7313e-07,2.6986e-07,2.7073e-07,4.6442e-07,4.0083e-07,3.3538e-07,3.3565e-07,3.8616e-07,3.8295e-07,3.8296e-07,4.4139e-07,4.4157e-07
326,5,3.5948e-06,4.5402e-06,4.5407e-06,4.3072e-06,4.3071e-06,3.7175e-06,3.7164e-06,4.5271e-06,4.1698e-06,4.5191e-06,4.5191e-06,3.9829e-06,4.0395e-06,4.0396e-06,4.3369e-06,4.337e-06
327,5,-5.0546e-07,-4.6519e-07,-4.6481e-07,-4.1755e-07,-4.1794e-07,-3.3548e-07,-3.3556e-07,-3.4539e-07,-3.7029e-07,-4.9393e-07,-4.9406e-07,-3.6376e-07,-3.6937e-07,-3.6937e-07,-3.3587e-07,-3.3596e-07
328,5,4.1427e-06,5.4844e-06,5.4839e-06,5.1033e-06,5.103e-06,4.6966e-06,4.6976e-06,5.6458e-06,4.9665e-06,5.4079e-06,5.408e-06,4.6849e-06,4.7645e-06,4.7645e-06,5.1624e-06,5.1624e-06
329,5,-1.5127e-07,-6.3565e-09,-6.5347e-09,-7.8482e-08,-7.9195e-08,6.3348e-08,6.3686e-08,8.9478e-08,-7.4815e-08,-5.2556e-08,-5.2509e-08,-1.1691e-07,-1.0213e-07,-1.0212e-07,5.1461e-08,5.1237e-08
330,5,-1.7253e-06,-1.8613e-06,-1.8614e-06,-1.8228e-06,-1.823e-06,-1.3141e-06,-1.3127e-06,-1.4349e-06,-1.7372e-06,-1.935e-06,-1.935e-06,-1.7366e-06,-1.7487e-06,-1.7486e-06,-1.6785e-06,-1.6785e-06
331,5,-1.326e-06,-8.072e-07,-8.0752e-07,-8.1258e-07,-8.1322e-07,-4.609e-07,-4.5795e-07,-4.3325e-07,-7.6161e-07,-8.903e-07,-8.9e-07,-7.9708e-07,-7.9898e-07,-7.9891e-07,-6.4705e-07,-6.4747e-07
332,5,-3.8051e-06,-4.3598e-06,-4.3602e-06,-4.1536e-06,-4.1543e-06,-3.3999e-06,-3.3997e-06,-3.9802e-06,-3.9997e-06,-4.4113e-06,-4.4113e-06,-3.8688e-06,-3.9197e-06,-3.9198e-06,-4.0188e-06,-4.0188e-06
333,5,-5.5729e-07,-7.9665e-07,-7.9708e-07,-7.4058e-07,-7.4069e-07,-6.5239e-07,-6.5137e-07,-6.3587e-07,-6.8103e-07,-8.4323e-07,-8.4336e-07,-6.5828e-07,-6.754e-07,-6.754e-07,-6.6845e-07,-6.6815e-07
334,5,-1.8138e-06,-2.3179e-06,-2.3178e-06,-2.1937e-06,-2.1942e-06,-1.8138e-06,-1.8139e-06,-2.0188e-06,-2.092e-06,-2.3627e-06,-2.3626e-06,-2.0378e-06,-2.0678e-06,-2.0678e-06,-2.1262e-06,-2.126e-06
335,5,-1.9577e-06,-2.516e-06,-2.5154e-06,-2.3691e-06,-2.3693e-06,-2.0498e-06,-2.049e-06,-2.3168e-06,-2.2583e-06,-2.5474e-06,-2.5474e-06,-2.168e-06,-2.2071e-06,-2.2071e-06,-2.2932e-06,-2.2931e-06
336,5,-3.1553e-07,-4.1146e-07,-4.1157e-07,-4.0421e-07,-4.0423e-07,-2.6559e-07,-2.645e-07,-1.7328e-07,-3.7639e-07,-4.5666e-07,-4.562e-07,-3.7673e-07,-3.8093e-07,-3.8093e-07,-3.2823e-07,-3.2821e-07
337,5,-1.9225e-06,-1.871e-06,-1.8711e-06,-1.6946e-06,-1.6948e-06,-1.4891e-06,-1.4897e-06,-1.7877e-06,-1.5412e-06,-1.8911e-06,-1.8907e-06,-1.4269e-06,-1.4558e-06,-1.4558e-06,-1.6187e-06,-1.619e-06
338,5,-2.1342e-07,-4.4639e-07,-4.4648e-07,-4.7457e-07,-4.7408e-07,-2.6057e-07,-2.5978e-07,-1.9295e-07,-4.99e-07,-4.789e-07,-4.7875e-07,-5.4595e-07,-5.4272e-07,-5.4273e-07,-4.11e-07,-4.1079e-07
339,5,-6.4906e-07,-9.423e-07,-9.4245e-07,-8.9861e-07,-8.986e-07,-7.0941e-07,-7.0915e-07,-7.4577e-07,-8.6081e-07,-9.6589e-07,-9.6593e-07,-8.541e-07,-8.6422e-07,-8.642e-07,-8.3837e-07,-8.3837e-07
340,5,-2.4429e-06,-3.1539e-06,-3.1541e-06,-2.9322e-06,-2.9324e-06,-2.6243e-06,-2.6245e-06,-2.9473e-06,-2.7928e-06,-3.1585e-06,-3.1587e-06,-2.6533e-06,-2.7003e-06,-2.7003e-06,-2.8764e-06,-2.8764e-06
341,5,-1.4485e-07,-4.1559e-07,-4.1574e-07,-4.0813e-07,-4.0874e-07,-3.0288e-07,-3.0267e-07,-2.2674e-07,-3.8751e-07,-4.525e-07,-4.5248e-07,-4.12e-07,-4.1877e-07,-4.1878e-07,-3.4975e-07,-3.4979e-07
342,5,-9.3569e-08,-2.4896e-07,-2.4894e-07,-2.2479e-07,-2.2454e-07,-1.6027e-07,-1.6071e-07,-1.0622e-07,-1.9322e-07,-2.8037e-07,-2.8036e-07,-2.0397e-07,-2.0965e-07,-2.0964e-07,-1.7574e-07,-1.7534e-07
343,5,1.2398e-06,1.3917e-06,1.3917e-06,1.3148e-06,1.3151e-06,1.1125e-06,1.1141e-06,1.4172e-06,1.3262e-06,1.3518e-06,1.3518e-06,1.2579e-06,1.2735e-06,1.2735e-06,1.3837e-06,1.3836e-06
344,5,-1.5075e-06,-2.0069e-06,-2.0074e-06,-1.93e-06,-1.9299e-06,-1.6032e-06,-1.6028e-06,-1.8103e-06,-1.8282e-06,-2.0621e-06,-2.0619e-06,-1.7567e-06,-1.7862e-06,-1.7861e-06,-1.8382e-06,-1.8382e-06
345,5,2.6132e-07,3.0543e-07,3.054e-07,2.5444e-07,2.5395e-07,3.5264e-07,3.5328e-07,5.8523e-07,2.8318e-07,2.2636e-07,2.2649e-07,2.2255e-07,2.349e-07,2.3497e-07,3.8756e-07,3.8733e-07
346,5,7.8881e-07,9.1487e-07,9.147e-07,8.3643e-07,8.3691e-07,8.0315e-07,8.0334e-07,9.5248e-07,9.1769e-07,8.6311e-07,8.6303e-07,8.7675e-07,8.9483e-07,8.9486e-07,9.39e-07,9.3859e-07
347,5,-1.8235e-07,-5.2903e-07,-5.2889e-07,-4.585e-07,-4.5837e-07,-3.9489e-07,-3.953e-07,-3.7605e-07,-4.4025e-07,-5.4591e-07,-5.4607e-07,-4.4274e-07,-4.5533e-07,-4.5536e-07,-4.321e-07,-4.3214e-07
348,5,-5.9116e-07,-7.7838e-07,-7.7844e-07,-7.3055e-07,-7.3074e-07,-6.1309e-07,-6.1251e-07,-6.3352e-07,-6.9995e-07,-8.0223e-07,-8.0216e-07,-6.7878e-07,-6.9289e-07,-6.9285e-07,-6.7611e-07,-6.7613e-07
349,5,2.5702e-06,3.6429e-06,3.6425e-06,3.4492e-06,3.4491e-06,3.0349e-06,3.0359e-06,3.6123e-06,3.3472e-06,3.6198e-06,3.62e-06,3.1988e-06,3.2427e-06,3.2426e-06,3.4623e-06,3.4624e-06
