0,1,9.6179e+05,-1.1806e+06,-1.392e+06,-1.6614e+06,-1.7758e+06,-2.817e+05,-3.308e+05,1.9296e+06,-1.0724e+06,-3.1701e+05,8.2578e+05,56368,-7.4083e+05,1.0939e+06,-3.4278e+05,1.3367e+06
1,1,-3.007e+06,2.7311e+06,2.6301e+06,-22992,1.0651e+05,-1.6985e+06,-1.5515e+06,-2.3761e+06,-1.7007e+06,-1.5942e+06,-1.7864e+06,2.6483e+06,2.4157e+06,-1.6221e+06,-1.0762e+06,-6.1478e+05
2,1,5.481e+05,-6.5894e+05,-6.9862e+05,-9.7984e+05,-1.1721e+06,-3.4189e+05,2.569e+05,1.5667e+06,-1.6182e+06,-1.315e+06,8.7546e+05,1.7005e+06,1.7311e+06,1.2406e+06,-3.527e+05,-53512
3,1,-8.4838e+05,1.067e+06,8.4173e+05,-8.064e+05,-6.6752e+05,-2.1018e+05,-3.1533e+05,4.7954e+06,2.9211e+06,3.3332e+06,2.7375e+06,-3.3224e+06,-3.6275e+06,3.0916e+06,-1.5263e+06,1.255e+06
4,1,-2.3464e+06,2.4051e+06,2.4854e+06,3.3082e+05,-4.6893e+05,6.5218e+05,-43584,1.5695e+06,-1.2016e+06,-1.147e+06,-2.1662e+06,-8.6579e+05,-1.4358e+06,-1.1908e+06,-96832,-3.3007e+05
5,1,-2.3881e+06,3.4614e+06,2.709e+06,1.5598e+06,9.577e+05,9.4483e+05,8.0624e+05,-4.992e+05,23744,7.367e+05,82176,1.3516e+06,8.5926e+05,-19968,1.4688e+05,-9.7816e+05
6,1,-2.852e+06,2.1128e+06,2.9516e+06,-1.2628e+06,-1.1402e+06,1.5352e+05,2.1894e+05,-4.1299e+05,-3.2289e+06,-2.7004e+06,-1.3926e+06,6.6846e+06,5.4036e+06,-9.3907e+05,2.4835e+06,-1.3448e+06
7,1,-2.5614e+06,2.1073e+06,2.2122e+06,-1.0122e+06,-8.8096e+05,-4.4389e+05,-4.3566e+05,-5.7077e+05,-1.9991e+06,-2.1052e+06,-2.2528e+06,2.069e+06,5.259e+05,-1.8099e+06,-2.4732e+06,-4.3494e+05
8,1,-4.5197e+05,-2.2195e+05,-7.0733e+05,-1.3962e+06,-1.165e+06,-2.6624e+05,1.6e+05,1.8945e+06,-2.6736e+05,5.9078e+05,54784,8.8736e+05,2.5581e+05,1.0454e+06,-1.2393e+06,2.9374e+05
9,1,-3.8892e+06,4.1411e+06,4.2066e+06,-6.825e+05,-1.963e+06,-2.0311e+06,-1.8993e+06,1.1428e+06,-4.608e+05,-3.8195e+05,-1.623e+05,-1.11e+06,-2.1914e+05,7.6749e+05,-1.7669e+06,8.9568e+05
10,1,-1.3961e+06,2.6817e+06,2.3213e+06,1.8231e+06,1.8722e+06,5.8803e+05,2.7674e+05,-6.201e+05,-4.9705e+05,-4.9702e+05,-6.5442e+05,1.2226e+06,1.0255e+06,-3.717e+05,4.96e+05,3.1334e+05
11,1,-3.4427e+06,2.1811e+06,2.4412e+06,-2.2579e+06,-3.0561e+06,-4.8128e+05,-2560,2.7121e+06,1.3371e+06,1.5398e+06,1.0906e+06,-1.4326e+06,-9.6614e+05,1.6108e+06,-1.4438e+05,-5.8499e+05
12,1,-3.243e+06,3.7786e+06,3.7386e+06,-1.0058e+06,-1.4815e+06,-8.8742e+05,-8.1062e+05,1.2557e+06,1.2442e+06,1.3243e+06,1.1379e+06,-3.1232e+05,1.3261e+05,1.4415e+06,5.4477e+05,-3344
13,1,-1.2923e+06,3.7028e+06,3.5185e+06,2.4771e+06,2.6522e+06,2.4832e+05,5.7702e+05,-2.7197e+06,-2.4371e+05,6144,-1.8227e+05,1.8022e+06,1.5114e+06,8192,4.4237e+05,1.4714e+05
14,1,8.3379e+05,-2.878e+06,-3.1232e+06,-8.4047e+06,-9.7047e+06,2.0766e+06,3.5204e+06,4.3533e+05,7.6685e+05,1.1724e+06,-51584,3.9488e+06,4.6103e+06,3.2996e+06,3.5575e+06,1.9077e+06
15,1,-2.1135e+06,1.2452e+06,1.0322e+06,7.5366e+05,6.8813e+05,-2.9491e+05,-5.7344e+05,-1.3763e+06,-3.6045e+05,5.161e+05,1.6384e+05,3.4734e+06,4.522e+06,4.9152e+05,4.1943e+06,4.5235e+05
16,1,-1.2303e+06,7.6699e+05,6.7234e+05,-3.4212e+05,7.2279e+05,-1.5069e+05,-3.1456e+05,-1.578e+06,-2.4927e+06,-2.5412e+06,-3.1391e+05,4.0869e+06,3.6574e+06,-84008,6.9495e+05,4.4521e+05
17,1,2.8285e+06,-1.9776e+06,-2.4219e+06,2.447e+05,1.3261e+06,7.9686e+05,1.0713e+06,-3.3101e+06,-2.3339e+06,-1.9405e+06,-1.685e+06,3.407e+06,3.6352e+06,-1.4554e+06,8.1989e+05,3.9921e+05
18,1,-3.5619e+06,3.7352e+06,4.5381e+06,3.5228e+06,3.4214e+06,8.9693e+05,1.8062e+06,-4.2667e+06,-3.9449e+06,-4.0596e+06,-2.4678e+06,5.7306e+06,5.5993e+06,-1.3536e+06,3.3291e+06,1.4129e+06
19,1,-1.3702e+05,-1.5008e+05,-8.3635e+05,1.0855e+06,1.6803e+05,5.7693e+05,8.0628e+05,-5.0546e+06,-2.2062e+06,-2.2039e+06,-2.4484e+06,2.4842e+06,2.3412e+06,-1.5945e+06,-9.3088e+05,17688
20,1,-1.5684e+06,1.2632e+06,-2.9504e+05,2.4028e+06,2.2059e+06,-6.7923e+05,-3.1898e+05,1.4466e+06,1.0972e+06,3.8445e+05,2.4998e+06,7.3274e+05,8.2413e+05,3.0958e+06,6.8851e+05,2.3582e+05
21,1,3.9678e+05,-1.0161e+06,-4.0578e+05,-7.9645e+05,-2.1071e+06,-4.9441e+05,-7.7293e+05,2.6772e+06,8.7746e+05,1.7131e+06,4.7021e+05,-4.3138e+06,-2.938e+06,1.0274e+06,-2.5833e+06,-1.2942e+06
22,1,-1.9229e+06,2.8808e+06,2.9299e+06,2.8511e+06,2.8675e+06,-2.5759e+05,-1.5929e+05,-4.3302e+06,-5.009e+06,-5.222e+06,-1.7829e+06,4.9926e+06,5.3365e+06,-1.6559e+06,-87428,4.1905e+05
23,1,-2.2224e+06,2.8492e+06,2.7675e+06,2.0738e+06,2.2173e+06,-3.611e+05,-3.2831e+05,-3.6476e+06,-2.3739e+06,-2.0788e+06,-9.6901e+05,3.2711e+06,3.8593e+06,-7.7208e+05,-1.108e+06,1.454e+05
24,1,-1.3414e+05,7.6058e+05,4.6163e+05,7.737e+05,-3.3891e+05,-3.3046e+05,-2.319e+05,8.081e+05,1.93e+06,1.8029e+06,6.7133e+05,-1.0477e+06,-8.1434e+05,1.0371e+06,1.5239e+06,5894
25,1,-1.3865e+06,2.1699e+06,1.9067e+06,2.5958e+05,9.8509e+05,-4.928e+05,1.6973e+05,1.2052e+06,9.4618e+05,1.5186e+06,5.7242e+05,-5.2326e+05,-1.0557e+06,7.721e+05,-1.0604e+06,-9.72e+05
26,1,-2.9714e+06,2.1102e+06,2.1738e+06,-9.5134e+05,-1.0987e+06,-3.0087e+05,-3.1724e+05,1.8344e+06,1.4345e+06,1.4346e+06,1.002e+06,-3.777e+05,-1.0998e+06,1.3299e+06,1.3442e+06,4.9752e+05
27,1,-1.1837e+06,1.708e+06,1.8186e+06,1.3056e+06,1.8698e+06,-1.2534e+06,-76288,-1.024e+05,-2.6214e+05,6.5229e+05,-2.4576e+05,1.151e+06,-1.495e+05,4.0141e+05,-1.0977e+06,-4.9133e+05
28,1,-3.387e+05,9.5577e+05,7.0597e+05,-7.265e+05,-8.6578e+05,2.8654e+05,36676,-2.7586e+05,-2.5083e+05,2.1824e+05,-1.5962e+05,2.5449e+05,2.378e+05,-85848,5.4695e+05,-6.122e+05
29,1,1.7739e+06,-1.9368e+06,-1.9531e+06,-1.9909e+06,-2.1874e+06,5.2586e+05,7.0609e+05,1.6668e+06,9.5108e+05,1.1314e+06,1.0559e+06,-5.8662e+05,-5.464e+05,1.1595e+06,7.8127e+05,-9.5626e+05
30,1,-2.7525e+06,5.6842e+06,5.6709e+06,1.2452e+06,1.3763e+06,2.261e+06,1.9948e+06,-2.8017e+06,2.3101e+06,2.3388e+06,-3.031e+05,1.3763e+06,1.0486e+06,-3.4816e+05,2.2446e+06,7.9462e+05
31,1,-2.1299e+06,2.4658e+06,2.6214e+06,-32768,5.4067e+05,-5.161e+05,-4.096e+05,-5.7344e+06,-3.9322e+06,-4.1124e+06,-3.4734e+06,5.8982e+06,5.2101e+06,-3.7192e+06,-4.4237e+05,-9.9533e+05
32,1,-3.0523e+06,3.7247e+06,2.8932e+06,-46567,35337,40777,1.8823e+05,-1.6194e+06,-3.63e+06,-3.589e+06,-1.9864e+06,3.6624e+06,3.4654e+06,-1.6751e+06,-3.7055e+05,3.9689e+05
33,1,-5.762e+05,1.4667e+06,1.1721e+06,-2.4573e+06,-2.9405e+06,6.882e+05,7.5375e+05,-5.932e+06,-2.9803e+06,-2.3246e+06,-4.0226e+06,4.1391e+06,5.6442e+06,-3.1702e+06,50496,-3.4506e+05
34,1,1.2084e+06,-3.0994e+06,-2.87e+06,-3.6646e+06,-3.6318e+06,2.7619e+05,8.3325e+05,8.7698e+05,-1.9069e+06,-1.0549e+06,1.7619e+05,2.8944e+06,2.2714e+06,1.9266e+05,1.3484e+06,-13758
35,1,-6.8362e+05,1.6834e+06,1.6345e+06,6.6281e+05,6.2192e+05,-1.7344e+05,-4.8473e+05,-2.0199e+05,3.494e+05,2.6766e+05,5.4829e+05,9.6124e+05,6.9776e+05,1.0237e+06,1.568e+06,2.7861e+05
36,1,-2.0528e+06,4.9855e+06,4.8258e+06,4.53e+06,4.3989e+06,-1.5817e+05,-2.2371e+05,-4.9408e+06,-3.0466e+06,-2.9646e+06,-1.8696e+06,4.2467e+06,4.2295e+06,-1.4758e+06,8.7957e+05,-3.7053e+05
37,1,4.7206e+05,-3.9148e+06,-4.3325e+06,-5.2083e+06,-3.5489e+06,-1.1415e+06,-1.4656e+06,3.9936e+06,-2.1632e+05,8.6707e+05,1.9558e+05,1.4807e+06,1.9968e+05,9.2467e+05,2.142e+06,-1.6886e+06
38,1,-8.0972e+05,-1.0339e+05,-2.8334e+05,-2.3562e+06,-1.7171e+06,-9.1509e+05,-7.5125e+05,3.3573e+06,3.0288e+05,4.9979e+05,8.5773e+05,1.6333e+05,-67848,1.0403e+06,-3.8043e+05,-4.8695e+05
39,1,-6.7412e+05,-3.0474e+05,-9.0253e+05,-1.289e+06,-2.2392e+06,-4.1026e+05,-4.43e+05,1.9885e+06,-8.1744e+05,-2.9297e+05,-5.1025e+05,-8.2487e+05,-8.9203e+05,-51184,-2.0255e+06,-1.2687e+06
40,1,-1.7056e+06,2.987e+06,2.7522e+06,1.056e+06,8.5949e+05,14974,3.6724e+05,2.24e+05,-2.1175e+05,-64112,3.865e+05,-2.5118e+05,1.7347e+05,5.0143e+05,77098,7.8664e+05
41,1,-1.4684e+06,2.1996e+06,2.1914e+06,8.192e+05,9.5027e+05,6.9632e+05,6.6355e+05,-8.5197e+05,-24576,1.5565e+05,1.6384e+05,-2.6214e+05,-3.9322e+05,32768,0,-92928
42,1,-9.333e+05,9.1501e+05,1.0461e+06,-3.2865e+05,-1.9758e+05,-1.9606e+05,-3.9267e+05,-4.7308e+05,1.5737e+06,1.3116e+06,7.2178e+05,-6.5608e+05,-2.301e+05,4.3506e+05,-9.1796e+05,-2.1358e+05
43,1,-1.0994e+06,1.4076e+06,1.1814e+06,-8.1984e+05,-7.0754e+05,7.2008e+05,7.9776e+05,37952,2.4896e+05,31984,1.3168e+06,2.1405e+06,1.5971e+06,1.1804e+06,1.8709e+06,5.7407e+05
44,1,2.711e+05,-1.2352e+05,-1.5904e+05,-3.8982e+05,-4.2704e+05,-4.3978e+05,-5.5466e+05,1.3155e+06,-4.2301e+05,-3.7498e+05,26560,-1.0329e+06,-1.2058e+06,4096,-1.0668e+06,-2.6506e+05
45,1,-4.0409e+06,3.395e+06,5.3582e+06,-1.3464e+06,-9.8587e+05,5.0514e+05,1.7913e+06,2.949e+06,-2.718e+06,-1.8599e+06,-4.2205e+06,8.1468e+06,1.1591e+06,-3.826e+06,1.2965e+06,-3.3411e+06
46,1,-9.183e+05,1.9574e+06,1.8204e+06,1.8438e+06,1.9508e+06,2.0592e+05,1.5681e+05,-2.3228e+06,-2.1551e+06,-1.6448e+06,-1.1501e+06,1.7764e+06,1.8931e+06,-8.5787e+05,-1.8896e+06,2.5692e+05
47,1,-1.8957e+06,3.1858e+06,2.8142e+06,1.9095e+06,1.6484e+06,-4.4576e+05,-2.7363e+05,-1.0095e+06,-2.2362e+06,-1.8865e+06,49664,1.3292e+06,1.2127e+06,1.591e+05,-1.402e+06,-6.0468e+05
48,1,-1.5565e+06,1.0813e+06,1.5647e+06,1.3097e+06,1.3281e+06,-1.195e+06,-1.2805e+06,1.1366e+05,1.9251e+05,6.8096e+05,7.0861e+05,2.2139e+06,-79872,8.2534e+05,-1.067e+06,-33152
49,1,9.0906e+05,-2.3501e+05,-2.496e+05,-5.2442e+05,-8.2854e+05,1.1149e+05,2.0288e+05,1.5331e+06,1.3889e+06,1.6705e+06,1.1956e+06,-1.4856e+06,-1.6256e+06,1.3043e+06,9.2672e+05,98584
50,1,-2.9798e+05,5.3555e+05,4.969e+05,-7.511e+05,-7.5341e+05,-35616,-1.615e+05,1.1506e+06,8.713e+05,8.5632e+05,4.2867e+05,1.76e+05,92416,4.9395e+05,1.8921e+06,4.983e+05
51,1,-9.5257e+05,1.4925e+06,1.1326e+06,-5.2748e+05,-1.3629e+06,6.7625e+05,6.9267e+05,-1.46e+06,-1.171e+06,-5.1505e+05,6.4018e+05,3.7513e+06,3.3541e+06,8.1295e+05,2.328e+06,5.0655e+05
52,1,-2.3061e+06,2.1651e+06,1.9853e+06,5.8308e+05,2.966e+05,-1.3524e+06,-1.2131e+06,-1.7232e+05,-3.1249e+06,-3.141e+06,-6.0593e+05,2.806e+06,2.557e+06,-2.7556e+05,3.3939e+05,6.4042e+05
53,1,-7.9127e+05,1.0457e+06,9.7235e+05,-8.2232e+05,-1.1172e+06,7.1593e+05,5.2751e+05,1.6124e+06,1.6016e+06,1.8642e+06,1.2037e+06,-8.3264e+05,-8.8405e+05,1.3598e+06,-19664,4.902e+05
54,1,-1.0096e+06,1.2312e+06,1.1784e+06,-9.621e+05,-6.5061e+05,3.292e+05,3.0824e+05,-2.1457e+06,-9.6775e+05,-5.7417e+05,-3.0401e+06,-7.9752e+05,-5.8749e+05,-2.6299e+06,-3.5541e+06,-1.3946e+06
55,1,4.0137e+06,-5.7839e+06,-6.4966e+06,-4.9794e+06,-5.2498e+06,9.256e+05,5.928e+05,7.1734e+06,2.1745e+06,2.1786e+06,2.4085e+06,-4.2816e+06,-4.4261e+06,2.3609e+06,-1.1155e+05,1.8399e+06
56,1,1.7978e+06,-2.9469e+06,-3.0794e+06,-3.8695e+06,-4.3006e+06,4.891e+05,5.1077e+05,1.5874e+06,1.1723e+06,1.3581e+06,5.7661e+05,-1.4105e+06,-1.884e+06,4.7771e+05,-3.4289e+06,6.7397e+05
57,1,-3.3425e+06,1.333e+05,3.7917e+05,-2.2212e+06,-2.9421e+06,-1.6813e+06,-1.3209e+06,4.3715e+06,2.3282e+06,2.1317e+06,9.1038e+05,-7.1841e+05,-63796,6.4837e+05,-7.9205e+05,7.9625e+05
58,1,-2.8574e+06,2.8657e+06,2.3681e+06,9.6933e+05,1.6905e+06,-1.0215e+05,1.1086e+05,1.7102e+06,-1.8722e+06,-6.9018e+05,3.6358e+05,1.8291e+06,5.7027e+05,5.6253e+05,3.3197e+06,2.7106e+05
59,1,-9.0726e+05,7.8336e+05,8.6221e+05,-6.1798e+05,-5.2685e+05,-6.3731e+05,-2.3949e+05,1.6952e+06,6.1491e+05,1.0117e+06,94208,2.1504e+05,-19456,5.161e+05,-3.5021e+05,-5.6125e+05
60,1,-3.8336e+05,-1.4421e+06,-1.5076e+06,-1.8337e+06,-2.4891e+06,-1.926e+05,20386,9.9308e+05,-8.3198e+05,-45504,-7.3926e+05,2.6831e+06,3.2401e+06,-4.0337e+05,2.6655e+06,-8.0303e+05
61,1,-1.9568e+06,3.2147e+06,3.0878e+06,1.4167e+06,1.1218e+06,1.4429e+06,8.2032e+05,1.7994e+05,-7.0818e+05,-19981,5.5834e+05,1.7117e+06,1.0557e+06,1.476e+06,2.1139e+06,7.7714e+05
62,1,-8.6123e+05,-1.3114e+06,-1.5079e+06,1.4218e+06,4.7158e+05,-2.0046e+06,-1.5459e+06,3.0806e+05,4.9662e+06,5.3595e+06,1.2026e+06,-1.6808e+06,-2.0749e+06,2.1858e+06,3.2221e+06,1.7267e+06
63,1,-1.2314e+06,-2.0008e+06,-2.1316e+06,-3.7832e+06,-3.521e+06,-2.0541e+06,-1.792e+06,1.15e+06,1.9648e+05,3.9332e+05,3.4267e+05,1.5152e+06,2.6933e+06,2.2825e+05,-6.6478e+05,8.4116e+05
64,1,-3.7749e+06,6.5123e+06,6.3731e+06,-5.3727e+06,-4.0947e+06,3.5429e+06,2.9531e+06,-6.1017e+06,-4.0105e+06,-2.4703e+06,-1.6813e+06,9.9576e+06,8.7123e+06,-1.4123e+05,6.0734e+06,-1.9187e+06
65,1,1.1518e+06,6.0739e+06,5.6768e+06,2.7211e+06,1.22e+06,-1.4045e+06,-1.0194e+05,9.5219e+05,-1.0974e+07,-1.0974e+07,-1.9349e+06,6.0632e+06,8.298e+06,-1.7293e+06,-8.0066e+06,-7.6761e+06
66,1,2.1199e+06,-6.686e+06,-5.2522e+06,2.6982e+06,5.7293e+06,71865,2.3083e+06,-5.3664e+05,-5.2338e+06,-4.1278e+06,-1.0358e+06,2.2151e+06,-6.6561e+05,1774,2.0978e+06,2.095e+06
67,1,7.1092e+05,-4.6572e+06,-4.7225e+06,-8.3351e+06,-9.8751e+06,-3.1622e+06,-4.3418e+06,-3.1295e+06,-9.7458e+06,-8.0417e+06,-7.5217e+06,7.4975e+06,7.9546e+06,-4.0316e+06,1.9062e+06,-1.2529e+06
68,1,-2.0061e+06,2.86e+06,3.0621e+06,6.5277e+05,8.9846e+05,6896,-1.4069e+05,-1.0515e+05,-2.5626e+05,-36352,-1.0394e+06,8.3533e+05,-4.7731e+05,-1.0995e+06,1.1331e+05,-7.4316e+05
69,1,-9.2307e+05,1.9263e+06,1.4367e+06,1.1184e+06,1.5235e+05,9.2575e+05,1.4337e+06,-1.6037e+06,-1.7696e+06,-1.3418e+06,1.1878e+05,2.8566e+06,2.5818e+06,2.9312e+05,4.1427e+05,-1.4711e+05
70,2,-5.3178e+05,-2.3437e+06,-2.1918e+06,1.3043e+06,1.5675e+06,-5.6326e+05,1.2501e+05,9.3542e+05,-1.8808e+06,-1.2862e+06,-9.8922e+05,-7.3824e+05,-1.4239e+06,-9.183e+05,1.4451e+05,1.5958e+06
71,2,-1.1061e+06,-1.6957e+05,-5.9373e+05,-1.711e+06,-9.8941e+05,-8.4075e+05,-6.1126e+05,2.2025e+06,-8.2278e+05,-6.9005e+05,-1.194e+06,-1.2832e+05,1.8675e+05,-9.3766e+05,-1.0847e+06,-1.401e+06
72,2,-1.1207e+06,-3.2877e+06,-3.0246e+06,-5.3662e+06,-4.1208e+06,-5.403e+05,1.393e+06,2.8229e+06,-1.1393e+06,-2.2081e+05,-1.3849e+06,3.2999e+06,2.3105e+06,-6.1378e+05,-1.6539e+06,-3.7191e+05
73,2,2.9983e+06,-6.1293e+06,-7.5033e+06,-9.4887e+06,-7.4572e+06,1.8432e+06,1.7776e+06,1.4562e+06,-2.682e+06,-2.4169e+06,-1.2252e+06,8.1179e+06,6.9237e+06,-8.6251e+05,1.3243e+06,-6.3949e+05
74,2,-1.6639e+06,-2.3943e+06,-1.9353e+06,-5.2565e+06,-4.0768e+06,-1.5259e+06,-1.4603e+06,2.6044e+06,-1.0287e+06,-7.663e+05,-6.997e+05,2.4944e+06,1.8374e+06,-1.0271e+06,-1.8659e+06,-1.502e+06
75,2,-4.4821e+05,-4.723e+06,-4.4607e+06,72322,-7.1416e+05,-2.9901e+06,-3.3833e+06,2.058e+06,2.7423e+06,2.0216e+06,2.6268e+06,-1.7276e+06,-2.8675e+05,3.2823e+06,6.5736e+05,9.4843e+05
76,2,-91136,-2.9056e+05,-2.5312e+05,-4.865e+05,-3.5688e+05,-8.3246e+05,-6.5267e+05,2.2512e+06,5.4829e+05,7.5203e+05,-7.6067e+05,-4.0269e+05,1.927e+05,-3.6387e+05,1.0427e+06,-8.0724e+05
77,2,6.9566e+05,-7.4052e+06,-6.6827e+06,-1.0345e+07,-1.454e+07,4.0521e+06,4.0519e+06,1.0595e+07,-8.5866e+06,-9.8948e+06,-9.5421e+05,9.9827e+06,1.2988e+07,-2.9758e+05,2.4155e+05,-1.7854e+06
78,2,3.4266e+05,-2.8172e+06,-2.8e+06,-5.8187e+05,-1.303e+06,34924,1.28e+06,2.5958e+06,1.6994e+05,9.0856e+05,1.4354e+06,-9.1416e+05,1.6211e+05,1.8621e+06,-8.0661e+05,-4.6686e+05
79,2,3.3819e+06,-8.0654e+06,-7.5735e+06,-3.1932e+06,-3.8486e+06,1.2685e+06,1.5634e+06,1.3457e+06,-1.6371e+06,-1.6192e+05,1.7253e+06,5.7464e+06,4.2041e+06,1.7256e+06,3.9925e+06,-2.5752e+06
80,2,3.8086e+06,-7.3189e+06,-7.1866e+06,-2.6008e+06,-3.1004e+06,1.4722e+06,1.6688e+06,1.4118e+07,1.6429e+06,2.6274e+06,1.1941e+06,-1.045e+07,-1.1703e+07,3.5547e+06,-2.3697e+06,8.0075e+05
81,2,-1.4518e+06,2.0236e+06,2.1884e+06,53088,2.2538e+05,-1.7346e+05,-1.1608e+05,7.4465e+05,1.3313e+05,4.4545e+05,1.6839e+05,-5.0747e+05,-6.2886e+05,3.4982e+05,-8.6295e+05,-1.0621e+06
82,2,5.9747e+06,-1.2659e+07,-1.1872e+07,-2.048e+07,-1.9694e+07,-9.5947e+06,-9.8569e+06,-2.7978e+06,-4.9844e+06,-4.328e+06,-8.7834e+06,8.4195e+06,6.8426e+06,-4.6541e+06,-5.8007e+06,-3.4795e+06
83,2,4.2533e+06,-3.1624e+06,-2.6463e+06,-6.1919e+06,-3.0461e+06,3.6249e+06,7.7536e+06,-2.6283e+06,-1.4726e+07,-1.04e+07,-6.7604e+06,6.1566e+06,5.2389e+06,-3.9095e+06,7.4497e+06,-1.6714e+06
84,2,1.0573e+07,-2.1187e+07,-2.8132e+07,-2.4655e+07,-2.4262e+07,-1.3462e+07,-1.3069e+07,-5.5269e+06,-2.0785e+07,-1.2657e+07,-9.0764e+06,2.2382e+07,2.8274e+07,-5.9626e+06,1.4581e+06,-2.4512e+06
85,2,8.4778e+06,-1.1473e+07,-1.3733e+07,-5.894e+06,-4.3212e+06,8.1103e+06,1.083e+07,2.8582e+06,1.3916e+06,5.3239e+06,91251,9.4212e+06,8.1098e+06,1.1399e+06,8.0403e+06,6.5522e+06
86,2,1.3697e+06,-2.5398e+06,-5.62e+06,-9.2065e+06,-9.4687e+06,-2.3225e+06,-7.4966e+05,1.3039e+06,-5.5506e+06,-4.7641e+06,-3.3853e+06,6.2221e+06,5.3044e+06,-2.2056e+06,2.8621e+06,2.947e+05
87,2,-1.1954e+06,-1.8375e+06,-3.1482e+06,2.6205e+06,-2.6224e+06,-3.0141e+06,-3.9972e+06,-8.3866e+06,7.8652e+06,7.8652e+06,-1.0477e+06,3.4072e+06,7.8571e+05,2.098e+06,3.5385e+06,1.3101e+06
88,2,-4.0901e+05,-4.5245e+06,-1.3132e+06,3.669e+06,1.0476e+06,-3.6039e+06,-4.9147e+06,-7.338e+06,6.8166e+06,3.1466e+06,-1.0477e+06,-1.0493e+06,5.2357e+05,5.2517e+05,2.3588e+06,1.5723e+06
89,2,-1.1272e+06,9.9878e+05,1.4596e+06,3.1483e+06,3.2466e+06,1.1016e+06,1.4908e+06,-9.9676e+05,-2.2538e+06,-1.3034e+06,-53121,2.1714e+06,2.8429e+06,-6.1014e+05,9.4017e+05,81499
90,2,1.4301e+06,-4.6787e+05,-3.5252e+05,-4.0046e+05,-1.3852e+05,7.429e+05,1.0541e+06,1.5468e+06,47152,5.0691e+05,-18848,-8.8715e+05,-1.5464e+06,7.6809e+05,-2.7695e+05,1.8726e+05
91,2,-1.4901e+06,2.6645e+06,2.5422e+06,7.1624e+05,7.7409e+05,1.1623e+05,2.9246e+05,2.2268e+06,-1.4472e+05,-29668,-7.4446e+05,-3.2607e+06,-3.3228e+06,-6.1953e+05,91660,-3.9741e+05
92,2,7.1363e+05,3.0607e+06,2.2091e+06,3.341e+06,2.391e+06,2.4441e+06,2.8046e+06,-1.5518e+06,-6.9291e+05,-37352,-1.629e+06,-4.5984e+05,-3.3139e+05,-1.6284e+06,-1.1505e+06,8.9991e+05
93,2,3.5964e+06,-5.5107e+06,-6.1659e+06,-7.8863e+06,-8.5416e+06,4.8683e+05,2.2471e+05,-3.3824e+06,-5.9766e+06,-6.6319e+06,-5.1854e+06,5.4612e+06,5.8536e+06,-3.6369e+06,3.0901e+06,54404
94,2,1.6384e+06,9.175e+06,1.1092e+07,1.1796e+06,1.0486e+06,2.7361e+06,4.2025e+06,3.1457e+06,-6.2915e+06,-4.1943e+06,-2.9491e+05,-3.2768e+05,3.9322e+05,-4.5875e+05,6.5536e+05,-3.9322e+05
95,2,3.215e+05,-2.1341e+06,-3.3626e+06,-3.0493e+06,-2.3937e+06,-4.8903e+05,3.6298e+05,2.3778e+06,8.8199e+05,1.7997e+06,-2.0395e+05,-6.637e+05,-3.1563e+06,4.5187e+05,-2.6605e+06,-5.5798e+05
96,2,1.3763e+06,-1.6384e+05,-6.5536e+05,9.4822e+05,5.5296e+05,-49152,4.2598e+05,-2.3921e+06,-2.3593e+06,-1.5073e+06,-3.0147e+06,2.9491e+06,1.9005e+06,-2.4904e+06,-1.9661e+06,-1.0568e+06
97,2,1.2867e+06,2.0045e+06,1.5376e+06,1.0148e+06,1.8996e+06,1.4751e+06,7.2144e+05,-5.3719e+06,-9.0025e+05,2.1963e+06,-4.9143e+06,3.6693e+06,3.4072e+06,-6.0284e+06,3.1453e+06,4.2654e+06
98,2,-1.5201e+06,3.1426e+06,2.7822e+06,1.6502e+06,-1.1922e+05,-3.3291e+05,-1.873e+06,-2.2237e+05,-2.5041e+06,-1.3243e+06,-2.1225e+06,4.61e+06,2.5775e+06,-1.0737e+06,-1.1038e+06,-2.845e+06
99,2,-3.054e+06,-82242,-3.4082e+06,1292.6,6.5664e+05,9.5428e+05,2.4616e+06,-1.4884e+07,-7.1729e+05,-2.0362e+06,-6.531e+06,6.8119e+06,7.205e+06,-3.8768e+06,-8.734e+05,-4.4945e+06
100,2,-3.5379e+06,-2.5477e+06,-4.1277e+06,-1.6712e+06,-4.0468e+06,-5.7016e+06,-6.4963e+06,3.9977e+06,-5.1364e+06,-4.4892e+06,-5.5214e+06,-6.5536e+05,-65536,-6.1604e+06,-2.4248e+06,-6.9903e+06
101,2,16896,4.0479e+06,3.7107e+06,-6.0826e+06,-9.6379e+06,5.2797e+06,5.4436e+06,5.7344e+05,4.0796e+06,3.5471e+06,1.6384e+05,8.6835e+05,3.7847e+06,4.9807e+06,5.0299e+06,7.2069e+06
102,2,3.8596e+06,-4.7571e+05,-8.6618e+05,3.2409e+06,3.4056e+06,4.2987e+06,4.1022e+06,5.487e+05,-1.8632e+05,6.9291e+05,-3.743e+05,6592,-4.0531e+05,3.8278e+05,2.8165e+06,2.0839e+06
103,2,5.1118e+06,-9.1095e+06,-9.2406e+06,-1.0486e+07,-7.34e+06,1.3107e+06,1.3107e+06,-2.6214e+06,-3.0147e+06,-1.3107e+06,-2.8836e+06,1.2976e+07,7.209e+06,-6.5536e+05,-1.1928e+07,-32768
104,2,2.0972e+06,-4.7841e+06,-2.7525e+06,-2.7525e+06,-3.8011e+06,-3.5389e+06,-8.5197e+05,-9.6993e+06,6.5536e+05,1.7695e+06,-1.3763e+06,1.4418e+06,-1.0486e+06,1.9005e+06,0,-1.9005e+06
105,2,2.7237e+06,3.9126e+06,2.2579e+06,1.0946e+07,1.016e+07,4.3995e+06,4.3012e+06,-8.1381e+06,-4.5467e+06,-3.2359e+06,-1.2647e+06,1.9577e+06,-1.1883e+06,-4.7818e+05,-3.7101e+05,1.8995e+06
106,2,-4.3542e+06,1.1154e+07,1.1531e+07,4.1304e+06,4.1304e+06,-9.4172e+05,-3.519e+05,-9.4488e+06,1.2205e+06,3.842e+06,1.4879e+06,-7.8727e+06,-8.0041e+06,2.6675e+06,-6.5642e+06,-6.5636e+05
107,2,1.4418e+06,-5.6361e+06,-4.7841e+06,-1.835e+06,-2.3593e+06,-2.2282e+06,-2.2282e+06,-6.2915e+06,-1.7039e+06,-1.6384e+06,-3.8011e+06,5.8982e+06,5.8982e+06,-2.818e+06,-1.0486e+06,-1.7039e+06
108,2,-1.8396e+06,4.1612e+06,2.9488e+06,3.5453e+06,7.9285e+05,8.327e+05,3.0842e+05,-4.7284e+06,-3.7428e+06,-3.4807e+06,-2.5936e+06,5.1889e+06,5.0574e+06,-2.6099e+06,3.0031e+05,-45943
109,2,-1.6635e+06,4.781e+06,4.6828e+06,2.8626e+06,2.2073e+06,7.1567e+05,27556,-3.6466e+06,-4.6012e+06,-3.2249e+06,-1.9423e+06,3.4303e+06,3.8227e+06,-2.1141e+06,7.3123e+05,-1.58e+05
110,2,2.0644e+06,-4.8169e+06,-5.9965e+06,-4.4534e+06,-5.4548e+06,2.0316e+06,2.5559e+06,-2.7197e+06,-4.7841e+06,-2.7853e+06,1.6384e+05,4.4564e+06,2.3265e+06,-5.5706e+05,1.3435e+06,-1.7224e+06
111,2,1.0456e+06,-2.4762e+06,-3.0285e+06,-2.9542e+06,-2.9519e+06,-3.0987e+05,-4.0773e+05,-6.1875e+05,4.1488e+05,-1.0566e+05,-5.7178e+05,1.8191e+06,8.6842e+05,1.72e+05,2.6749e+05,5.6464e+05
112,2,5.6606e+05,1.4648e+06,1.5306e+06,7.1433e+06,6.0457e+06,2.1458e+06,2.3096e+06,-3.3901e+06,22486,1.5382e+05,-1.1722e+06,5.2616e+05,-6.5514e+05,-1.2374e+06,-2.8175e+06,9.2214e+05
113,2,-3.5183e+06,5.1694e+06,5.4004e+06,3.1542e+06,2.991e+06,4.7754e+05,1.7556e+06,3.1699e+06,-8.6824e+05,-1.7854e+05,1.76e+06,-2.5865e+06,-2.0079e+06,2.5648e+06,-2.7712e+06,1.2611e+06
114,2,-2.2271e+06,2.503e+06,1.8828e+06,2.7251e+06,3.4468e+06,1.6885e+06,1.3282e+06,-61984,-3.0195e+06,-1.7064e+06,-2.1432e+06,2.6368e+05,-1.4592e+05,-1.0753e+06,-5.2726e+06,-4.5513e+06
115,2,-2.1203e+05,1.3137e+06,8.336e+05,3.986e+06,5.0689e+06,1.2013e+06,-1.7466e+05,-2.5055e+06,-3.2237e+06,-75200,-8.2624e+05,3.7088e+05,-2.9285e+06,1.6112e+05,1.2355e+06,1.1858e+06
116,2,6.0222e+05,-6.5031e+06,-6.9607e+06,-5.0935e+06,-3.9792e+06,-2.1159e+06,-3.0334e+06,5.595e+05,48376,-81512,2.2511e+05,1.7881e+06,3.0915e+06,2.2089e+06,6.5739e+05,1.0225e+06
117,2,-2.3283e+05,3.7925e+06,2.4911e+06,5.1401e+06,5.7055e+06,1.811e+06,2.2124e+06,-3.6987e+06,-1.7015e+06,-9.9587e+05,-1.6869e+06,-8.1216e+05,-1.671e+06,-5.7159e+05,-1.9694e+06,6.522e+05
118,2,-4.3361e+05,25728,2.3925e+05,8.617e+05,4.031e+05,2.1466e+05,4.5634e+05,2.8404e+06,3.88e+06,3.7494e+06,1.7033e+06,-2.0744e+06,-2.0124e+06,1.9006e+06,1.1935e+06,1.013e+06
119,2,-6.4717e+05,1.5155e+06,1.452e+06,3.9322e+05,-2.6542e+06,8.5197e+05,1.8678e+06,3.5389e+06,-2.261e+06,-1.0158e+06,-7.5366e+05,-8.5197e+05,1.1469e+06,-1.6384e+05,3.5389e+06,-8.7654e+05
120,2,1.3715e+06,1.583e+06,1.7633e+06,3.7244e+06,3.4869e+06,-2.9159e+05,3.3102e+05,-6.1323e+06,-3.0694e+06,-2.4303e+06,-1.6013e+06,3.5039e+06,3.0112e+06,-1.5663e+06,-3.1132e+06,5.455e+05
121,2,-1.9152e+05,2.6967e+06,2.4184e+06,4.0451e+06,3.5209e+06,3.432e+05,1.0887e+06,-3.018e+06,47166,5.7164e+05,9.1167e+05,3.7069e+05,5.0043e+05,1.043e+06,-1.1767e+06,-2.862e+05
122,2,-3.5173e+06,87412,-1.5417e+05,-4.6782e+06,-4.9403e+06,-1.4898e+06,-1.7847e+06,1.4907e+06,2.7486e+05,9.3029e+05,1.2792e+06,2.0437e+05,-5.8266e+05,2.1969e+06,-2.6047e+06,7.0751e+05
123,2,1.0156e+06,-1.8608e+06,-2.0099e+06,1.9369e+06,1.9697e+06,1.4325e+06,1.6578e+06,2.8717e+06,1.1667e+06,1.335e+06,4.4196e+06,9.91e+05,5.954e+05,4.42e+06,1.439e+06,2.8912e+06
124,2,2.5717e+06,-7.9315e+06,-8.5846e+06,-6.7256e+06,-5.6763e+06,-2.3234e+06,-1.5369e+06,1.5481e+06,-8.6426e+05,-8.62e+05,6.133e+05,2.4143e+06,3.5782e+06,3.5403e+05,-9.667e+05,2.602e+06
125,2,-576,1.2839e+06,-1.5649e+06,-3.1674e+06,-4.141e+05,1.3367e+06,91664,-7.2292e+06,-4.2523e+05,1.1004e+06,-4.6371e+06,-3.8714e+05,1.0347e+07,-1.882e+06,4.1268e+06,1.5207e+05
126,2,6.3685e+05,-3.1275e+06,-4.3057e+06,-4.4938e+06,-4.6249e+06,-6.381e+05,6.0706e+05,2.2265e+06,2.4782e+06,2.8732e+06,2.5878e+05,2.0984e+06,-5.32e+05,1.4808e+06,1.5497e+06,3.7492e+05
127,2,1.9071e+06,-3.2544e+06,-4.482e+06,-3.2502e+06,-3.3155e+06,-1.3498e+06,26488,-52432,-2.9856e+05,1.8394e+05,-1.7149e+06,2.4565e+06,1.5496e+05,-1.1565e+06,3.449e+06,2.1588e+05
128,2,3.1851e+06,-4.2657e+06,-5.2481e+06,-4.9321e+06,-4.4896e+06,37616,1.7907e+06,2.0572e+06,2.976e+06,3.6976e+06,2.7758e+06,3.0309e+05,7.5765e+05,3.3746e+06,1.2884e+06,3.0822e+05
129,2,3.1959e+06,-6.4376e+06,-6.3042e+06,-6.0334e+06,-5.4755e+06,4.2053e+05,1.1415e+06,-2.6759e+06,2.7773e+06,2.5831e+06,2.5503e+06,2.218e+06,2.0049e+06,2.5247e+06,7.3026e+05,1.5533e+06
130,2,3.6895e+06,-5.726e+06,-6.479e+06,-6.1971e+06,-6.0493e+06,8.163e+05,9.4742e+05,2.2334e+06,1.5534e+05,1.4667e+06,9.6355e+05,-1.5973e+06,-5.8635e+05,1.5256e+06,2.7334e+06,-5.8301e+05
131,2,-1.6008e+06,1.3852e+06,8.6502e+05,-2.0434e+06,-1.387e+06,-95680,-30016,5.9865e+06,3.8675e+06,4.1339e+06,1.4987e+06,-3.2412e+06,-4.9069e+06,2.0769e+06,-1.5196e+06,6.3192e+05
132,2,-2.9523e+05,-1.5959e+06,-3.0687e+06,-4.6493e+06,-3.1423e+06,-2.2951e+05,1.0483e+06,1.3534e+06,-1.3947e+05,-5856,4.2738e+05,1.6182e+06,7.8806e+05,1.3997e+06,3.0784e+05,1.6216e+06
133,2,-9.4362e+05,3.5078e+05,98176,2.0637e+06,2.6544e+06,1.507e+05,8.0618e+05,5.7234e+06,-2.0831e+06,-2.1615e+06,-1.589e+06,-2.7805e+06,-6.4051e+05,-1.2572e+06,-2.9412e+06,-1.3885e+06
134,2,-9.8975e+05,2.8555e+06,2.3647e+06,-3.532e+05,-2.0734e+06,1.2482e+06,1.6414e+06,1.3287e+06,-9.6651e+05,-8.3455e+05,1.7346e+05,-5.3886e+05,5.703e+05,1.0426e+06,3.2106e+06,-7.6071e+05
135,2,-3.7813e+06,6.6497e+06,4.6838e+06,4.4983e+06,-7.4467e+05,1.4371e+06,2.289e+06,-1.3155e+07,-4.5131e+06,-7.3964e+06,-7.1164e+06,2.1338e+07,1.5832e+07,-5.9366e+06,5.8793e+06,-2.0003e+06
136,2,-6.0942e+05,-5.8664e+06,-7.3081e+06,-6.1871e+05,-2.1916e+06,-5.6241e+06,-6.1484e+06,-2.8272e+05,5.2373e+06,3.5335e+06,-1.1774e+06,-2.1086e+06,2.502e+05,3.9552e+05,5.1786e+06,-33399
137,2,-1.5349e+06,3.1745e+06,5.6496e+06,7.4982e+05,1.7655e+05,1.304e+06,1.8037e+06,3.4187e+06,-4.2608e+06,-3.0963e+06,-5.0944e+05,1.8002e+06,2.35e+06,3.2737e+05,4.7534e+06,-2.7867e+05
138,2,5.9558e+05,-3.0775e+06,-5.3539e+06,-3.5914e+06,-3.46e+06,-1.0506e+06,-7.2283e+05,9.0644e+05,-8.5079e+05,2200,-1.1268e+06,-1.0802e+06,1.7967e+06,54024,2.5781e+06,1.1626e+06
139,2,4.3325e+05,-4.3786e+06,-5.36e+06,-6.1981e+06,-4.756e+06,1.5285e+05,-1.748e+05,1.7336e+06,-1.2282e+06,-46704,-1.0738e+06,2.0468e+06,1.7736e+06,6.9763e+05,5.3138e+05,-15961
140,3,-21632,-2.4269e+06,-2.4563e+06,-7.3537e+06,-4.3391e+06,1.4886e+05,7.3859e+05,-1.0309e+06,-5.1968e+06,-6.2411e+06,-4.2315e+06,1.0107e+07,6.5472e+06,-4.7689e+06,2.511e+06,-3.838e+06
141,3,-1.8278e+05,3.073e+06,1.1397e+06,3.9206e+06,-1.961e+05,-5.7088e+05,-2.4128e+05,-1.3801e+06,-3.1677e+06,-2.7443e+06,-1.8324e+06,2.4945e+06,6.3386e+05,-1.2831e+06,-6.0495e+06,6.7026e+05
142,3,-3.232e+05,7.785e+06,2.7019e+06,5.6399e+06,4.0671e+06,4.125e+06,3.6989e+06,-5.666e+06,-9.0469e+06,-7.8211e+06,-4.2055e+06,-1.9674e+05,-8.1235e+05,-2.5957e+06,-2.7981e+06,-39900
143,3,4.103e+05,-3.958e+05,-2.1322e+06,-7.6472e+06,-6.7952e+06,3.7538e+06,3.9504e+06,2.577e+06,-2.1228e+06,-8.118e+05,-2.0206e+06,3.9324e+06,3.2752e+06,-1.3649e+06,4.72e+05,-2.2422e+05
144,3,2.6921e+06,-3.77e+06,-3.8013e+06,-7.4214e+06,-4.3735e+06,-1.8672e+06,-4.2538e+05,6.872e+06,-4.4793e+05,2.0881e+05,-1.7643e+06,4.7361e+06,1.5804e+06,-5.173e+05,-1.214e+06,-5.221e+06
145,3,-2.4498e+06,7.5533e+05,7.8973e+05,-3.8967e+06,-3.2408e+06,-2.0587e+06,-1.7309e+06,2.2975e+06,5.1325e+05,2.0877e+06,-2.0522e+06,-8.2131e+05,-9.6365e+05,-8.7048e+05,-2.7739e+06,5.8589e+05
146,3,-4.5859e+06,3.1394e+06,3.6973e+06,-2.6331e+06,-2.3709e+06,-1.1523e+06,-1.4144e+06,4.168e+06,1.6887e+06,1.5258e+06,3.4626e+05,-2.135e+06,-3.0576e+06,1.494e+06,-2.6782e+06,-1.4991e+06
147,3,-3.0758e+06,-1.8033e+06,-1.2613e+06,-6.3508e+06,-3.7217e+06,-1.1667e+05,9.9878e+05,1.1013e+06,-3.3033e+06,-1.5837e+06,-2.1825e+06,6.6893e+06,4.6651e+06,-7.4176e+05,-6.569e+05,-1.0226e+05
148,3,-2.0378e+06,-6.4102e+05,-8.1818e+05,-5.2854e+06,-9.943e+05,-2.9134e+06,-4.1855e+06,-1.7254e+05,-2.3347e+06,-1.7055e+06,-2.4822e+06,4.1585e+06,5.3146e+06,-2.2989e+06,5.1149e+05,-7.4714e+05
149,3,-1.5094e+06,1.7787e+06,3.2973e+05,-2.2656e+06,-4.695e+05,-2.2241e+06,-1.9899e+06,-2.646e+06,-7.0042e+05,-2.5702e+05,-1.2682e+06,4.7995e+06,3.798e+06,-5.1814e+05,-1.4961e+06,8512
150,3,-1.876e+06,3.1478e+06,2.5149e+06,-1.0404e+06,-1.0378e+06,-1.0583e+06,-84992,-1.026e+06,-1.2503e+06,-6.0109e+05,-1.7111e+06,2.5641e+06,2.5764e+06,-1.0998e+06,-1.0363e+06,-8.8861e+05
151,3,-1.5913e+06,2.7197e+06,2.3532e+06,-3.2563e+05,-2.0992e+05,7.6646e+05,-4.0371e+05,-3.4222e+06,-1.1305e+06,-9.2467e+05,-1.023e+06,4.8804e+06,3.6536e+06,-1.2524e+06,3.625e+05,-3.8304e+05
152,3,73728,-1.065e+05,-4.5056e+05,-4.1554e+06,-3.5707e+06,-2.9394e+06,-1.7485e+06,-4.9388e+06,-8.4685e+05,-4.9357e+05,-1.2124e+06,5.6484e+06,4.565e+06,3.2461e+05,-3.8093e+05,3.8611e+05
153,3,-4.4426e+06,6.1563e+06,5.9279e+06,1.856e+05,1.183e+06,-6.9261e+05,-4.2816e+05,2.304e+06,-6.0731e+06,-79360,2.5549e+05,4.3976e+06,1.0184e+06,-1.257e+06,-1.5094e+06,-9.8195e+05
154,3,-5.4636e+06,3.8047e+06,3.7811e+06,-3.8239e+06,-4.8604e+06,-5.5834e+05,-1.8016e+06,1.8967e+06,8.0819e+05,7.0886e+05,-1.0634e+06,1.6722e+06,1.046e+06,1.92e+05,-2.7566e+06,-2.605e+05
155,3,-1.6195e+05,23184,5.6466e+05,1.1726e+06,9.1524e+05,2.1233e+06,2.5986e+06,-1.1491e+06,-5.9167e+05,-7.8782e+05,-1.5417e+06,1.3404e+06,2.1535e+06,-1.7698e+06,3.122e+06,1.2562e+06
156,3,-3.2279e+06,1.1584e+06,1.0442e+06,-5.1704e+06,-4.646e+06,-1.0325e+06,-4.2625e+05,2.5559e+06,-1.3688e+05,3.206e+06,-1.639e+06,-2.5189e+06,-3.2105e+06,-1.5073e+06,4.4114e+05,7.478e+05
157,3,-2.407e+05,2.0218e+05,3.0098e+05,-1.376e+06,-1.5524e+05,-2.1124e+05,26358,5.2481e+05,-1.2134e+05,-1.0447e+05,-8.9361e+05,2.2712e+06,5.8022e+05,-2.0588e+05,2.0177e+06,-2.3066e+06
158,3,7.5313e+05,2.4306e+06,1.8952e+06,1.1532e+06,6.2901e+05,2.2171e+06,2.4465e+06,-2.3919e+05,-7.4456e+05,-8.2645e+05,-6.1113e+05,-7.0931e+05,4.3713e+05,-21213,1.2506e+06,5.9303e+05
159,3,-2.6888e+06,5.1418e+06,1.7339e+06,6.8845e+05,3.3427e+06,2.5277e+06,2.9701e+06,3.7963e+06,-4.0096e+06,-1.7813e+06,-1.6887e+06,8.1875e+06,1.0153e+07,-4.4248e+06,4.0413e+06,-3.679e+06
160,3,-4.8381e+05,-3.3084e+05,-3040,-2.34e+05,93776,27538,3.5524e+05,1.6208e+06,1.1004e+06,1.2971e+06,8.1024e+05,-3.7077e+05,5.4586e+05,1.0726e+06,3.7078e+05,-4.821e+05
161,3,-6.4501e+06,3.0407e+06,5.4005e+06,1.2324e+07,9.3424e+06,-1.4393e+07,-1.4495e+06,-4.9158e+06,-1.5511e+07,-1.2693e+07,-1.0072e+07,-1.0376e+07,-1.2608e+07,-1.2078e+07,-8.4293e+06,-1.1426e+07
162,3,1.8637e+06,-4.5629e+06,-4.5056e+06,-4.7514e+06,-4.8169e+06,-1.3107e+05,-81920,3.457e+06,1.7367e+06,1.9988e+06,1.6794e+06,1.0813e+06,1.278e+06,1.794e+06,3.9322e+06,-4.9152e+05
163,3,-1.7007e+07,7.1707e+06,5.2068e+06,2.2012e+06,4.1191e+06,-2.1558e+06,1.6127e+06,-3.7086e+05,-5.3966e+06,-3.9529e+06,-4.1702e+06,1.7026e+07,2.2515e+07,-5.8097e+06,-3.0454e+06,-9.3979e+06
164,3,-9.8547e+05,1.7134e+06,1.748e+06,1.1822e+06,2.0439e+06,-5.3494e+05,-3.3803e+05,1.1611e+06,-2.0708e+06,-1.4144e+06,-2.5112e+06,1.1651e+06,-94528,-2.3136e+06,1.9125e+06,-9.5378e+05
165,3,-1.5311e+06,6.08e+06,6.8959e+06,3.5417e+06,5.9648e+05,-5.9867e+05,1.4009e+06,-3.2325e+06,-4.9953e+06,-1.5846e+06,-2.0973e+05,5.0305e+06,6.37e+06,-7.5904e+05,2.6112e+05,1.9938e+05
166,3,-4.0982e+06,8.1083e+05,-1.5645e+06,-1.1836e+07,-1.3606e+07,1.1617e+06,2.0301e+06,-2.0267e+06,-7.7497e+05,-9.0323e+06,-7.7047e+06,4.2381e+06,3.5147e+06,-6.0331e+06,-1.5601e+06,6.1871e+06
167,3,-7.1462e+05,-7.3456e+06,-7.9019e+06,-1.5099e+07,-1.2969e+07,-8.2005e+05,-2.5239e+06,-1.0636e+06,-2.4887e+06,-1.7017e+06,-4.7571e+06,1.6145e+07,1.1487e+07,-3.2651e+06,2.3158e+05,-1.3322e+05
168,3,-2.6137e+06,-6.4748e+06,-6.4256e+06,-1.3423e+07,-1.5782e+07,-3.1182e+06,-2.1351e+06,-1.9181e+06,-4.7978e+06,-4.1915e+06,-4.023e+06,7.428e+06,8.5576e+06,-4.1212e+06,2.3696e+06,-1.6735e+06
169,3,-7.5173e+06,9.6433e+06,1.024e+07,3.5775e+06,4.1673e+06,2.1346e+06,2.2124e+06,-3.2155e+06,-3.9252e+06,-1.4182e+06,-4.7451e+06,6.6603e+06,4.0707e+06,-4.7614e+06,2.9855e+06,54915
170,3,-2.9516e+06,6.4253e+06,5.5144e+06,4.1837e+06,1.8296e+06,1.3937e+06,1.0015e+06,-1.9597e+06,-2.384e+05,1.2072e+06,-3.2257e+06,1.9149e+06,3.3062e+06,1.0058e+06,-6.3637e+06,-3.6836e+06
171,3,-3.1034e+06,1.8051e+06,9.8765e+05,-4.0802e+06,-3.945e+06,-1.6081e+06,-2.3938e+06,2.3524e+06,4.5638e+05,6.3021e+05,1.4669e+05,-4.0538e+05,-1.1357e+06,5.2115e+05,-2.4319e+06,-3.0101e+05
172,3,1.2521e+06,-2.7507e+06,-2.6383e+06,-5.0981e+06,-3.8797e+06,-9.0125e+05,1.1314e+06,5.705e+05,-5.0816e+05,5.5245e+05,-6.9146e+05,2.0081e+06,1.5183e+06,-1.6525e+05,4.9549e+05,-8.2241e+05
173,3,1.8232e+06,-3.7413e+06,-3.4133e+06,-1.6818e+06,-1.4197e+06,-2.0257e+05,-71501,1.3857e+06,2.7732e+05,5.3985e+05,-6.3104e+05,1.9579e+06,1.6937e+06,1.5574e+05,-3.5776e+05,7.9058e+05
174,3,9.6922e+05,-7.745e+06,-6.5989e+06,-1.7365e+07,-1.6999e+07,-46976,1.625e+06,6.6202e+05,3.023e+06,5.9875e+06,-6.3279e+06,1.3793e+07,7.8205e+06,-1.9174e+06,1.1785e+07,7.1999e+05
175,3,-4.3469e+05,2.7681e+06,-1.1351e+06,-1.0788e+07,-8.9978e+06,4.667e+06,5.0938e+06,-2.4481e+06,4.0366e+06,4.1467e+06,-7.0668e+06,5.7134e+06,1.3338e+06,-5.0067e+06,4.7873e+06,2.1206e+06
176,3,-1.3576e+07,1.0807e+07,1.0064e+07,-3.8305e+06,-3.0914e+06,-5.4115e+05,2.2198e+06,2.1791e+06,-1.1399e+07,-8.2124e+06,-6.7386e+06,3.7888e+05,3.8003e+06,-6.2707e+06,-4.0632e+06,-7.3437e+06
177,3,8.8627e+06,-1.4577e+07,-1.4904e+07,-2.1918e+07,-2.063e+07,4.4657e+06,7.2036e+06,-8.6528e+05,-6.6683e+06,-6.166e+06,-1.3021e+07,9.1305e+06,1.3912e+07,-1.1608e+07,1.7436e+06,-1.583e+06
178,3,-2.1285e+06,1.2296e+06,1.265e+06,-5.0027e+06,-2.4127e+06,-2.2946e+06,-3.6106e+05,2.2702e+06,-4.7423e+06,-2.1187e+06,-4.7827e+06,8.9261e+06,5.8601e+06,-4.9266e+06,-3.9092e+06,-2.8682e+06
179,3,-1.0937e+06,-41328,-8.7598e+05,-8.7658e+05,-3.3666e+06,3.2055e+06,2.8779e+06,2.1864e+06,-6.3604e+06,-4.3197e+06,-1.0928e+06,-1.8395e+06,1.2019e+05,-9.9334e+05,-4.2452e+05,2.3979e+06
180,3,1.607e+06,3.4518e+06,1.7812e+06,-5.5296e+06,-1.0403e+06,-1.5691e+06,6.2633e+05,1.5578e+06,-3.5903e+06,-3.5242e+06,-2.9025e+06,7.8975e+06,9.2046e+06,-2.0499e+06,5.5078e+05,-6.8874e+06
181,3,1.7108e+06,2.8941e+05,-5.783e+05,-3.4865e+06,-1.6841e+06,-1.5789e+06,-1.841e+06,3.164e+06,-2.3141e+06,-1.3304e+06,-1.8454e+06,7.9573e+06,5.0038e+06,-1.9675e+06,2.5533e+05,-1.7034e+06
182,3,-1.6205e+06,9.0368e+05,3.0464e+05,-2.1224e+06,-1.82e+06,-1.4676e+06,-1.6959e+06,2.3063e+06,5.4054e+05,6.9504e+05,-2.2605e+05,-1.8304e+05,-9.6794e+05,57344,-1.7393e+06,-1.9695e+06
183,3,-1.8126e+06,-1.8838e+05,-22912,-7.5837e+06,-5.4529e+06,-2.7238e+05,2.3164e+06,2.2698e+06,-2.9088e+06,-8.103e+05,-2.875e+06,8.1083e+06,7.9e+06,-2.2583e+06,-68120,-3.1572e+05
184,3,1.4418e+06,-3.5389e+06,-4.4564e+06,-6.4143e+06,-6.2423e+06,0,-9.175e+05,-3.5389e+06,-1.0486e+06,-2.6214e+05,-3.7478e+06,7.209e+06,7.7332e+06,-2.3839e+06,3.4079e+06,65536
185,3,-2.8422e+05,5.5642e+05,-1.21e+06,-9.1835e+05,-1.0161e+06,-3.1296e+05,2.7691e+05,3.0025e+06,4.1291e+05,23056,1.3406e+06,3.162e+06,8.4816e+05,1.3195e+06,-2.5435e+05,1.2451e+05
186,3,-3.1181e+05,-1.2257e+06,-1.3834e+06,6.1286e+05,-1.974e+06,1.2241e+06,2.0387e+06,3.2804e+06,-4.6771e+05,-2.2244e+06,1.0074e+05,-3.6506e+05,4.3776e+06,-3.4836e+06,1.9558e+05,-2.763e+06
187,3,-3.7709e+05,-5.8726e+05,-1.3389e+06,-2.5414e+06,-3.5425e+06,7.0573e+05,-1.3393e+06,-1.3978e+06,-4.0649e+06,-6.0859e+06,-1.3846e+06,4.4767e+06,2.8285e+06,-3.3905e+06,-8.4378e+05,-3.6436e+06
188,3,-9.513e+05,4.1574e+05,2.3347e+05,2.2753e+06,1.6604e+06,95232,1.9604e+06,6.0733e+06,-4.4785e+06,-1.8995e+06,-3.9322e+05,-1.494e+06,3.369e+05,-1.0342e+05,-3.2353e+06,-1.793e+06
189,3,1.4625e+06,-7.7061e+06,-7.9438e+06,-2.2368e+06,-2.4926e+06,-2.426e+06,-2.5885e+06,-3.7003e+06,2.3683e+06,2.8972e+06,1.1069e+06,1.7759e+06,-2.5114e+05,1.9062e+06,5.6653e+05,-1.7253e+06
190,3,3.8543e+06,-8.0568e+06,-1.0068e+07,-1.2174e+07,-1.2332e+07,-2.5165e+06,-1.5452e+06,-1.1919e+06,-6.4102e+05,6.7072e+05,-5.1005e+06,8.6671e+06,6.3693e+06,-2.9696e+06,-1.3619e+05,4.1082e+05
191,3,-3.6803e+06,3.113e+06,3.0249e+06,-3.2256e+06,-3.9813e+06,-2.4509e+06,-1.1937e+06,4.8794e+06,2.2036e+06,2.0879e+06,3.7683e+05,-1.5012e+06,-53248,1.2872e+06,-2.645e+06,-79040
192,3,-5.1261e+06,2.2385e+06,2.7546e+06,-4.9091e+06,-5.0401e+06,-2.7203e+06,-1.5611e+06,5.7897e+06,2.8815e+06,3.4284e+06,6.0006e+05,-1.1264e+05,-3.967e+06,2.175e+06,-4.7135e+06,-5.3133e+05
193,3,6.0774e+05,-1.6865e+06,-1.877e+06,-4.0945e+06,-2.8974e+06,-5.3965e+05,-77824,4.8031e+06,8.4582e+05,1.601e+06,2.3706e+05,-1.6026e+05,5.4733e+05,2.0736e+05,-1.9533e+06,-8.5776e+05
194,3,-1.065e+05,-1.0597e+07,-9.0383e+06,-1.4719e+07,-1.7345e+07,1.1764e+06,7.328e+05,-4.6569e+06,-1.1761e+07,-1.0691e+07,-1.1178e+07,1.3965e+07,1.1572e+07,-1.0085e+07,3.6667e+06,4.0003e+06
195,3,-4.2173e+06,2.7699e+06,2.3511e+06,8.7475e+05,-4.5338e+05,6.4794e+05,7.1654e+05,-5.162e+06,-6.1555e+06,-6.7251e+06,-9.0634e+06,4.1211e+06,5.8583e+06,-8.3482e+06,-2.8846e+06,-2.1733e+06
196,3,-2.4177e+06,4.4872e+06,7.7988e+06,1.2081e+06,-1.2022e+06,3.4711e+06,2.5953e+06,-9.4828e+06,-1.1167e+07,-1.3371e+07,-1.2686e+07,1.8297e+07,2.1469e+07,-8.9057e+06,-2.0992e+06,-5.6192e+06
197,3,1.2444e+06,1.1997e+07,1.6553e+07,6.3822e+06,1.5191e+06,2.5223e+06,3.2704e+05,-7.9339e+06,-1.0223e+07,-2.6857e+06,-8.7046e+06,2.3763e+06,4.2685e+06,-3.4876e+06,-7.9298e+06,-5.4001e+06
198,3,-2.0035e+06,6.4766e+06,6.0186e+06,5.3942e+06,2.7487e+06,1.802e+06,4.7512e+06,-8.238e+06,-4.6067e+06,-5.3927e+06,-6.6151e+06,9.7051e+06,5.3745e+06,-1.0271e+06,-3.2984e+05,-4.4197e+06
199,3,-1.5526e+06,1.9791e+06,5.364e+06,5.9302e+06,-1.129e+06,-1.2792e+06,-1.377e+06,1.12e+05,-3.7326e+06,-3.0748e+06,-1.9093e+06,7.231e+06,3.2723e+06,-1.6746e+06,2.2393e+06,2.8055e+06
200,3,-2.4554e+06,1.2292e+06,2.115e+06,4.8481e+05,-2.8571e+06,3.1795e+05,3.8356e+05,-8.6298e+05,-3.737e+06,-2.8185e+06,-3.0743e+06,4.638e+06,-22448,-3.7282e+06,-4.431e+06,-2.8825e+06
201,3,-4.606e+06,3.0033e+06,3.2239e+06,-5.2104e+06,-3.5028e+06,-5.5464e+05,2.428e+06,2.8761e+06,7.5578e+05,1.284e+06,-96224,7.8701e+05,-5.6557e+05,-1.5331e+05,-3.4394e+06,-2.6803e+06
202,3,4.2219e+06,-5.7636e+06,-6.5484e+06,-3.615e+06,-5.8709e+06,3.4232e+06,2.5714e+06,5.857e+06,-3.9264e+06,5.9691e+05,-1.0298e+05,-1.4769e+06,-2.4068e+06,-1.018e+06,-2.4902e+06,-2.7435e+06
203,3,5248,2.9997e+06,5.1226e+05,4.6909e+05,-1.5609e+06,-1.2011e+06,-1.6923e+06,-1.1679e+06,27232,-1.0163e+05,-5.3754e+06,4.1068e+06,4.8141e+05,-3.9294e+06,-5.5037e+06,-5.8956e+06
204,3,1.0466e+06,-2.5867e+06,-2.454e+06,-2.3579e+06,-4.8952e+05,1.7056e+06,2.6887e+06,-7.0208e+05,-6.2085e+05,2.3264e+05,-4.1182e+05,2.3938e+06,1.203e+06,81760,-1.3103e+05,9.6293e+05
205,3,4.4851e+05,1.3587e+07,1.3499e+07,8.683e+06,9.1827e+06,2.6845e+06,4.7751e+06,6.8188e+06,-1.2355e+07,-9.4653e+06,-1.9549e+06,6.3468e+06,1.0659e+07,-2.6264e+06,-2.1841e+06,4.5523e+06
206,3,-4.0658e+06,1.066e+07,7.478e+06,9.3328e+06,9.6493e+06,6.4509e+06,1.1039e+07,-7.0984e+06,-1.3468e+07,-1.2729e+07,-6.4135e+06,5.842e+06,6.287e+06,-1.5322e+06,-3.1314e+06,1.7343e+06
207,3,-2.0912e+06,7.5972e+06,7.717e+06,1.3559e+07,6.1399e+06,4.7298e+06,5.0252e+06,-3.6138e+06,-1.0367e+07,-9.7726e+06,-1.1571e+06,7.4914e+06,1.26e+07,-4.05e+06,-81760,1.8189e+05
208,3,-1.3238e+06,2.2309e+06,2.4793e+06,1.9654e+06,1.9326e+06,-3058,1.0342e+05,-2.8637e+05,-5.9123e+05,-7.3802e+05,-3.591e+05,-6.5682e+05,-4.634e+05,-14544,-1.4576e+06,4.3027e+05
209,3,8.8838e+05,-4.5854e+05,-9.1672e+05,2.2368e+06,1.8109e+06,1.2297e+05,1.5574e+05,1.3577e+05,-2.3079e+06,-1.6682e+06,-9.3753e+05,1.9248e+05,2.7446e+06,-4.7814e+05,2.0121e+05,1.1057e+06
210,4,1.9558e+05,94208,1.1981e+05,-4.5204e+06,-3.4191e+06,4.0448e+05,2.0957e+06,-3.2266e+06,-2.0692e+06,-8.215e+05,-2.3555e+06,4.3484e+06,5.4927e+06,-1.3929e+06,1.4054e+05,-3.1235e+05
211,4,36864,-3.0259e+05,-5.975e+05,-1.9277e+06,-1.2603e+06,-3.5424e+05,-2.0461e+05,-1.0281e+06,-1.695e+06,-1.5434e+06,2.6982e+05,3.626e+06,2.9601e+06,1.0757e+06,8.704e+05,1.8322e+06
212,4,2.6266e+05,-1.9098e+06,-2.6373e+06,-3.9091e+06,-3.5837e+06,29376,2.1222e+05,1.0429e+06,-4.1907e+05,-2.0198e+05,1.4172e+06,2.5953e+06,2.5728e+06,1.8552e+06,1.1494e+05,1.8501e+06
213,4,-8.9344e+05,2.271e+06,2.2863e+06,5.6154e+05,8.9638e+05,-1.3037e+06,-8.4371e+05,-1.4551e+06,-1.6435e+05,-5.4464e+05,-3.4112e+05,2.5208e+06,1.3642e+06,-91008,-2.9286e+05,-45624
214,4,6.7738e+05,-1.0455e+06,-1.7372e+06,-1.686e+06,-1.4149e+06,2.3142e+05,1.183e+06,-1.7052e+06,-6.7021e+05,-1.1725e+05,4.3187e+05,3.4514e+06,1.9748e+06,3.6122e+05,31232,1.071e+06
215,4,-3.6301e+05,-9.2211e+05,-2.0582e+05,-2.5951e+06,-1.996e+06,-1.92e+06,-2.1807e+06,-1.3233e+06,-1.0483e+06,-7.5878e+05,-1.2616e+06,3.2108e+06,2.8247e+06,-1.2188e+06,1.1466e+06,-25456
216,4,3.0592e+05,-8.9626e+05,-1.0516e+06,-2.9583e+06,-2.037e+06,-15104,-2.4397e+05,1.1656e+06,6.5344e+05,9.9853e+05,5.527e+05,9.1187e+05,8.6707e+05,8.5261e+05,1.641e+05,4.4736e+05
217,4,1.2288e+06,-24576,-12800,-1.0138e+06,-1.0102e+06,1.0378e+06,1.1054e+06,1.484e+06,3.0917e+06,3.0935e+06,1.281e+06,-1.7516e+06,-1.8847e+06,1.3496e+06,1.4794e+06,-2.7658e+05
218,4,29952,-6.5946e+05,-1.0412e+06,-1.4447e+06,-1.1777e+06,9.0403e+05,1.1998e+06,-6.5178e+05,96384,2.377e+05,-3.4547e+05,1.7917e+06,2.3677e+06,1.9379e+05,1.2835e+06,1.5399e+05
219,4,1.9226e+05,1.8545e+06,1.9707e+06,3.3567e+06,3.6127e+06,4.9933e+05,1.1402e+06,-2.6624e+06,-6.9056e+05,-21376,2.5331e+05,1.3676e+06,1.0081e+06,6.3552e+05,-1.0802e+06,1.3235e+06
220,4,-1.0655e+06,2.7832e+06,2.772e+06,2.1729e+06,1.9948e+06,1.153e+06,9.8682e+05,1.8765e+05,6.9683e+05,1.4196e+06,9.9904e+05,98560,3.2307e+05,1.1575e+06,7.2845e+05,1.8941e+05
221,4,-6.2669e+05,1.1274e+06,1.0225e+06,-1.1622e+05,-1.3517e+05,4.7738e+05,5.7824e+05,-2.3608e+06,-1.3571e+06,-1.14e+06,-2.048e+05,2.2154e+06,2.6209e+06,-12800,-6.1376e+05,1.2925e+06
222,4,-65536,-3.2154e+05,-1.1756e+06,-1.3757e+06,-1.0319e+06,-9.2582e+05,-2.6739e+05,-8.2995e+05,-7.7082e+05,-5.4938e+05,-91392,2.9148e+06,1.45e+06,3.5302e+05,20480,4.8694e+05
223,4,-4.2476e+06,6.0375e+06,6.7405e+06,2.3913e+06,1.354e+06,-4352,-68096,7.1731e+05,2.8728e+06,3.4263e+06,4.48e+05,-9.4515e+05,-8.9754e+05,2.583e+05,4.3676e+06,-1.5467e+05
224,4,-1.1581e+06,2.1033e+06,1.8765e+06,8.6938e+05,1.2142e+06,4.695e+05,5.2198e+05,-1.2475e+06,-35328,3.8707e+05,-3.9962e+05,7.0861e+05,4.9152e+05,-2.2835e+05,-7.8848e+05,-5952
225,4,-3.1642e+05,1.835e+06,1.8785e+06,1.7539e+06,2.7354e+06,1.6193e+06,1.9334e+06,-2.2984e+06,-6.6662e+05,-4.4826e+05,-4.9869e+05,1.5063e+06,1.4387e+06,-5.7446e+05,-5.0586e+05,1.5738e+05
226,4,2.7315e+05,2.496e+05,-2.2451e+05,-2.0508e+06,-1.3363e+06,8.3987e+05,7.2704e+05,-8.375e+05,-1.5949e+05,1.4861e+05,-4.0422e+05,1.8447e+06,1.1628e+06,-3.0976e+05,4.9434e+05,-77152
227,4,-2.816e+05,-1.9866e+05,-3.8605e+05,-2.2231e+06,-1.8084e+06,-1.703e+06,-8.4698e+05,-3.0259e+05,1.4899e+05,3.799e+05,3.6378e+05,1.2861e+06,1.0511e+06,6.3565e+05,5.1686e+05,5.1986e+05
228,4,44544,-1.044e+06,-2.8774e+05,-4.9357e+06,-3.0188e+06,-8.9267e+05,-2.3315e+06,-2.4407e+06,-1.8445e+06,-6.999e+05,-3.3518e+06,5.0094e+06,4.6285e+06,-2.4276e+06,-5.2019e+05,-1.6667e+06
229,4,-1.2247e+06,2.2999e+06,1.7469e+06,-3.0566e+05,4.9306e+05,-89088,6.7328e+05,-2.3675e+06,-1.6256e+06,-8.576e+05,-1.1535e+06,4.2117e+06,4.1318e+06,-8.9549e+05,-2.601e+05,-5.273e+05
230,4,6656,1.6097e+06,1.6041e+06,-1.9671e+06,-6.0698e+05,-1.73e+06,-1.5958e+06,-3.2e+06,-1.2598e+06,-1.108e+06,-1.0547e+05,3.8569e+06,3.2451e+06,7.7056e+05,15616,8.3414e+05
231,4,3.5226e+05,1.8637e+06,1.2001e+06,-3.1693e+05,1.7664e+05,-5.0637e+05,-60672,-2.3731e+06,1.961e+05,4.928e+05,3.4227e+05,2.3357e+06,1.5939e+06,8.9626e+05,5.0739e+05,3.3902e+05
232,4,-1.1715e+06,1.579e+06,1.9374e+06,-3.7171e+05,-94208,-38912,-3.584e+05,-1.3937e+06,-1.0998e+06,-8.1715e+05,4096,2.6051e+06,1.8186e+06,2.8672e+05,-22528,5.1334e+05
233,4,-1.0547e+06,2.5825e+06,3.3341e+06,4.9971e+05,1.4971e+06,-5.0202e+05,-9.193e+05,-1.9773e+06,-3.3587e+05,-59392,-3.4099e+05,2.4187e+06,1.6701e+06,-1.1878e+05,3.968e+05,5.3222e+05
234,4,8.3302e+05,-3.0826e+06,-3.2063e+06,-2.9447e+06,-2.8093e+06,7.6963e+05,4.4278e+05,-6.521e+05,5.977e+05,1.2586e+06,-2.1267e+05,2.8809e+06,2.6303e+06,7.975e+05,2.2861e+05,1.0363e+06
235,4,-1.1288e+06,1.4628e+06,1.0427e+06,-2.5424e+06,-1.6216e+06,7.1987e+05,9.1709e+05,-2.0749e+05,-9.495e+05,-3.5494e+05,4.2317e+05,4.5655e+06,3.5395e+06,2.8416e+05,2.5755e+06,4.1907e+05
236,4,1.3184e+06,-1.4536e+06,-1.3763e+06,-1.2608e+06,-9.6742e+05,7.1462e+05,1.3727e+06,-1.7075e+06,3.5533e+05,9.0214e+05,-98304,1.5237e+06,7.6493e+05,2.176e+05,-3.1437e+05,3.587e+05
237,4,-3.1898e+05,1.2477e+06,1.153e+06,4.8102e+05,3.5098e+05,30976,1.9814e+05,-2.4453e+06,-7.8976e+05,-4.4134e+05,-4.6003e+05,2.261e+06,2.0849e+06,-3.4227e+05,-4.4518e+05,4.247e+05
238,4,-1.495e+06,8.8191e+05,5.961e+06,3.7164e+06,3.5116e+06,3.4547e+06,4.962e+06,-1.5151e+06,-4.2662e+06,-4.2662e+06,-4.3898e+06,1.61e+07,2.1834e+07,-5.0011e+06,2.9985e+05,-1.7546e+06
239,4,-3.8299e+06,2.7494e+06,1.3076e+06,-1.4744e+07,-1.3695e+07,-9.7449e+05,74085,1.5612e+06,-6.145e+05,4.3415e+05,-2.3132e+06,4.7102e+06,2.6128e+06,-1.2646e+06,-5.6762e+05,-3.0812e+06
240,4,-5.2429e+06,1.0289e+07,6.2259e+06,3.1457e+06,0,2.1627e+06,2.0972e+06,-3.67e+06,3.67e+06,3.67e+06,-7.34e+06,-1.5729e+06,-1.0486e+06,-7.0779e+06,3.1457e+06,-2.6214e+05
241,4,-1.1154e+06,-1.197e+06,-1.0986e+06,-1.8766e+05,1.4005e+05,-7.3216e+05,-6.0108e+05,5.6629e+05,-3.6051e+05,2.2943e+05,-5.3318e+05,1.9045e+06,7.2408e+05,-74293,3.9275e+06,3.6409e+06
242,4,3.9845e+06,-1.0271e+07,-9.582e+06,-7.5627e+06,-7.3661e+06,-5.4937e+05,-1.8893e+05,5.4837e+06,3.5512e+06,4.4692e+06,1.258e+06,-3.5608e+06,-5.5294e+06,2.6347e+06,-7.3047e+06,42731
243,4,4.2224e+06,7.2057e+05,1.2449e+06,-1.2388e+06,-1.7631e+06,-1.6577e+06,-6.0909e+05,5.2986e+06,-1.3508e+06,-6.2984e+05,-1.1961e+05,-3.5274e+06,-7.7221e+06,7.3245e+05,-6.581e+06,-3.7815e+06
244,4,3.0955e+06,-9.837e+05,-1.9715e+05,4.076e+06,2.3721e+06,3.8936e+06,4.2756e+06,2.4707e+06,-14555,4.3109e+06,-4.9578e+06,-1.02e+07,-1.4527e+07,-3.9091e+06,-4.9536e+06,-1.2879e+06
245,4,4.1943e+06,-3.4406e+06,-4.9807e+06,-4.522e+06,-6.7666e+06,4.7841e+06,4.4564e+06,-5.374e+06,-7.0779e+06,-5.8327e+06,-5.6033e+06,6.357e+06,9.8304e+05,-4.096e+06,1.835e+06,-1.5237e+06
246,4,4.2135e+05,-8.1923e+06,-9.8962e+06,-3.2382e+06,-5.2954e+06,-2.4441e+06,-3.2305e+06,1.1698e+06,5.3011e+06,7.0051e+06,5.3575e+05,-5.4279e+06,-1.172e+07,8.6352e+05,3.7737e+06,4.6153e+06
247,4,-6.5536e+05,5.505e+06,3.9977e+06,7.8643e+05,-49152,1.6384e+06,2.6214e+06,-5.9638e+06,-2.2282e+06,2.6214e+05,-6.0293e+06,-6.5536e+05,5.2429e+05,-3.67e+06,3.6045e+06,3.8994e+06
248,4,-9.175e+05,0,-1.3107e+05,-2.4904e+06,-2.2282e+06,2.818e+06,2.687e+06,4.6367e+06,2.3593e+06,2.2282e+06,1.1796e+06,-2.4904e+06,-3.5389e+06,1.835e+06,2.3593e+06,8.8474e+05
249,4,-8.5524e+06,8.7153e+06,1.2692e+07,8.9784e+06,2.2938e+06,-5.8819e+06,-2.9983e+06,-9.175e+06,-1.409e+07,-1.2583e+07,-1.2517e+07,1.0256e+07,1.8088e+07,-1.5073e+07,-1.4344e+07,-9.2078e+06
250,4,2.0626e+06,-8.0154e+06,-7.6063e+06,-1.1346e+07,-1.1305e+07,-3.4732e+06,-1.3254e+06,1.9515e+06,-6.8314e+05,8.6886e+05,-3.0728e+06,5.3565e+06,2.7121e+06,-2.5522e+06,6.1926e+05,-2.235e+06
251,4,-2.4054e+05,-1.1066e+06,-7.9519e+05,9.907e+05,-2.2168e+05,-1.3915e+06,-1.3915e+06,8.353e+05,-8.3925e+05,2.094e+05,-3.9193e+05,-4.51e+05,-6.482e+05,66935,-48809,-7.9163e+05
252,4,-3.3059e+05,1.3441e+06,1.3197e+06,6.1517e+05,7.1151e+05,1.2045e+06,1.1446e+06,3.4285e+06,3.0701e+06,3.1603e+06,1.2342e+06,-4.5525e+06,-4.5699e+06,1.2385e+06,7.7943e+05,-3.2359e+05
253,4,2.2282e+06,-1.2276e+07,-9.6788e+06,-3.2113e+06,-5.7672e+06,1.1469e+06,1.1059e+06,8.8474e+05,-2.9164e+06,-1.3763e+06,-5.546e+06,7.3482e+06,6.316e+06,-4.8087e+06,-5.374e+06,-1.7039e+06
254,4,5.6174e+05,6.201e+05,6.0166e+05,1.6374e+06,1.4736e+06,1.8765e+06,1.8929e+06,3.5082e+06,1.799e+06,1.9178e+06,2.5322e+06,-3.1792e+06,-3.1137e+06,2.3684e+06,-1.5406e+06,3.5782e+05
255,4,-2.1242e+06,1.1425e+06,1.462e+06,-1.7989e+06,-3.9411e+06,4.0234e+05,1.1744e+06,1.5332e+06,-1.7662e+05,-7.1315e+05,-2.4555e+06,3.0747e+05,1.7737e+06,-2.9552e+06,5.4381e+05,-3.3569e+06
256,4,-1.1698e+07,1.7236e+07,1.8711e+07,1.3697e+07,1.1403e+07,2.1955e+06,5.6115e+06,2.3593e+06,-4.6531e+06,1.5401e+06,-2.1627e+06,5.8327e+06,1.2075e+07,-2.7853e+05,-3.1457e+06,-7.8561e+06
257,4,52471,1.3592e+06,1.6296e+06,3.4105e+06,2.2963e+06,7.6167e+05,1.6136e+06,-1.8487e+06,-3.7611e+06,-3.4989e+06,-3.1005e+06,6.0544e+06,6.218e+06,-2.0847e+06,2.8899e+06,-1.1309e+06
258,4,-1.3055e+06,1.6132e+06,1.3593e+06,3.6777e+06,4.0382e+06,5.4179e+05,3.4519e+05,2.5392e+06,-2.3305e+05,-3.6405e+05,4.2727e+05,-1.9583e+06,-3.073e+06,99703,16727,8.5906e+05
259,4,2.7578e+05,1.9269e+06,2.8899e+05,4.4636e+06,2.9728e+06,1.6034e+06,1.7836e+06,-1.717e+06,-1.108e+06,-1.3369e+06,-7.667e+05,-6.9048e+05,-1.1525e+06,20332,-1.9913e+06,1.4097e+05
260,4,-8.8195e+05,3.4213e+06,3.9058e+06,4.1523e+06,4.2837e+06,7.2388e+05,6.9116e+05,9.4891e+05,1.44e+06,1.2773e+06,6.8241e+05,-1.3304e+06,-7.485e+05,94008,2.0195e+06,41346
261,4,1.1932e+06,4.3873e+06,3.7894e+06,7.3646e+06,5.7419e+06,4.6567e+06,3.8135e+06,-3.7107e+06,-2.9693e+06,-3.5188e+06,5.2608e+05,2.1417e+06,1.3627e+06,1.7658e+06,7.4733e+05,4.4244e+05
262,4,-1.4316e+06,4.5293e+05,3.2544e+05,-5.2659e+05,-3.9267e+05,-7.667e+05,-1.4215e+06,-1.5176e+06,-1.2997e+06,-1.2321e+06,9.7632e+05,1.5018e+06,98368,1.9562e+05,5.129e+05,-2.7849e+05
263,4,-4.632e+05,-1.3738e+06,-1.9371e+06,-5.0053e+05,-2.334e+06,-8.5066e+05,-1.178e+06,3.4961e+06,-7.8019e+05,4.6606e+05,-7.1826e+05,-2.0837e+06,-2.8845e+06,3.989e+05,-2.4366e+06,-1.3691e+06
264,4,59200,-88512,-67440,-1.6831e+06,-1.7402e+06,1.1322e+06,1.1404e+06,2.814e+06,3.5092e+06,3.4073e+06,1.1702e+06,-2.2538e+06,-2.2876e+06,1.1259e+06,-1.5324e+05,-7.7978e+05
265,4,-7.9161e+06,5.9194e+06,7.4923e+06,6.8187e+06,2.8209e+06,4.0987e+05,2.675e+06,5.8142e+06,-9.0323e+06,-4.6576e+06,-5.2971e+06,1.6802e+05,8.679e+06,-3.7733e+06,-2.3913e+06,-4.4167e+06
266,4,-1.2659e+06,4.3243e+06,1.8913e+06,-1.4859e+07,-1.2762e+07,7.1307e+05,2.0238e+06,6.7646e+05,-1.5575e+05,3.6618e+06,7.8335e+05,8.4785e+06,7.0692e+06,-2.3132e+06,8.0012e+06,-2.3603e+06
267,4,-9.8554e+06,4.93e+06,8.322e+06,2.0241e+05,-2.8779e+06,-8.6385e+06,-7.5818e+06,7.188e+06,-2.9668e+06,-5.3253e+06,-1.4061e+07,-4.0468e+06,1.2261e+06,-1.8943e+07,-5.3174e+06,-1.0271e+07
268,4,-4.9245e+06,8.4535e+06,6.2254e+06,2.0934e+05,12826,5.0569e+06,5.319e+06,-1.7236e+06,1.1487e+06,3.4958e+06,7.6021e+05,8.7514e+05,6.7765e+05,2.0547e+06,-1.5621e+06,-5.0149e+05
269,4,1.2949e+06,-8.5446e+05,-5.104e+05,2.0962e+06,3.9225e+05,8.1974e+05,1.9011e+06,-2.6194e+06,-5.4386e+06,-2.9482e+06,-5.7007e+06,-1.6391e+06,-1.9013e+06,-4.9143e+06,-3.0479e+06,2.5881e+06
270,4,9.8553e+05,-1.836e+06,-2.4256e+06,-3.1266e+06,-1.6847e+06,1.1546e+06,1.6134e+06,8.3073e+05,-6.1166e+05,-7.4263e+05,-2.1119e+06,2.5907e+06,3.8345e+06,2.8042e+05,-1.7205e+06,1.0091e+06
271,4,6.8041e+05,-2.8915e+06,-3.0876e+06,-3.4037e+06,-2.7234e+06,2.6129e+06,2.4164e+06,-1.0017e+06,-3.259e+05,1.6405e+06,-7.4704e+05,4.305e+05,1.0819e+06,3.0237e+05,2.5052e+06,1.9528e+06
272,4,1.4699e+06,-3.2771e+06,-2.8183e+06,-9.2342e+06,-8.972e+06,7.3863e+06,7.2552e+06,4.3156e+06,1.6311e+06,2.8272e+06,-5.1283e+05,2.0819e+05,2.0775e+05,-5.1273e+05,-3.6319e+06,2.215e+06
273,4,5.263e+05,-9.832e+06,-8.8488e+06,-1.0736e+07,-1.0015e+07,1.9335e+05,1.4385e+06,-1.0858e+06,-6.0222e+06,-6.4152e+06,-5.8783e+06,5.1736e+06,6.2211e+06,-3.9776e+06,5.7196e+06,2.809e+05
274,4,-3.5349e+06,8.5477e+06,7.9908e+06,7.7086e+06,6.4633e+06,2.1421e+06,2.5517e+06,-2.3725e+06,-4.4385e+06,-3.5617e+06,-1.4958e+06,2.2007e+06,2.2652e+06,-1.9871e+06,4.1093e+06,8.0076e+05
275,4,-1.3844e+06,9.4074e+05,5.7517e+05,-1.6882e+06,-2.8271e+06,1.5476e+06,1.1543e+06,1.32e+06,5.3409e+05,8.4784e+05,-1.8058e+06,-7.1315e+05,-1.6221e+05,-1.3953e+06,9.859e+05,-4.3645e+05
276,4,-6.5536e+05,3.2768e+05,24576,-2.8713e+06,-2.5539e+06,-8.1101e+05,-8.2739e+05,1.2943e+06,-3.9485e+06,-3.7601e+06,-3.4406e+05,2.0152e+06,1.8678e+06,-1.3107e+05,-2.2938e+06,2.0152e+06
277,4,-2.0967e+06,5.0422e+06,5.3045e+06,3.6201e+06,2.6863e+06,1.3994e+06,1.2274e+06,9.7766e+05,-1.0935e+05,3.0862e+05,1.5989e+06,-1.5287e+05,-1.5421e+05,1.5172e+06,3.3924e+05,9.3448e+05
278,4,-1.2487e+06,-1.391e+06,-1.3828e+06,-1.6394e+06,-2.8518e+06,-1.7689e+06,-1.9164e+06,9.8509e+05,-72855,-5.398e+05,3.2856e+05,1.1134e+06,1.3035e+05,1.3196e+05,-1.2456e+06,-3.1758e+05
279,4,3.032e+06,-3.3441e+06,-3.7638e+06,-3.161e+06,-3.5296e+06,2.8605e+06,2.8441e+06,5.8371e+06,5.3292e+06,5.2802e+06,2.5295e+06,-2.8023e+06,-4.0811e+06,2.9311e+06,2.5293e+06,1.561e+06
280,5,3.5072e+05,-3.0653e+06,-3.4913e+06,-7.67e+06,-7.0976e+06,-2.3022e+06,-1.3165e+06,-1.1471e+06,2.3854e+06,1.5611e+06,-1.1922e+06,5.2547e+06,8.17e+06,-2.8774e+05,-3.159e+05,7.4923e+05
281,5,-1.0593e+06,-3.9742e+06,-3.07e+06,-7.4836e+06,-6.7603e+06,-1.7953e+06,-3.2038e+06,6.7414e+05,-6.4605e+06,-4.0995e+06,-4.8444e+06,3.8086e+06,2.9335e+06,-4.4955e+06,-1.6578e+06,-2.857e+05
282,5,7.4278e+05,-7.5974e+05,-1.7395e+06,-5.8455e+06,-4.4687e+06,-4.124e+06,-2.9443e+06,-2.437e+06,-2.3444e+06,-1.4232e+06,-2.2621e+06,2.1746e+06,1.6938e+06,-1.7757e+05,-2.4257e+06,-1.2965e+06
283,5,1.7039e+06,-3.67e+06,-3.9977e+06,-2.3593e+06,-2.6214e+06,8.5197e+05,-1.9661e+05,2.8836e+06,1.9661e+06,1.9661e+06,2.9491e+06,1.835e+06,1.2452e+06,2.2938e+06,-1.7039e+06,3.6045e+05
284,5,1.4576e+06,-4.7671e+06,-5.1312e+06,-4.6337e+06,-3.9785e+06,-2.3424e+06,-1.7526e+06,1.5887e+06,1.2153e+06,2.0025e+06,5.0849e+05,26528,-6.9714e+05,-15432,-1.043e+06,-5.3041e+05
285,5,-1.1121e+06,2.7156e+06,1.9213e+06,4.8962e+05,3.5878e+05,4.039e+05,4.449e+05,-3.4713e+06,-4.2873e+05,-5.5964e+05,-3.1044e+05,2.9408e+06,2.742e+06,91426,3.3361e+06,-4.7606e+05
286,5,-1.0796e+06,1.0842e+05,-8.064e+05,-3.294e+06,-3.8469e+06,5.6851e+06,4.2683e+06,-6.1796e+06,-5.0835e+06,-4.7216e+06,-3.8282e+06,6.56e+06,7.6868e+06,-2.6771e+06,1.1971e+06,-73259
287,5,1.0788e+06,-3.5194e+06,-4.1668e+06,-1.7885e+06,-1.9839e+06,-7.2931e+05,-1.0896e+06,-1.3807e+06,-4.2022e+05,5.7158e+05,-2.7877e+06,8.4314e+05,-3.8797e+05,-2.1236e+06,-6.0102e+05,-1.6274e+06
288,5,-9344,5.7658e+05,6.7629e+05,3.382e+05,3.0569e+05,6.7818e+05,9.4036e+05,-7.0694e+05,2.5754e+05,1.0455e+06,33776,5.6968e+05,-29568,-1.612e+05,-2.2328e+05,3.8125e+05
289,5,-1.4211e+06,2.238e+06,2.24e+06,1.5738e+06,1.4778e+06,1.984e+05,1.4522e+05,-2.2254e+06,-1.5507e+06,-1.4748e+06,-7.5392e+05,1.9364e+06,1.5421e+06,-6.5562e+05,-3.9795e+05,3.3453e+05
290,5,-1.7956e+06,3.0246e+06,3.2581e+06,-91392,-1.5475e+05,-3.9277e+05,-2.7808e+05,-2.1069e+05,1.2503e+06,1.2536e+06,-3.0413e+05,1.8432e+05,-1.9405e+05,-52736,1.2129e+06,-8.4485e+05
291,5,3.5784e+06,-1.8151e+05,-4.1627e+06,-7.7281e+06,-6.1552e+06,-3.654e+06,-1.1309e+06,-5.7946e+06,-1.755e+06,-9.6845e+05,-2.7932e+06,8.3733e+06,4.9648e+06,-1.717e+05,-5.8201e+06,-2.2946e+06
292,5,-2.0654e+06,3.7489e+06,3.5666e+06,1.0936e+06,6.0314e+05,53760,1.5462e+05,-3.3659e+06,-4.6746e+05,-1.5462e+05,-1.4331e+06,2.9983e+06,2.0183e+06,-8.105e+05,6.0544e+05,-2.0733e+05
293,5,2.1012e+06,-8.5591e+06,-1.0377e+07,-1.9405e+07,-1.757e+07,-1.2401e+06,-1.83e+06,-7.7614e+06,-1.3955e+06,-2.7052e+06,-1.4615e+06,1.0517e+07,8.4158e+06,2.4711e+06,2.3613e+06,4.8276e+05
294,5,4.4801e+06,-1.5943e+05,-3.1003e+06,-4.1901e+06,-2.6173e+06,2.0646e+06,1.4092e+06,6.7904e+06,3.8819e+06,2.7024e+06,1.533e+06,2.245e+06,16123,1.6642e+06,9.2199e+06,8.1778e+05
295,5,3.4114e+06,-7.257e+06,-9.9436e+06,-5.4006e+06,-8.5464e+06,-4.0052e+06,-3.8741e+06,1.7684e+06,4.661e+05,2.5638e+06,-1.335e+06,-3.8588e+06,2.0246e+05,5.0028e+05,-2.0532e+06,-2.5651e+06
296,5,-2.5754e+05,2.1233e+06,2.2472e+06,1.5016e+06,1.6545e+06,6.2515e+05,8.4685e+05,-1.2196e+06,9.9814e+05,1.2219e+06,1.8739e+05,-71680,-2.2477e+05,2.2528e+05,-2.8326e+05,1.3277e+05
297,5,6.0711e+05,5.0469e+05,-2.4038e+05,1.5585e+06,-14470,11454,5.3571e+05,1.3409e+06,-3.5462e+05,1.7028e+05,1.0607e+06,3.351e+05,6.6047e+05,1.1265e+06,-1.5999e+06,3.8948e+05
298,5,4.1631e+06,-7.974e+06,-7.3018e+06,-8.4958e+06,-6.1366e+06,-8.691e+05,-1.1313e+06,-1.1817e+06,-3.7927e+06,-1.8258e+06,-3.6096e+06,3.7886e+06,4.4323e+05,-1.7087e+06,-2.0025e+06,-2.7579e+06
299,5,-9.7723e+05,78772,-2.8159e+05,-1.4187e+06,-1.2876e+06,7.7171e+05,18053,1.5337e+06,-7.4008e+05,3.7411e+05,-7.1463e+05,3.0545e+06,1.1861e+06,-2.8444e+05,6.061e+05,-2.2696e+05
300,5,52824,1.6324e+06,1.6326e+06,1.8276e+06,1.2215e+06,2.1551e+06,2.1551e+06,1.2213e+05,2.3064e+06,2.6015e+06,4.6214e+05,-2.0638e+06,-7.5444e+05,1.1505e+06,4.4126e+05,2.6217e+06
301,5,2.8826e+05,-1.9517e+06,-2.4637e+06,-4.2637e+06,-1.7567e+06,42752,8.32e+05,-3.7166e+06,-2.2019e+06,-1.3734e+06,-9.3594e+05,4.2788e+06,3.6439e+06,-3.712e+05,1.44e+06,8.3376e+05
302,5,-3.4758e+05,1.8233e+06,1.4658e+06,1.0624e+06,9.3224e+05,-7.7722e+05,-7.4432e+05,-9.3386e+05,-35312,4.9195e+05,4.0083e+05,3.2509e+05,2.3939e+05,3.881e+05,4.9917e+05,7.5029e+05
303,5,-6.3398e+05,1.4791e+06,1.8104e+06,1.5779e+06,1.7118e+06,9.8297e+05,1.3112e+06,2.3372e+06,3.4108e+06,3.1507e+06,8.5587e+05,-2.3526e+06,-1.7248e+06,1.386e+06,2.6159e+06,2.1682e+05
304,5,-1.1396e+06,6.1184e+05,6.4749e+05,-1.2266e+06,-1.0624e+06,76944,2.2443e+05,6.3974e+05,4.5126e+05,5.2003e+05,82944,1.0508e+06,1.294e+06,-16256,-1.0733e+06,-1.1255e+06
305,5,-2.5882e+06,6.7174e+05,1.1488e+06,-9.727e+05,-1.8243e+06,-1.9118e+05,-60064,-4.4069e+06,1.3511e+06,2.1396e+06,-2.2984e+05,2.4412e+06,2.1663e+06,1.6558e+05,1.5473e+06,9.1277e+05
306,5,-9.2365e+05,4.5978e+06,3.7391e+06,2.805e+06,1.8404e+06,-8.6848e+05,-2.3232e+06,-3.4284e+06,-1.4579e+06,-1.2019e+06,-1.9753e+06,4.3059e+06,3.8006e+06,-1.8944e+06,2.0749e+06,1.8773e+06
307,5,-3.0239e+06,3.4386e+06,3.5113e+06,-8.023e+05,-8.1536e+05,-1.367e+06,-4.1318e+05,4.4995e+06,8.7219e+05,1.4702e+06,8.5709e+05,-3.3331e+05,1.2954e+05,1.344e+06,-2.2321e+06,1.0026e+05
308,5,-1.0355e+06,4.5728e+06,5.9566e+06,2.1895e+06,1.6712e+06,2.4836e+06,3.2056e+06,-8.5146e+05,-6.7085e+05,1.2995e+06,-1.2492e+06,-3.3546e+06,-1.3143e+06,3.3568e+05,1.1697e+06,3.4886e+06
309,5,-7.3306e+06,4.078e+06,3.5264e+06,-5.5641e+06,-6.0211e+06,-4.6794e+06,-3.565e+06,5.1411e+06,6.1219e+05,2.8998e+05,-1.4794e+06,5.6077e+05,5.2237e+05,3.2986e+05,-5.5629e+06,-5.3201e+05
310,5,-4.5323e+06,3.9612e+06,4.2717e+06,-2.6653e+06,-2.4032e+06,-2.3425e+05,-8.0774e+05,5.6715e+05,5.4403e+05,9.7298e+05,-6.8904e+05,1.2588e+06,1.113e+06,-2.6074e+05,-3.1804e+06,6.2805e+05
311,5,1.3238e+06,-3.3885e+06,-4.8239e+06,-4.2772e+06,-4.9311e+06,-7.2054e+05,-8.1866e+05,-5.3485e+05,-1.0509e+06,4.2227e+05,-1.8169e+06,2.9076e+06,7.6723e+05,-4.985e+05,-1.1071e+06,5.7354e+05
312,5,1.3476e+06,-2.6153e+06,-2.6307e+06,-4.2609e+06,-4.1329e+06,-3.9936e+05,4.2522e+05,34304,-2.1243e+06,2.1658e+05,-1.0639e+06,-1.4223e+06,-6.5536e+05,-1.77e+06,-4.8179e+05,9.064e+05
313,5,-1.3875e+05,4.3725e+06,1.6169e+06,2.498e+06,8.4685e+05,-1.3056e+05,8.0704e+05,1.3532e+06,-4.1472e+05,-22528,-9.1187e+05,5.1098e+05,-1.7971e+06,-8.5786e+05,2.4781e+05,2.375e+06
314,5,1.2237e+06,3.9526e+05,2.0275e+05,1.7126e+06,1.8591e+06,-23296,1.3824e+05,-9.0214e+05,2.6977e+06,2.7802e+06,8.5299e+05,82944,-50176,1.0296e+06,2.3741e+06,-4.5715e+05
315,5,1.145e+06,-1.903e+06,-2.4741e+06,-2.9083e+06,-2.3177e+06,4.3715e+05,1.2235e+06,2.3354e+05,1.607e+05,1.3529e+06,-2.1956e+06,3.2608e+06,3.3248e+06,-1.0705e+06,-3.3393e+06,5.7831e+05
316,5,-6.3181e+05,1.493e+06,1.6292e+06,1.6937e+06,2.4453e+06,1.1141e+06,1.7423e+06,4.2598e+05,3.9219e+05,3.0362e+05,-51712,-8.8166e+05,-6.8915e+05,2.0685e+05,-1.4397e+06,5.3024e+05
317,5,3.2768e+05,-1.8678e+06,-3.5799e+06,-4.9152e+05,-3.67e+06,-5.5706e+05,-1.6384e+05,-1.0224e+07,-2.2118e+06,-3.9322e+05,-4.9152e+06,7.4711e+06,1.5729e+06,-3.7356e+06,5.2429e+05,2.1673e+06
318,5,-1.0696e+06,2.1627e+06,1.9712e+06,1.7549e+06,1.9561e+06,44800,2.2912e+05,4.1882e+05,7.3037e+05,5.3043e+05,36864,-9.513e+05,-8.3098e+05,1.8074e+05,-1.2997e+06,3.1024e+05
319,5,3.458e+06,-6.7328e+06,-6.594e+06,-1.0173e+07,-9.6739e+06,-2.1244e+06,-7.7958e+05,-3.702e+06,-4.8672e+06,-3.1238e+06,-6.505e+06,5.899e+06,4.0968e+06,-5.5575e+06,6.816e+05,-1.1505e+06
320,5,3.2671e+06,-6.5884e+06,-8.5217e+06,-1.2097e+07,-1.083e+07,-1.0656e+06,-2.8965e+06,-4.0996e+06,-3.0305e+06,-2.3096e+06,-5.6881e+06,8.0451e+06,6.1788e+06,-4.1887e+06,-3.9127e+06,5472
321,5,8.9719e+06,-4.4404e+06,-5.5545e+06,-1.6043e+06,-5.5577e+05,1.6096e+06,2.7565e+06,-5.774e+06,-4.2398e+06,-5.2884e+06,-7.1864e+06,1.438e+06,5.6321e+06,-5.0237e+06,1.0726e+07,1.4743e+06
322,5,-65536,-8.5197e+05,-1.1796e+06,-9.4227e+05,-9.5226e+05,-1.9661e+05,-5.2429e+05,1.6384e+06,1.9661e+06,1.5729e+06,1.7039e+06,-4.5875e+05,5.8982e+05,2.1443e+06,3.9322e+05,-1.2288e+06
323,5,-3.8196e+06,3.7002e+06,6.0344e+06,1.0252e+06,-17152,4.3706e+06,2.3402e+06,-1.3106e+07,-3.6547e+06,-2.8638e+06,-4.7276e+06,8.5866e+06,6.0372e+06,-3.5354e+06,4.7482e+06,3.2685e+06
324,5,-1.2171e+06,-3.747e+06,-5.4502e+06,-9.3637e+06,-9.8874e+06,-2.9821e+06,-3.0476e+06,-4.1748e+06,-6.3762e+06,-8.9972e+06,-6.8066e+06,1.3768e+07,7.9959e+06,-5.7569e+06,5.1752e+06,-6.8445e+06
325,5,1.7752e+06,-3.1636e+06,-4.2067e+06,-1.1627e+07,-7.8239e+06,-2.9005e+06,-1.786e+06,1.6076e+06,-2.5732e+06,-1.1261e+06,-1.5977e+06,8.5795e+06,9.4594e+06,4.5725e+05,2.1492e+06,1.6067e+05
326,5,-1.5012e+06,7.2141e+05,-1.7004e+06,-4.4708e+06,-6.1594e+06,-2.4602e+05,-2.0454e+06,-2.9724e+06,-2.654e+06,-1.9763e+06,-5.3668e+06,1.4714e+07,1.3987e+07,-4.8028e+06,2.709e+06,1.3563e+06
327,5,-1.4861e+05,-3.0588e+06,-3.0856e+06,-8.7851e+06,-1.0484e+07,2.4422e+06,2.3776e+06,-3.9935e+06,-5.9267e+06,-4.7436e+06,-5.6218e+06,7.43e+06,8.8259e+06,-4.0228e+06,4.6048e+05,2.1784e+06
328,5,-2.3844e+06,4.432e+06,8.1743e+06,-1.7773e+05,6.4691e+05,9.9755e+05,1.3919e+06,1.8518e+06,-1.3152e+06,2.1621e+06,-2.1153e+06,3.7084e+06,2.0507e+06,-2.26e+06,1.4875e+06,1.5933e+06
329,5,1.145e+06,-4.1348e+06,-3.9983e+06,-3.2604e+06,-2.7989e+06,-5.9526e+05,60608,8.224e+05,-1.0087e+06,-1.0043e+06,-2.0844e+06,4.647e+06,3.4287e+06,-9.6278e+05,7.5251e+05,1.6983e+06
330,5,1.2183e+06,-6.9325e+05,-1.1003e+06,1.431e+05,-1.248e+05,-2.8083e+05,-1.2984e+06,-2.146e+06,-3.0771e+05,1.3265e+06,8.1395e+05,1.0524e+06,8.128e+05,5.0061e+05,-1.0612e+06,-1.0673e+06
331,5,-2.6941e+06,4.3602e+06,4.0376e+06,2.2011e+06,2.4338e+06,-2.4e+05,-7.5827e+05,-3.7069e+06,-1.9423e+06,-1.9208e+06,4.5645e+05,4.0003e+06,4.1052e+06,6.8429e+05,-1.2659e+06,4.4475e+05
332,5,44800,1.034e+06,6.0262e+05,-7.8579e+05,-4.4928e+05,7.209e+05,7.3904e+05,6.903e+05,1.0194e+06,1.1895e+06,6.3411e+05,-1.2838e+05,-2.7763e+05,8.4838e+05,1.1402e+06,1.6253e+06
333,5,-8.7602e+05,2.1956e+06,2.7646e+06,4.9148e+06,3.1451e+06,3.4587e+05,2.475e+05,-2.7274e+06,4.9979e+05,6.3186e+05,1.0604e+05,-4.8889e+05,-2.9613e+05,9.9128e+05,-1.0602e+06,5.9276e+05
334,5,1.2022e+05,1.1086e+06,1.2608e+05,1.2722e+06,1.2721e+06,1.1033e+05,1.421e+06,-3.593e+06,9.0241e+05,1.2963e+06,3.7293e+05,-4.4286e+05,6.0282e+05,8.321e+05,6.1269e+05,1.9645e+05
335,5,-1.7513e+06,5.1267e+05,4.6461e+05,-1.4077e+06,-1.6044e+06,-5.0601e+05,-1.1614e+06,-2.147e+06,-2.273e+06,-2.0094e+06,-7.6312e+05,3.9216e+06,3.5872e+06,-1.2312e+05,-1.5819e+06,-6.3287e+05
336,5,-2.926e+06,4.4646e+06,4.3801e+06,1.1224e+06,5.3323e+05,3.9642e+05,1.1829e+06,-9.632e+05,1.0726e+06,1.2731e+06,1.0637e+06,9.001e+05,5.4906e+05,1.2152e+06,8.3546e+05,90514
337,5,-4.7527e+05,2.1895e+06,2.3862e+06,4.5679e+06,4.1952e+06,1.0056e+06,1.2022e+06,-6.1798e+06,-1.7678e+06,-1.7349e+06,-1.1868e+06,2.9516e+06,2.4921e+06,-3.3467e+05,-1.3327e+06,2.5557e+05
338,5,1.8081e+06,-5.0822e+06,-4.7872e+06,-5.5966e+06,-4.3514e+06,6.4064e+05,1.4926e+06,-1.9479e+06,-3.3943e+06,-3.6564e+06,-4.0119e+06,3.4149e+06,3.0866e+06,-2.6847e+06,3.9484e+06,-9.3147e+05
339,5,-1.3932e+05,-8.2726e+05,-1.2197e+06,-4.7167e+05,-4.389e+05,2.0714e+06,1.7109e+06,1.4551e+06,-9.2001e+05,-6.5689e+05,-5.1192e+05,1.5061e+06,1.8288e+06,2.4254e+05,-8.218e+05,5.1632e+05
340,5,2.3581e+06,-9.0757e+06,-1.0773e+07,-8.1282e+06,-7.4693e+06,-4.2627e+06,-3.9998e+06,-4.7036e+06,-2.5021e+06,-2.2349e+06,-1.0184e+06,8.1902e+06,6.8326e+06,-5.177e+05,6.2894e+06,2.8682e+06
341,5,1.1172e+06,-2.475e+06,-5.4858e+06,-1.136e+07,-8.8674e+06,-5.2203e+05,2.0342e+06,2.9479e+06,-1.4327e+06,1.454e+06,-2.1384e+06,8.34e+06,6.8711e+06,-1.0845e+06,2.8042e+05,9.7222e+05
342,5,-4.6981e+06,2.4474e+05,4.0269e+05,-7.1953e+06,-7.0587e+06,-3.9006e+06,-4.0306e+06,4.1526e+06,3.2564e+06,2.8062e+06,1.3363e+05,2.3967e+06,-38144,1.2625e+06,-3.654e+06,-2.7112e+05
343,5,-3.7814e+06,2.0951e+06,2.2408e+06,-9.2787e+05,-2.3626e+06,-1.9264e+05,1.3632e+05,5.0383e+06,3.6166e+06,2.5828e+06,1.4211e+06,-5.3709e+05,-1.9633e+06,1.9671e+06,-3.1269e+06,-85984
344,5,1.919e+06,-5.9187e+05,4.0755e+05,-1.0747e+06,-1.7244e+06,-2.4755e+05,1.1855e+06,2.8017e+06,2.3501e+06,3.2952e+06,6.1491e+05,-3.0833e+06,-3.5164e+06,1.6758e+06,1.1983e+06,7.544e+05
345,5,-2.3593e+06,4.6141e+06,4.4298e+06,9.4208e+05,1.5688e+06,1.2314e+06,1.2739e+06,-3.1775e+06,-1.3804e+06,-6.9734e+05,-2.0511e+06,3.3014e+06,3.7949e+06,-1.0281e+06,-3.7171e+05,-3.0048e+05
346,5,-3.0884e+06,1.1493e+07,6.4717e+06,6.6355e+05,-1.79e+06,5.1456e+06,6.23e+06,-2.3757e+06,-2.1668e+06,-1.6916e+06,-2.7976e+06,3.0597e+06,1.1346e+06,-4.8005e+06,-5.2634e+05,2.6033e+06
347,5,33792,-9.641e+05,-2.0255e+06,-5.2403e+06,-3.8529e+06,-5.3184e+05,1.2557e+05,-2.1189e+06,-1.8821e+06,-6.2118e+05,-3.0273e+06,4.203e+06,3.5981e+06,-1.4257e+06,-5.8611e+05,3.1739e+05
348,5,-1.409e+06,1.7469e+06,5.0483e+05,1.5759e+06,-9.1597e+05,-1.1366e+05,-2.3885e+05,-5.4129e+06,-3.2988e+06,-1.7208e+06,-2.9727e+06,1.5309e+06,-1.2022e+06,-3.1923e+06,2.1353e+06,2.4711e+06
349,5,-3.1433e+06,1.3969e+06,2.7938e+05,1.7413e+06,2.3385e+05,-5.7853e+05,-1.1684e+06,-6.4659e+06,-1.173e+05,1.0633e+06,-8.2259e+05,-1.4565e+06,-4.1207e+05,-8.8755e+05,-2.1416e+05,1.0304e+06
